Title,Release Date,Team,Rating,Times Listed,Number of Reviews,Genres,Plays,Playing,Backlogs,Wishlist
Elden Ring,2022-02-25,Bandai Namco Entertainment,4.5,3900,3900,Adventure,17000,3800,4600,4800
Elden Ring,2022-02-25, FromSoftware,4.5,3900,3900,Adventure,17000,3800,4600,4800
Elden Ring,2022-02-25,Bandai Namco Entertainment,4.5,3900,3900, RPG,17000,3800,4600,4800
Elden Ring,2022-02-25, FromSoftware,4.5,3900,3900, RPG,17000,3800,4600,4800
Hades,2019-12-10,Supergiant Games,4.3,2900,2900,Adventure,21000,3200,6300,3600
Hades,2019-12-10,Supergiant Games,4.3,2900,2900, Brawler,21000,3200,6300,3600
Hades,2019-12-10,Supergiant Games,4.3,2900,2900, Indie,21000,3200,6300,3600
Hades,2019-12-10,Supergiant Games,4.3,2900,2900, RPG,21000,3200,6300,3600
The Legend of Zelda: Breath of the Wild,2017-03-03,Nintendo,4.4,4300,4300,Adventure,30000,2500,5000,2600
The Legend of Zelda: Breath of the Wild,2017-03-03, Nintendo EPD Production Group No. 3,4.4,4300,4300,Adventure,30000,2500,5000,2600
The Legend of Zelda: Breath of the Wild,2017-03-03,Nintendo,4.4,4300,4300, RPG,30000,2500,5000,2600
The Legend of Zelda: Breath of the Wild,2017-03-03, Nintendo EPD Production Group No. 3,4.4,4300,4300, RPG,30000,2500,5000,2600
Undertale,2015-09-15,tobyfox,4.2,3500,3500,Adventure,28000,679000,4900,1800
Undertale,2015-09-15, 8-4,4.2,3500,3500,Adventure,28000,679000,4900,1800
Undertale,2015-09-15,tobyfox,4.2,3500,3500, Indie,28000,679000,4900,1800
Undertale,2015-09-15, 8-4,4.2,3500,3500, Indie,28000,679000,4900,1800
Undertale,2015-09-15,tobyfox,4.2,3500,3500, RPG,28000,679000,4900,1800
Undertale,2015-09-15, 8-4,4.2,3500,3500, RPG,28000,679000,4900,1800
Undertale,2015-09-15,tobyfox,4.2,3500,3500, Turn Based Strategy,28000,679000,4900,1800
Undertale,2015-09-15, 8-4,4.2,3500,3500, Turn Based Strategy,28000,679000,4900,1800
Hollow Knight,2017-02-24,Team Cherry,4.4,3000,3000,Adventure,21000,2400,8300,2300
Hollow Knight,2017-02-24,Team Cherry,4.4,3000,3000, Indie,21000,2400,8300,2300
Hollow Knight,2017-02-24,Team Cherry,4.4,3000,3000, Platform,21000,2400,8300,2300
Minecraft,2011-11-18,Mojang Studios,4.3,2300,2300,Adventure,33000,1800,1100,230000
Minecraft,2011-11-18,Mojang Studios,4.3,2300,2300, Simulator,33000,1800,1100,230000
Omori,2020-12-25,OMOCAT,4.2,1600,1600,Adventure,7200,1100,4500,3800
Omori,2020-12-25, PLAYISM,4.2,1600,1600,Adventure,7200,1100,4500,3800
Omori,2020-12-25,OMOCAT,4.2,1600,1600, Indie,7200,1100,4500,3800
Omori,2020-12-25, PLAYISM,4.2,1600,1600, Indie,7200,1100,4500,3800
Omori,2020-12-25,OMOCAT,4.2,1600,1600, RPG,7200,1100,4500,3800
Omori,2020-12-25, PLAYISM,4.2,1600,1600, RPG,7200,1100,4500,3800
Omori,2020-12-25,OMOCAT,4.2,1600,1600, Turn Based Strategy,7200,1100,4500,3800
Omori,2020-12-25, PLAYISM,4.2,1600,1600, Turn Based Strategy,7200,1100,4500,3800
Metroid Dread,2021-10-07,Nintendo,4.3,2100,2100,Adventure,9200,759000,3400,3300
Metroid Dread,2021-10-07, MercurySteam,4.3,2100,2100,Adventure,9200,759000,3400,3300
Metroid Dread,2021-10-07,Nintendo,4.3,2100,2100, Platform,9200,759000,3400,3300
Metroid Dread,2021-10-07, MercurySteam,4.3,2100,2100, Platform,9200,759000,3400,3300
Among Us,2018-06-15,InnerSloth,3.0,867000,867000,Indie,25000,470000,776000,126000
Among Us,2018-06-15,InnerSloth,3.0,867000,867000, Strategy,25000,470000,776000,126000
NieR: Automata,2017-02-23,PlatinumGames,4.3,2900,2900,Brawler,18000,1100,6200,3600
NieR: Automata,2017-02-23, Square Enix,4.3,2900,2900,Brawler,18000,1100,6200,3600
NieR: Automata,2017-02-23,PlatinumGames,4.3,2900,2900, RPG,18000,1100,6200,3600
NieR: Automata,2017-02-23, Square Enix,4.3,2900,2900, RPG,18000,1100,6200,3600
Persona 5 Royal,2019-10-31,Atlus USA,4.4,2700,2700,Adventure,12000,2300,5100,3000
Persona 5 Royal,2019-10-31, Atlus,4.4,2700,2700,Adventure,12000,2300,5100,3000
Persona 5 Royal,2019-10-31,Atlus USA,4.4,2700,2700, RPG,12000,2300,5100,3000
Persona 5 Royal,2019-10-31, Atlus,4.4,2700,2700, RPG,12000,2300,5100,3000
Persona 5 Royal,2019-10-31,Atlus USA,4.4,2700,2700, Turn Based Strategy,12000,2300,5100,3000
Persona 5 Royal,2019-10-31, Atlus,4.4,2700,2700, Turn Based Strategy,12000,2300,5100,3000
Stray,2022-07-19,BlueTwelve Studio,3.7,1500,1500,Adventure,7700,801000,2500,3400
Stray,2022-07-19, Annapurna Interactive,3.7,1500,1500,Adventure,7700,801000,2500,3400
Stray,2022-07-19,BlueTwelve Studio,3.7,1500,1500, Indie,7700,801000,2500,3400
Stray,2022-07-19, Annapurna Interactive,3.7,1500,1500, Indie,7700,801000,2500,3400
God of War,2018-04-20,Sony Interactive Entertainment,4.2,2900,2900,Adventure,21000,1100,4800,2600
God of War,2018-04-20, SIE Santa Monica Studio,4.2,2900,2900,Adventure,21000,1100,4800,2600
God of War,2018-04-20,Sony Interactive Entertainment,4.2,2900,2900, Brawler,21000,1100,4800,2600
God of War,2018-04-20, SIE Santa Monica Studio,4.2,2900,2900, Brawler,21000,1100,4800,2600
God of War,2018-04-20,Sony Interactive Entertainment,4.2,2900,2900, RPG,21000,1100,4800,2600
God of War,2018-04-20, SIE Santa Monica Studio,4.2,2900,2900, RPG,21000,1100,4800,2600
Portal 2,2011-04-18,Valve,4.4,2900,2900,Adventure,29000,471000,3900,1200
Portal 2,2011-04-18, Electronic Arts,4.4,2900,2900,Adventure,29000,471000,3900,1200
Portal 2,2011-04-18,Valve,4.4,2900,2900, Platform,29000,471000,3900,1200
Portal 2,2011-04-18, Electronic Arts,4.4,2900,2900, Platform,29000,471000,3900,1200
Portal 2,2011-04-18,Valve,4.4,2900,2900, Puzzle,29000,471000,3900,1200
Portal 2,2011-04-18, Electronic Arts,4.4,2900,2900, Puzzle,29000,471000,3900,1200
Portal 2,2011-04-18,Valve,4.4,2900,2900, Shooter,29000,471000,3900,1200
Portal 2,2011-04-18, Electronic Arts,4.4,2900,2900, Shooter,29000,471000,3900,1200
Bloodborne,2015-03-24,FromSoftware,4.5,3400,3400,Adventure,17000,1100,5600,3300
Bloodborne,2015-03-24, Sony Computer Entertainment,4.5,3400,3400,Adventure,17000,1100,5600,3300
Bloodborne,2015-03-24,FromSoftware,4.5,3400,3400, RPG,17000,1100,5600,3300
Bloodborne,2015-03-24, Sony Computer Entertainment,4.5,3400,3400, RPG,17000,1100,5600,3300
Celeste,2018-01-25,Extremely OK Games,4.2,2800,2800,Adventure,20000,1200,5900,2000
Celeste,2018-01-25, Maddy Makes Games,4.2,2800,2800,Adventure,20000,1200,5900,2000
Celeste,2018-01-25,Extremely OK Games,4.2,2800,2800, Indie,20000,1200,5900,2000
Celeste,2018-01-25, Maddy Makes Games,4.2,2800,2800, Indie,20000,1200,5900,2000
Celeste,2018-01-25,Extremely OK Games,4.2,2800,2800, Platform,20000,1200,5900,2000
Celeste,2018-01-25, Maddy Makes Games,4.2,2800,2800, Platform,20000,1200,5900,2000
Yakuza 0,2015-03-12,Ryū Ga Gotoku Studios,4.4,2700,2700,Adventure,15000,1800,6400,2000
Yakuza 0,2015-03-12, Sega,4.4,2700,2700,Adventure,15000,1800,6400,2000
Yakuza 0,2015-03-12,Ryū Ga Gotoku Studios,4.4,2700,2700, Brawler,15000,1800,6400,2000
Yakuza 0,2015-03-12, Sega,4.4,2700,2700, Brawler,15000,1800,6400,2000
Yakuza 0,2015-03-12,Ryū Ga Gotoku Studios,4.4,2700,2700, RPG,15000,1800,6400,2000
Yakuza 0,2015-03-12, Sega,4.4,2700,2700, RPG,15000,1800,6400,2000
Yakuza 0,2015-03-12,Ryū Ga Gotoku Studios,4.4,2700,2700, Simulator,15000,1800,6400,2000
Yakuza 0,2015-03-12, Sega,4.4,2700,2700, Simulator,15000,1800,6400,2000
Red Dead Redemption 2,2018-10-26,Take-Two Interactive,4.4,2900,2900,Adventure,19000,1700,5500,2900
Red Dead Redemption 2,2018-10-26, Rockstar Games,4.4,2900,2900,Adventure,19000,1700,5500,2900
Red Dead Redemption 2,2018-10-26,Take-Two Interactive,4.4,2900,2900, RPG,19000,1700,5500,2900
Red Dead Redemption 2,2018-10-26, Rockstar Games,4.4,2900,2900, RPG,19000,1700,5500,2900
Red Dead Redemption 2,2018-10-26,Take-Two Interactive,4.4,2900,2900, Shooter,19000,1700,5500,2900
Red Dead Redemption 2,2018-10-26, Rockstar Games,4.4,2900,2900, Shooter,19000,1700,5500,2900
Portal,2007-10-10,Valve,4.1,2000,2000,Platform,28000,244000,2700,1100
Portal,2007-10-10, Electronic Arts,4.1,2000,2000,Platform,28000,244000,2700,1100
Portal,2007-10-10,Valve,4.1,2000,2000, Puzzle,28000,244000,2700,1100
Portal,2007-10-10, Electronic Arts,4.1,2000,2000, Puzzle,28000,244000,2700,1100
Portal,2007-10-10,Valve,4.1,2000,2000, Shooter,28000,244000,2700,1100
Portal,2007-10-10, Electronic Arts,4.1,2000,2000, Shooter,28000,244000,2700,1100
Super Mario Odyssey,2017-10-27,Nintendo,4.2,2900,2900,Adventure,25000,710000,2900,2000
Super Mario Odyssey,2017-10-27,Nintendo,4.2,2900,2900, Platform,25000,710000,2900,2000
Pokémon Legends: Arceus,2022-01-28,Nintendo,3.7,1600,1600,Adventure,9100,1600,2500,2100
Pokémon Legends: Arceus,2022-01-28, Game Freak,3.7,1600,1600,Adventure,9100,1600,2500,2100
Pokémon Legends: Arceus,2022-01-28,Nintendo,3.7,1600,1600, RPG,9100,1600,2500,2100
Pokémon Legends: Arceus,2022-01-28, Game Freak,3.7,1600,1600, RPG,9100,1600,2500,2100
Pokémon Legends: Arceus,2022-01-28,Nintendo,3.7,1600,1600, Turn Based Strategy,9100,1600,2500,2100
Pokémon Legends: Arceus,2022-01-28, Game Freak,3.7,1600,1600, Turn Based Strategy,9100,1600,2500,2100
Hi-Fi Rush,2023-01-25,Tango Gameworks,4.3,926000,926000,Adventure,3000,866000,1500,2000
Hi-Fi Rush,2023-01-25, Bethesda Softworks,4.3,926000,926000,Adventure,3000,866000,1500,2000
Hi-Fi Rush,2023-01-25,Tango Gameworks,4.3,926000,926000, Brawler,3000,866000,1500,2000
Hi-Fi Rush,2023-01-25, Bethesda Softworks,4.3,926000,926000, Brawler,3000,866000,1500,2000
Hi-Fi Rush,2023-01-25,Tango Gameworks,4.3,926000,926000, Music,3000,866000,1500,2000
Hi-Fi Rush,2023-01-25, Bethesda Softworks,4.3,926000,926000, Music,3000,866000,1500,2000
Hi-Fi Rush,2023-01-25,Tango Gameworks,4.3,926000,926000, Platform,3000,866000,1500,2000
Hi-Fi Rush,2023-01-25, Bethesda Softworks,4.3,926000,926000, Platform,3000,866000,1500,2000
Metal Gear Rising: Revengeance,2013-02-19,Konami,4.1,2100,2100,Adventure,14000,492000,4200,2000
Metal Gear Rising: Revengeance,2013-02-19, PlatinumGames,4.1,2100,2100,Adventure,14000,492000,4200,2000
Metal Gear Rising: Revengeance,2013-02-19,Konami,4.1,2100,2100, Brawler,14000,492000,4200,2000
Metal Gear Rising: Revengeance,2013-02-19, PlatinumGames,4.1,2100,2100, Brawler,14000,492000,4200,2000
Metal Gear Rising: Revengeance,2013-02-19,Konami,4.1,2100,2100, Shooter,14000,492000,4200,2000
Metal Gear Rising: Revengeance,2013-02-19, PlatinumGames,4.1,2100,2100, Shooter,14000,492000,4200,2000
Metal Gear Rising: Revengeance,2013-02-19,Konami,4.1,2100,2100, Strategy,14000,492000,4200,2000
Metal Gear Rising: Revengeance,2013-02-19, PlatinumGames,4.1,2100,2100, Strategy,14000,492000,4200,2000
Grand Theft Auto V,2013-09-17,Rockstar North,3.8,2100,2100,Adventure,30000,829000,3200,664000
Grand Theft Auto V,2013-09-17, Rockstar Games,3.8,2100,2100,Adventure,30000,829000,3200,664000
Grand Theft Auto V,2013-09-17,Rockstar North,3.8,2100,2100, Shooter,30000,829000,3200,664000
Grand Theft Auto V,2013-09-17, Rockstar Games,3.8,2100,2100, Shooter,30000,829000,3200,664000
Cyberpunk 2077,2020-12-09,CD Projekt RED,3.3,1500,1500,Adventure,13000,1500,4700,2900
Cyberpunk 2077,2020-12-09,CD Projekt RED,3.3,1500,1500, RPG,13000,1500,4700,2900
Cyberpunk 2077,2020-12-09,CD Projekt RED,3.3,1500,1500, Shooter,13000,1500,4700,2900
God of War Ragnarök,2022-11-09,Sony Interactive Entertainment,4.4,1700,1700,Adventure,5300,801000,2000,3300
God of War Ragnarök,2022-11-09, SIE Santa Monica Studio,4.4,1700,1700,Adventure,5300,801000,2000,3300
God of War Ragnarök,2022-11-09,Sony Interactive Entertainment,4.4,1700,1700, Brawler,5300,801000,2000,3300
God of War Ragnarök,2022-11-09, SIE Santa Monica Studio,4.4,1700,1700, Brawler,5300,801000,2000,3300
Xenoblade Chronicles 3,2022-07-29,Monolith Soft,4.4,1400,1400,Adventure,3900,795000,2100,2200
Xenoblade Chronicles 3,2022-07-29, Nintendo,4.4,1400,1400,Adventure,3900,795000,2100,2200
Xenoblade Chronicles 3,2022-07-29,Monolith Soft,4.4,1400,1400, RPG,3900,795000,2100,2200
Xenoblade Chronicles 3,2022-07-29, Nintendo,4.4,1400,1400, RPG,3900,795000,2100,2200
Kirby and the Forgotten Land,2022-03-25,HAL Laboratory,4.2,1600,1600,Adventure,5900,955000,2500,3100
Kirby and the Forgotten Land,2022-03-25, Nintendo,4.2,1600,1600,Adventure,5900,955000,2500,3100
Kirby and the Forgotten Land,2022-03-25,HAL Laboratory,4.2,1600,1600, Platform,5900,955000,2500,3100
Kirby and the Forgotten Land,2022-03-25, Nintendo,4.2,1600,1600, Platform,5900,955000,2500,3100
Disco Elysium: The Final Cut,2020-05-01,ZA/UM,4.6,1100,1100,Adventure,6000,1200,5000,2700
Disco Elysium: The Final Cut,2020-05-01,ZA/UM,4.6,1100,1100, Indie,6000,1200,5000,2700
Disco Elysium: The Final Cut,2020-05-01,ZA/UM,4.6,1100,1100, RPG,6000,1200,5000,2700
Marvel's Spider-Man,2018-09-07,Insomniac Games,4.1,2500,2500,Adventure,21000,577000,2900,2200
Marvel's Spider-Man,2018-09-07, Sony Interactive Entertainment,4.1,2500,2500,Adventure,21000,577000,2900,2200
Marvel's Spider-Man,2018-09-07,Insomniac Games,4.1,2500,2500, Brawler,21000,577000,2900,2200
Marvel's Spider-Man,2018-09-07, Sony Interactive Entertainment,4.1,2500,2500, Brawler,21000,577000,2900,2200
Dark Souls III,2016-03-24,Bandai Namco Entertainment,4.2,2400,2400,Adventure,19000,851000,4300,2200
Dark Souls III,2016-03-24, FromSoftware,4.2,2400,2400,Adventure,19000,851000,4300,2200
Dark Souls III,2016-03-24,Bandai Namco Entertainment,4.2,2400,2400, RPG,19000,851000,4300,2200
Dark Souls III,2016-03-24, FromSoftware,4.2,2400,2400, RPG,19000,851000,4300,2200
NieR Replicant ver.1.22474487139...,2021-04-22,Toylogic,4.2,1500,1500,Adventure,6700,880000,4100,3700
NieR Replicant ver.1.22474487139...,2021-04-22, Square Enix,4.2,1500,1500,Adventure,6700,880000,4100,3700
NieR Replicant ver.1.22474487139...,2021-04-22,Toylogic,4.2,1500,1500, RPG,6700,880000,4100,3700
NieR Replicant ver.1.22474487139...,2021-04-22, Square Enix,4.2,1500,1500, RPG,6700,880000,4100,3700
Super Mario 64,1996-06-23,Nintendo,4.1,2600,2600,Adventure,21000,463000,2500,775000
Super Mario 64,1996-06-23, Nintendo EAD,4.1,2600,2600,Adventure,21000,463000,2500,775000
Super Mario 64,1996-06-23,Nintendo,4.1,2600,2600, Platform,21000,463000,2500,775000
Super Mario 64,1996-06-23, Nintendo EAD,4.1,2600,2600, Platform,21000,463000,2500,775000
Super Smash Bros. Ultimate,2018-12-07,Sora,4.1,2500,2500,Fighting,25000,1200,1100,801000
Super Smash Bros. Ultimate,2018-12-07, Nintendo,4.1,2500,2500,Fighting,25000,1200,1100,801000
Super Smash Bros. Ultimate,2018-12-07,Sora,4.1,2500,2500, Platform,25000,1200,1100,801000
Super Smash Bros. Ultimate,2018-12-07, Nintendo,4.1,2500,2500, Platform,25000,1200,1100,801000
Cuphead,2017-09-29,Studio MDHR,4.1,1900,1900,Arcade,18000,1200,4500,2600
Cuphead,2017-09-29,Studio MDHR,4.1,1900,1900, Indie,18000,1200,4500,2600
Cuphead,2017-09-29,Studio MDHR,4.1,1900,1900, Platform,18000,1200,4500,2600
Cuphead,2017-09-29,Studio MDHR,4.1,1900,1900, Shooter,18000,1200,4500,2600
Sekiro: Shadows Die Twice,2019-03-22,FromSoftware,4.4,2300,2300,Adventure,14000,919000,4800,3400
Sekiro: Shadows Die Twice,2019-03-22, Activision,4.4,2300,2300,Adventure,14000,919000,4800,3400
Sekiro: Shadows Die Twice,2019-03-22,FromSoftware,4.4,2300,2300, Brawler,14000,919000,4800,3400
Sekiro: Shadows Die Twice,2019-03-22, Activision,4.4,2300,2300, Brawler,14000,919000,4800,3400
Final Fantasy VII,1997-01-31,Square,4.2,2900,2900,Adventure,15000,1100,5000,1500
Final Fantasy VII,1997-01-31, Eidos Interactive,4.2,2900,2900,Adventure,15000,1100,5000,1500
Final Fantasy VII,1997-01-31,Square,4.2,2900,2900, RPG,15000,1100,5000,1500
Final Fantasy VII,1997-01-31, Eidos Interactive,4.2,2900,2900, RPG,15000,1100,5000,1500
Final Fantasy VII,1997-01-31,Square,4.2,2900,2900, Turn Based Strategy,15000,1100,5000,1500
Final Fantasy VII,1997-01-31, Eidos Interactive,4.2,2900,2900, Turn Based Strategy,15000,1100,5000,1500
Persona 4 Golden,2012-06-15,NIS America,4.2,1900,1900,Adventure,13000,1500,5200,2200
Persona 4 Golden,2012-06-15, Atlus,4.2,1900,1900,Adventure,13000,1500,5200,2200
Persona 4 Golden,2012-06-15,NIS America,4.2,1900,1900, RPG,13000,1500,5200,2200
Persona 4 Golden,2012-06-15, Atlus,4.2,1900,1900, RPG,13000,1500,5200,2200
Persona 4 Golden,2012-06-15,NIS America,4.2,1900,1900, Simulator,13000,1500,5200,2200
Persona 4 Golden,2012-06-15, Atlus,4.2,1900,1900, Simulator,13000,1500,5200,2200
Persona 4 Golden,2012-06-15,NIS America,4.2,1900,1900, Visual Novel,13000,1500,5200,2200
Persona 4 Golden,2012-06-15, Atlus,4.2,1900,1900, Visual Novel,13000,1500,5200,2200
Genshin Impact,2020-09-28,miHoYo,2.6,653000,653000,Adventure,14000,2700,1300,280000
Genshin Impact,2020-09-28, HoYoverse,2.6,653000,653000,Adventure,14000,2700,1300,280000
Genshin Impact,2020-09-28,miHoYo,2.6,653000,653000, RPG,14000,2700,1300,280000
Genshin Impact,2020-09-28, HoYoverse,2.6,653000,653000, RPG,14000,2700,1300,280000
Signalis,2022-10-27,rose-engine,4.2,820000,820000,Adventure,2200,419000,1900,2200
Signalis,2022-10-27, Humble Games,4.2,820000,820000,Adventure,2200,419000,1900,2200
Signalis,2022-10-27,rose-engine,4.2,820000,820000, Indie,2200,419000,1900,2200
Signalis,2022-10-27, Humble Games,4.2,820000,820000, Indie,2200,419000,1900,2200
Resident Evil Village,2021-05-06,Capcom,3.9,1800,1800,Adventure,9900,333000,2800,2800
Resident Evil Village,2021-05-06,Capcom,3.9,1800,1800, Shooter,9900,333000,2800,2800
Super Mario Galaxy,2007-11-01,Nintendo EAD,4.3,2700,2700,Adventure,21000,468000,3100,1200
Super Mario Galaxy,2007-11-01, Nintendo,4.3,2700,2700,Adventure,21000,468000,3100,1200
Super Mario Galaxy,2007-11-01,Nintendo EAD,4.3,2700,2700, Platform,21000,468000,3100,1200
Super Mario Galaxy,2007-11-01, Nintendo,4.3,2700,2700, Platform,21000,468000,3100,1200
Fallout: New Vegas,2010-10-19,Obsidian Entertainment,4.3,2000,2000,RPG,16000,756000,5000,1400
Fallout: New Vegas,2010-10-19, Bandai Namco Entertainment,4.3,2000,2000,RPG,16000,756000,5000,1400
Fallout: New Vegas,2010-10-19,Obsidian Entertainment,4.3,2000,2000, Shooter,16000,756000,5000,1400
Fallout: New Vegas,2010-10-19, Bandai Namco Entertainment,4.3,2000,2000, Shooter,16000,756000,5000,1400
Outer Wilds,2019-05-28,Mobius Digital,4.6,1800,1800,Adventure,7700,661000,4800,3100
Outer Wilds,2019-05-28, Annapurna Interactive,4.6,1800,1800,Adventure,7700,661000,4800,3100
Outer Wilds,2019-05-28,Mobius Digital,4.6,1800,1800, Indie,7700,661000,4800,3100
Outer Wilds,2019-05-28, Annapurna Interactive,4.6,1800,1800, Indie,7700,661000,4800,3100
Outer Wilds,2019-05-28,Mobius Digital,4.6,1800,1800, Puzzle,7700,661000,4800,3100
Outer Wilds,2019-05-28, Annapurna Interactive,4.6,1800,1800, Puzzle,7700,661000,4800,3100
Outer Wilds,2019-05-28,Mobius Digital,4.6,1800,1800, Simulator,7700,661000,4800,3100
Outer Wilds,2019-05-28, Annapurna Interactive,4.6,1800,1800, Simulator,7700,661000,4800,3100
Resident Evil 2,2019-01-25,Capcom,4.3,2500,2500,Adventure,15000,585000,3600,1900
Resident Evil 2,2019-01-25, Capcom Development Division 1,4.3,2500,2500,Adventure,15000,585000,3600,1900
Resident Evil 2,2019-01-25,Capcom,4.3,2500,2500, Shooter,15000,585000,3600,1900
Resident Evil 2,2019-01-25, Capcom Development Division 1,4.3,2500,2500, Shooter,15000,585000,3600,1900
Doom,2016-05-12,id Software,4.0,1800,1800,Shooter,18000,541000,4000,1400
Doom,2016-05-12, Bethesda Softworks,4.0,1800,1800,Shooter,18000,541000,4000,1400
Shin Megami Tensei V,2021-11-12,Atlus,3.8,1100,1100,Adventure,4100,1000,3400,2600
Shin Megami Tensei V,2021-11-12, Sega,3.8,1100,1100,Adventure,4100,1000,3400,2600
Shin Megami Tensei V,2021-11-12,Atlus,3.8,1100,1100, RPG,4100,1000,3400,2600
Shin Megami Tensei V,2021-11-12, Sega,3.8,1100,1100, RPG,4100,1000,3400,2600
Shin Megami Tensei V,2021-11-12,Atlus,3.8,1100,1100, Turn Based Strategy,4100,1000,3400,2600
Shin Megami Tensei V,2021-11-12, Sega,3.8,1100,1100, Turn Based Strategy,4100,1000,3400,2600
Bayonetta,2009-10-29,Nex Entertainment,3.9,1700,1700,Brawler,13000,614000,5000,2300
Bayonetta,2009-10-29, Sega,3.9,1700,1700,Brawler,13000,614000,5000,2300
Bayonetta,2009-10-29,Nex Entertainment,3.9,1700,1700, Shooter,13000,614000,5000,2300
Bayonetta,2009-10-29, Sega,3.9,1700,1700, Shooter,13000,614000,5000,2300
Stardew Valley,2016-02-26,ConcernedApe,4.1,1700,1700,Indie,20000,2000,3600,1100
Stardew Valley,2016-02-26, Chucklefish Games,4.1,1700,1700,Indie,20000,2000,3600,1100
Stardew Valley,2016-02-26,ConcernedApe,4.1,1700,1700, RPG,20000,2000,3600,1100
Stardew Valley,2016-02-26, Chucklefish Games,4.1,1700,1700, RPG,20000,2000,3600,1100
Stardew Valley,2016-02-26,ConcernedApe,4.1,1700,1700, Simulator,20000,2000,3600,1100
Stardew Valley,2016-02-26, Chucklefish Games,4.1,1700,1700, Simulator,20000,2000,3600,1100
Stardew Valley,2016-02-26,ConcernedApe,4.1,1700,1700, Strategy,20000,2000,3600,1100
Stardew Valley,2016-02-26, Chucklefish Games,4.1,1700,1700, Strategy,20000,2000,3600,1100
The Last of Us Part II,2020-06-19,Naughty Dog,4.1,2500,2500,Adventure,13000,472000,2800,2500
The Last of Us Part II,2020-06-19, Sony Interactive Entertainment,4.1,2500,2500,Adventure,13000,472000,2800,2500
The Last of Us Part II,2020-06-19,Naughty Dog,4.1,2500,2500, Shooter,13000,472000,2800,2500
The Last of Us Part II,2020-06-19, Sony Interactive Entertainment,4.1,2500,2500, Shooter,13000,472000,2800,2500
Silent Hill 2,2001-09-24,Team Silent,4.5,2200,2200,Adventure,8600,282000,2900,2100
Silent Hill 2,2001-09-24, Konami,4.5,2200,2200,Adventure,8600,282000,2900,2100
Silent Hill 2,2001-09-24,Team Silent,4.5,2200,2200, Puzzle,8600,282000,2900,2100
Silent Hill 2,2001-09-24, Konami,4.5,2200,2200, Puzzle,8600,282000,2900,2100
The Witcher 3: Wild Hunt,2015-05-19,WB Games,4.3,2000,2000,Adventure,17000,1200,6100,1600
The Witcher 3: Wild Hunt,2015-05-19, CD Projekt RED,4.3,2000,2000,Adventure,17000,1200,6100,1600
The Witcher 3: Wild Hunt,2015-05-19,WB Games,4.3,2000,2000, RPG,17000,1200,6100,1600
The Witcher 3: Wild Hunt,2015-05-19, CD Projekt RED,4.3,2000,2000, RPG,17000,1200,6100,1600
Persona 5,2016-09-15,Atlus,4.1,1800,1800,Adventure,16000,630000,2800,1700
Persona 5,2016-09-15, Atlus USA,4.1,1800,1800,Adventure,16000,630000,2800,1700
Persona 5,2016-09-15,Atlus,4.1,1800,1800, RPG,16000,630000,2800,1700
Persona 5,2016-09-15, Atlus USA,4.1,1800,1800, RPG,16000,630000,2800,1700
Persona 5,2016-09-15,Atlus,4.1,1800,1800, Turn Based Strategy,16000,630000,2800,1700
Persona 5,2016-09-15, Atlus USA,4.1,1800,1800, Turn Based Strategy,16000,630000,2800,1700
Doom Eternal,2020-03-19,Bethesda Softworks,4.2,1900,1900,Shooter,12000,738000,4600,2400
Doom Eternal,2020-03-19, id Software,4.2,1900,1900,Shooter,12000,738000,4600,2400
The Elder Scrolls V: Skyrim,2011-11-10,Bethesda Game Studios,3.7,1700,1700,Adventure,22000,589000,3000,1000
The Elder Scrolls V: Skyrim,2011-11-10, Bethesda Softworks,3.7,1700,1700,Adventure,22000,589000,3000,1000
The Elder Scrolls V: Skyrim,2011-11-10,Bethesda Game Studios,3.7,1700,1700, RPG,22000,589000,3000,1000
The Elder Scrolls V: Skyrim,2011-11-10, Bethesda Softworks,3.7,1700,1700, RPG,22000,589000,3000,1000
Neon White,2022-06-16,Ben Esposito,4.1,868000,868000,Indie,2900,519000,1800,2300
Neon White,2022-06-16, Annapurna Interactive,4.1,868000,868000,Indie,2900,519000,1800,2300
Neon White,2022-06-16,Ben Esposito,4.1,868000,868000, Platform,2900,519000,1800,2300
Neon White,2022-06-16, Annapurna Interactive,4.1,868000,868000, Platform,2900,519000,1800,2300
Neon White,2022-06-16,Ben Esposito,4.1,868000,868000, Shooter,2900,519000,1800,2300
Neon White,2022-06-16, Annapurna Interactive,4.1,868000,868000, Shooter,2900,519000,1800,2300
Neon White,2022-06-16,Ben Esposito,4.1,868000,868000, Visual Novel,2900,519000,1800,2300
Neon White,2022-06-16, Annapurna Interactive,4.1,868000,868000, Visual Novel,2900,519000,1800,2300
Devil May Cry 5,2019-03-08,Capcom,4.3,1900,1900,Adventure,12000,524000,4100,2400
Devil May Cry 5,2019-03-08, Capcom Development Division 1,4.3,1900,1900,Adventure,12000,524000,4100,2400
Devil May Cry 5,2019-03-08,Capcom,4.3,1900,1900, Brawler,12000,524000,4100,2400
Devil May Cry 5,2019-03-08, Capcom Development Division 1,4.3,1900,1900, Brawler,12000,524000,4100,2400
Overwatch 2,2022-10-04,Blizzard Entertainment,2.7,491000,491000,Shooter,6600,1100,292000,171000
Resident Evil 4,2005-01-11,Capcom,4.3,2300,2300,Shooter,14000,360000,3000,1200
Resident Evil 4,2005-01-11, Capcom Production Studio 4,4.3,2300,2300,Shooter,14000,360000,3000,1200
Final Fantasy VII Remake,2020-04-10,Square Enix,4.1,2000,2000,Adventure,12000,898000,4200,2200
Final Fantasy VII Remake,2020-04-10,Square Enix,4.1,2000,2000, RPG,12000,898000,4200,2200
Sonic Frontiers,2022-11-08,Sega,3.6,974000,974000,Adventure,2900,491000,1300,1800
Sonic Frontiers,2022-11-08, Sonic Team,3.6,974000,974000,Adventure,2900,491000,1300,1800
Sonic Frontiers,2022-11-08,Sega,3.6,974000,974000, Platform,2900,491000,1300,1800
Sonic Frontiers,2022-11-08, Sonic Team,3.6,974000,974000, Platform,2900,491000,1300,1800
Inscryption,2021-10-19,Devolver Digital,4.1,1000,1000,Adventure,5400,557000,2300,2300
Inscryption,2021-10-19, Daniel Mullins Games,4.1,1000,1000,Adventure,5400,557000,2300,2300
Inscryption,2021-10-19,Devolver Digital,4.1,1000,1000, Card & Board Game,5400,557000,2300,2300
Inscryption,2021-10-19, Daniel Mullins Games,4.1,1000,1000, Card & Board Game,5400,557000,2300,2300
Inscryption,2021-10-19,Devolver Digital,4.1,1000,1000, Indie,5400,557000,2300,2300
Inscryption,2021-10-19, Daniel Mullins Games,4.1,1000,1000, Indie,5400,557000,2300,2300
Inscryption,2021-10-19,Devolver Digital,4.1,1000,1000, Puzzle,5400,557000,2300,2300
Inscryption,2021-10-19, Daniel Mullins Games,4.1,1000,1000, Puzzle,5400,557000,2300,2300
Inscryption,2021-10-19,Devolver Digital,4.1,1000,1000, Strategy,5400,557000,2300,2300
Inscryption,2021-10-19, Daniel Mullins Games,4.1,1000,1000, Strategy,5400,557000,2300,2300
Tunic,2022-03-16,Andrew Shouldice,3.9,891000,891000,Adventure,3400,489000,2400,2600
Tunic,2022-03-16, Finji,3.9,891000,891000,Adventure,3400,489000,2400,2600
Tunic,2022-03-16,Andrew Shouldice,3.9,891000,891000, Indie,3400,489000,2400,2600
Tunic,2022-03-16, Finji,3.9,891000,891000, Indie,3400,489000,2400,2600
Tunic,2022-03-16,Andrew Shouldice,3.9,891000,891000, Puzzle,3400,489000,2400,2600
Tunic,2022-03-16, Finji,3.9,891000,891000, Puzzle,3400,489000,2400,2600
Tunic,2022-03-16,Andrew Shouldice,3.9,891000,891000, RPG,3400,489000,2400,2600
Tunic,2022-03-16, Finji,3.9,891000,891000, RPG,3400,489000,2400,2600
Dark Souls,2011-09-22,FromSoftware,4.3,2100,2100,Adventure,14000,447000,2500,1400
Dark Souls,2011-09-22, Bandai Namco Entertainment,4.3,2100,2100,Adventure,14000,447000,2500,1400
Dark Souls,2011-09-22,FromSoftware,4.3,2100,2100, RPG,14000,447000,2500,1400
Dark Souls,2011-09-22, Bandai Namco Entertainment,4.3,2100,2100, RPG,14000,447000,2500,1400
The Legend of Zelda: Ocarina of Time,1998-11-21,Nintendo,4.3,2200,2200,Adventure,17000,433000,3000,1400
The Legend of Zelda: Ocarina of Time,1998-11-21, Nintendo EAD,4.3,2200,2200,Adventure,17000,433000,3000,1400
The Legend of Zelda: Ocarina of Time,1998-11-21,Nintendo,4.3,2200,2200, RPG,17000,433000,3000,1400
The Legend of Zelda: Ocarina of Time,1998-11-21, Nintendo EAD,4.3,2200,2200, RPG,17000,433000,3000,1400
Deltarune: Chapter 2,2021-09-17,8-4,4.3,737000,737000,Adventure,7500,222000,2100,753000
Deltarune: Chapter 2,2021-09-17, tobyfox,4.3,737000,737000,Adventure,7500,222000,2100,753000
Deltarune: Chapter 2,2021-09-17,8-4,4.3,737000,737000, Indie,7500,222000,2100,753000
Deltarune: Chapter 2,2021-09-17, tobyfox,4.3,737000,737000, Indie,7500,222000,2100,753000
Deltarune: Chapter 2,2021-09-17,8-4,4.3,737000,737000, RPG,7500,222000,2100,753000
Deltarune: Chapter 2,2021-09-17, tobyfox,4.3,737000,737000, RPG,7500,222000,2100,753000
Deltarune: Chapter 2,2021-09-17,8-4,4.3,737000,737000, Turn Based Strategy,7500,222000,2100,753000
Deltarune: Chapter 2,2021-09-17, tobyfox,4.3,737000,737000, Turn Based Strategy,7500,222000,2100,753000
Chrono Trigger,1995-03-11,Square,4.5,1900,1900,Adventure,9100,518000,4900,2200
Chrono Trigger,1995-03-11,Square,4.5,1900,1900, RPG,9100,518000,4900,2200
Metal Gear Solid 2: Sons of Liberty,2001-11-13,Konami Computer Entertainment Japan,4.4,1800,1800,Adventure,10000,161000,2600,1400
Metal Gear Solid 2: Sons of Liberty,2001-11-13, Konami,4.4,1800,1800,Adventure,10000,161000,2600,1400
Super Mario World,1990-11-21,Nintendo,4.2,2100,2100,Adventure,18000,218000,1700,460000
Super Mario World,1990-11-21, Nintendo EAD,4.2,2100,2100,Adventure,18000,218000,1700,460000
Super Mario World,1990-11-21,Nintendo,4.2,2100,2100, Platform,18000,218000,1700,460000
Super Mario World,1990-11-21, Nintendo EAD,4.2,2100,2100, Platform,18000,218000,1700,460000
Death Stranding,2019-11-08,Sony Interactive Entertainment,3.9,1600,1600,Adventure,9400,934000,4800,2400
Death Stranding,2019-11-08, Kojima Productions,3.9,1600,1600,Adventure,9400,934000,4800,2400
Death Stranding,2019-11-08,Sony Interactive Entertainment,3.9,1600,1600, RPG,9400,934000,4800,2400
Death Stranding,2019-11-08, Kojima Productions,3.9,1600,1600, RPG,9400,934000,4800,2400
Death Stranding,2019-11-08,Sony Interactive Entertainment,3.9,1600,1600, Shooter,9400,934000,4800,2400
Death Stranding,2019-11-08, Kojima Productions,3.9,1600,1600, Shooter,9400,934000,4800,2400
Marvel's Spider-Man: Miles Morales,2020-11-12,Insomniac Games,3.9,1600,1600,Adventure,9900,372000,2800,2800
Marvel's Spider-Man: Miles Morales,2020-11-12, Sony Interactive Entertainment,3.9,1600,1600,Adventure,9900,372000,2800,2800
Marvel's Spider-Man: Miles Morales,2020-11-12,Insomniac Games,3.9,1600,1600, Brawler,9900,372000,2800,2800
Marvel's Spider-Man: Miles Morales,2020-11-12, Sony Interactive Entertainment,3.9,1600,1600, Brawler,9900,372000,2800,2800
Dark Souls: Remastered,2018-05-23,Bandai Namco Entertainment,4.3,1400,1400,Adventure,11000,786000,2600,1600
Dark Souls: Remastered,2018-05-23, QLOC,4.3,1400,1400,Adventure,11000,786000,2600,1600
Dark Souls: Remastered,2018-05-23,Bandai Namco Entertainment,4.3,1400,1400, RPG,11000,786000,2600,1600
Dark Souls: Remastered,2018-05-23, QLOC,4.3,1400,1400, RPG,11000,786000,2600,1600
EarthBound,1994-08-27,Nintendo,4.2,1900,1900,Adventure,9000,600000,4800,1800
EarthBound,1994-08-27, Creatures Inc.,4.2,1900,1900,Adventure,9000,600000,4800,1800
EarthBound,1994-08-27,Nintendo,4.2,1900,1900, RPG,9000,600000,4800,1800
EarthBound,1994-08-27, Creatures Inc.,4.2,1900,1900, RPG,9000,600000,4800,1800
EarthBound,1994-08-27,Nintendo,4.2,1900,1900, Turn Based Strategy,9000,600000,4800,1800
EarthBound,1994-08-27, Creatures Inc.,4.2,1900,1900, Turn Based Strategy,9000,600000,4800,1800
Castlevania: Symphony of the Night,1997-03-20,Konami,4.4,1900,1900,Adventure,9100,316000,3400,1700
Castlevania: Symphony of the Night,1997-03-20, Konami Computer Entertainment Tokyo,4.4,1900,1900,Adventure,9100,316000,3400,1700
Castlevania: Symphony of the Night,1997-03-20,Konami,4.4,1900,1900, Platform,9100,316000,3400,1700
Castlevania: Symphony of the Night,1997-03-20, Konami Computer Entertainment Tokyo,4.4,1900,1900, Platform,9100,316000,3400,1700
Castlevania: Symphony of the Night,1997-03-20,Konami,4.4,1900,1900, RPG,9100,316000,3400,1700
Castlevania: Symphony of the Night,1997-03-20, Konami Computer Entertainment Tokyo,4.4,1900,1900, RPG,9100,316000,3400,1700
Super Metroid,1994-03-19,Nintendo R&D1,4.3,2200,2200,Adventure,11000,309000,3000,907000
Super Metroid,1994-03-19, Nintendo,4.3,2200,2200,Adventure,11000,309000,3000,907000
Super Metroid,1994-03-19,Nintendo R&D1,4.3,2200,2200, Platform,11000,309000,3000,907000
Super Metroid,1994-03-19, Nintendo,4.3,2200,2200, Platform,11000,309000,3000,907000
Super Metroid,1994-03-19,Nintendo R&D1,4.3,2200,2200, Shooter,11000,309000,3000,907000
Super Metroid,1994-03-19, Nintendo,4.3,2200,2200, Shooter,11000,309000,3000,907000
Super Mario Bros.,1985-09-13,Nintendo,3.5,1500,1500,Adventure,18000,59000,733000,237000
Super Mario Bros.,1985-09-13, Nintendo R&D4,3.5,1500,1500,Adventure,18000,59000,733000,237000
Super Mario Bros.,1985-09-13,Nintendo,3.5,1500,1500, Platform,18000,59000,733000,237000
Super Mario Bros.,1985-09-13, Nintendo R&D4,3.5,1500,1500, Platform,18000,59000,733000,237000
The Legend of Zelda: Majora's Mask,2000-04-27,Nintendo,4.4,2200,2200,Adventure,13000,347000,3900,1800
The Legend of Zelda: Majora's Mask,2000-04-27, Nintendo EAD,4.4,2200,2200,Adventure,13000,347000,3900,1800
Star Wars Jedi: Fallen Order,2019-11-15,Respawn Entertainment,3.7,1400,1400,Adventure,13000,740000,3700,1300
Star Wars Jedi: Fallen Order,2019-11-15, Electronic Arts,3.7,1400,1400,Adventure,13000,740000,3700,1300
The Last of Us,2013-06-14,Naughty Dog,4.2,2000,2000,Adventure,17000,205000,2000,1400
The Last of Us,2013-06-14, Sony Computer Entertainment,4.2,2000,2000,Adventure,17000,205000,2000,1400
The Last of Us,2013-06-14,Naughty Dog,4.2,2000,2000, Shooter,17000,205000,2000,1400
The Last of Us,2013-06-14, Sony Computer Entertainment,4.2,2000,2000, Shooter,17000,205000,2000,1400
Terraria,2011-05-16,Re-Logic,4.0,1300,1300,Adventure,18000,673000,2200,593000
Terraria,2011-05-16, Headup Games,4.0,1300,1300,Adventure,18000,673000,2200,593000
Terraria,2011-05-16,Re-Logic,4.0,1300,1300, Indie,18000,673000,2200,593000
Terraria,2011-05-16, Headup Games,4.0,1300,1300, Indie,18000,673000,2200,593000
Terraria,2011-05-16,Re-Logic,4.0,1300,1300, Platform,18000,673000,2200,593000
Terraria,2011-05-16, Headup Games,4.0,1300,1300, Platform,18000,673000,2200,593000
Terraria,2011-05-16,Re-Logic,4.0,1300,1300, RPG,18000,673000,2200,593000
Terraria,2011-05-16, Headup Games,4.0,1300,1300, RPG,18000,673000,2200,593000
Terraria,2011-05-16,Re-Logic,4.0,1300,1300, Strategy,18000,673000,2200,593000
Terraria,2011-05-16, Headup Games,4.0,1300,1300, Strategy,18000,673000,2200,593000
Resident Evil 7: Biohazard,2017-01-24,Capcom,3.9,1800,1800,Adventure,13000,326000,3100,1300
Resident Evil 7: Biohazard,2017-01-24,Capcom,3.9,1800,1800, Shooter,13000,326000,3100,1300
Metal Gear Solid V: The Phantom Pain,2015-09-01,Konami,3.8,1500,1500,Adventure,14000,503000,4500,1200
Metal Gear Solid V: The Phantom Pain,2015-09-01, Kojima Productions,3.8,1500,1500,Adventure,14000,503000,4500,1200
Metal Gear Solid V: The Phantom Pain,2015-09-01,Konami,3.8,1500,1500, Shooter,14000,503000,4500,1200
Metal Gear Solid V: The Phantom Pain,2015-09-01, Kojima Productions,3.8,1500,1500, Shooter,14000,503000,4500,1200
Metal Gear Solid V: The Phantom Pain,2015-09-01,Konami,3.8,1500,1500, Tactical,14000,503000,4500,1200
Metal Gear Solid V: The Phantom Pain,2015-09-01, Kojima Productions,3.8,1500,1500, Tactical,14000,503000,4500,1200
Overwatch,2016-05-24,Blizzard Entertainment,3.2,957000,957000,Shooter,19000,436000,411000,214000
Overwatch,2016-05-24, Square Enix,3.2,957000,957000,Shooter,19000,436000,411000,214000
Overwatch,2016-05-24,Blizzard Entertainment,3.2,957000,957000, Strategy,19000,436000,411000,214000
Overwatch,2016-05-24, Square Enix,3.2,957000,957000, Strategy,19000,436000,411000,214000
Half-Life 2,2004-11-16,Sierra Entertainment,4.2,1700,1700,Shooter,15000,257000,3500,1000
Half-Life 2,2004-11-16, Valve,4.2,1700,1700,Shooter,15000,257000,3500,1000
Fire Emblem: Three Houses,2019-07-25,Intelligent Systems Co.,4.0,1700,1700,Adventure,12000,1100,3500,1500
Fire Emblem: Three Houses,2019-07-25, Ltd.,4.0,1700,1700,Adventure,12000,1100,3500,1500
Fire Emblem: Three Houses,2019-07-25, Nintendo,4.0,1700,1700,Adventure,12000,1100,3500,1500
Fire Emblem: Three Houses,2019-07-25,Intelligent Systems Co.,4.0,1700,1700, RPG,12000,1100,3500,1500
Fire Emblem: Three Houses,2019-07-25, Ltd.,4.0,1700,1700, RPG,12000,1100,3500,1500
Fire Emblem: Three Houses,2019-07-25, Nintendo,4.0,1700,1700, RPG,12000,1100,3500,1500
Fire Emblem: Three Houses,2019-07-25,Intelligent Systems Co.,4.0,1700,1700, Strategy,12000,1100,3500,1500
Fire Emblem: Three Houses,2019-07-25, Ltd.,4.0,1700,1700, Strategy,12000,1100,3500,1500
Fire Emblem: Three Houses,2019-07-25, Nintendo,4.0,1700,1700, Strategy,12000,1100,3500,1500
Fire Emblem: Three Houses,2019-07-25,Intelligent Systems Co.,4.0,1700,1700, Tactical,12000,1100,3500,1500
Fire Emblem: Three Houses,2019-07-25, Ltd.,4.0,1700,1700, Tactical,12000,1100,3500,1500
Fire Emblem: Three Houses,2019-07-25, Nintendo,4.0,1700,1700, Tactical,12000,1100,3500,1500
Fire Emblem: Three Houses,2019-07-25,Intelligent Systems Co.,4.0,1700,1700, Turn Based Strategy,12000,1100,3500,1500
Fire Emblem: Three Houses,2019-07-25, Ltd.,4.0,1700,1700, Turn Based Strategy,12000,1100,3500,1500
Fire Emblem: Three Houses,2019-07-25, Nintendo,4.0,1700,1700, Turn Based Strategy,12000,1100,3500,1500
Grand Theft Auto: San Andreas,2004-10-26,Rockstar Games,4.1,1500,1500,Adventure,19000,270000,2400,742000
Grand Theft Auto: San Andreas,2004-10-26, Rockstar North,4.1,1500,1500,Adventure,19000,270000,2400,742000
Grand Theft Auto: San Andreas,2004-10-26,Rockstar Games,4.1,1500,1500, Racing,19000,270000,2400,742000
Grand Theft Auto: San Andreas,2004-10-26, Rockstar North,4.1,1500,1500, Racing,19000,270000,2400,742000
Grand Theft Auto: San Andreas,2004-10-26,Rockstar Games,4.1,1500,1500, Shooter,19000,270000,2400,742000
Grand Theft Auto: San Andreas,2004-10-26, Rockstar North,4.1,1500,1500, Shooter,19000,270000,2400,742000
13 Sentinels: Aegis Rim,2019-11-28,Vanillaware,4.4,1200,1200,Adventure,3700,466000,3300,2500
13 Sentinels: Aegis Rim,2019-11-28, Atlus USA,4.4,1200,1200,Adventure,3700,466000,3300,2500
13 Sentinels: Aegis Rim,2019-11-28,Vanillaware,4.4,1200,1200, Simulator,3700,466000,3300,2500
13 Sentinels: Aegis Rim,2019-11-28, Atlus USA,4.4,1200,1200, Simulator,3700,466000,3300,2500
13 Sentinels: Aegis Rim,2019-11-28,Vanillaware,4.4,1200,1200, Strategy,3700,466000,3300,2500
13 Sentinels: Aegis Rim,2019-11-28, Atlus USA,4.4,1200,1200, Strategy,3700,466000,3300,2500
13 Sentinels: Aegis Rim,2019-11-28,Vanillaware,4.4,1200,1200, Tactical,3700,466000,3300,2500
13 Sentinels: Aegis Rim,2019-11-28, Atlus USA,4.4,1200,1200, Tactical,3700,466000,3300,2500
Persona 3 FES,2007-04-19,Atlus,4.1,1400,1400,RPG,8400,584000,2900,1500
Persona 3 FES,2007-04-19, Atlus USA,4.1,1400,1400,RPG,8400,584000,2900,1500
Persona 3 FES,2007-04-19,Atlus,4.1,1400,1400, Simulator,8400,584000,2900,1500
Persona 3 FES,2007-04-19, Atlus USA,4.1,1400,1400, Simulator,8400,584000,2900,1500
Persona 3 FES,2007-04-19,Atlus,4.1,1400,1400, Visual Novel,8400,584000,2900,1500
Persona 3 FES,2007-04-19, Atlus USA,4.1,1400,1400, Visual Novel,8400,584000,2900,1500
Devil May Cry,2001-08-23,Capcom Production Studio 4,3.5,1200,1200,Brawler,10000,286000,2500,1100
Devil May Cry,2001-08-23, Capcom,3.5,1200,1200,Brawler,10000,286000,2500,1100
Mario Kart 8 Deluxe,2017-04-28,Nintendo of America,4.0,1500,1500,Arcade,19000,705000,781000,635000
Mario Kart 8 Deluxe,2017-04-28, Nintendo EPD,4.0,1500,1500,Arcade,19000,705000,781000,635000
Mario Kart 8 Deluxe,2017-04-28,Nintendo of America,4.0,1500,1500, Racing,19000,705000,781000,635000
Mario Kart 8 Deluxe,2017-04-28, Nintendo EPD,4.0,1500,1500, Racing,19000,705000,781000,635000
Fire Emblem Engage,2023-01-20,Nintendo,3.9,593000,593000,Adventure,1600,874000,929000,1100
Fire Emblem Engage,2023-01-20, Intelligent Systems,3.9,593000,593000,Adventure,1600,874000,929000,1100
Fire Emblem Engage,2023-01-20,Nintendo,3.9,593000,593000, RPG,1600,874000,929000,1100
Fire Emblem Engage,2023-01-20, Intelligent Systems,3.9,593000,593000, RPG,1600,874000,929000,1100
Fire Emblem Engage,2023-01-20,Nintendo,3.9,593000,593000, Strategy,1600,874000,929000,1100
Fire Emblem Engage,2023-01-20, Intelligent Systems,3.9,593000,593000, Strategy,1600,874000,929000,1100
Fire Emblem Engage,2023-01-20,Nintendo,3.9,593000,593000, Tactical,1600,874000,929000,1100
Fire Emblem Engage,2023-01-20, Intelligent Systems,3.9,593000,593000, Tactical,1600,874000,929000,1100
Fire Emblem Engage,2023-01-20,Nintendo,3.9,593000,593000, Turn Based Strategy,1600,874000,929000,1100
Fire Emblem Engage,2023-01-20, Intelligent Systems,3.9,593000,593000, Turn Based Strategy,1600,874000,929000,1100
Pokémon Violet,2022-11-18,Game Freak,3.5,753000,753000,Adventure,3400,868000,747000,750000
Pokémon Violet,2022-11-18, Nintendo,3.5,753000,753000,Adventure,3400,868000,747000,750000
Pokémon Violet,2022-11-18,Game Freak,3.5,753000,753000, RPG,3400,868000,747000,750000
Pokémon Violet,2022-11-18, Nintendo,3.5,753000,753000, RPG,3400,868000,747000,750000
Pokémon Violet,2022-11-18,Game Freak,3.5,753000,753000, Turn Based Strategy,3400,868000,747000,750000
Pokémon Violet,2022-11-18, Nintendo,3.5,753000,753000, Turn Based Strategy,3400,868000,747000,750000
Hotline Miami,2012-10-23,Dennaton Games,4.0,1400,1400,Arcade,14000,217000,2400,928000
Hotline Miami,2012-10-23, Devolver Digital,4.0,1400,1400,Arcade,14000,217000,2400,928000
Hotline Miami,2012-10-23,Dennaton Games,4.0,1400,1400, Indie,14000,217000,2400,928000
Hotline Miami,2012-10-23, Devolver Digital,4.0,1400,1400, Indie,14000,217000,2400,928000
Hotline Miami,2012-10-23,Dennaton Games,4.0,1400,1400, Shooter,14000,217000,2400,928000
Hotline Miami,2012-10-23, Devolver Digital,4.0,1400,1400, Shooter,14000,217000,2400,928000
Pizza Tower,2023-01-26,Tour De Pizza,4.5,363000,363000,Indie,1200,325000,777000,1300
Pizza Tower,2023-01-26,Tour De Pizza,4.5,363000,363000, Platform,1200,325000,777000,1300
Psychonauts 2,2021-08-24,Xbox Game Studios,4.2,1200,1200,Adventure,4300,315000,2800,2300
Psychonauts 2,2021-08-24, Double Fine Productions,4.2,1200,1200,Adventure,4300,315000,2800,2300
Psychonauts 2,2021-08-24,Xbox Game Studios,4.2,1200,1200, Platform,4300,315000,2800,2300
Psychonauts 2,2021-08-24, Double Fine Productions,4.2,1200,1200, Platform,4300,315000,2800,2300
Metroid Prime Remastered,2023-02-08,Nintendo,4.5,372000,372000,Adventure,1100,593000,1100,1400
Metroid Prime Remastered,2023-02-08, Retro Studios,4.5,372000,372000,Adventure,1100,593000,1100,1400
Metroid Prime Remastered,2023-02-08,Nintendo,4.5,372000,372000, Platform,1100,593000,1100,1400
Metroid Prime Remastered,2023-02-08, Retro Studios,4.5,372000,372000, Platform,1100,593000,1100,1400
Metroid Prime Remastered,2023-02-08,Nintendo,4.5,372000,372000, Shooter,1100,593000,1100,1400
Metroid Prime Remastered,2023-02-08, Retro Studios,4.5,372000,372000, Shooter,1100,593000,1100,1400
Halo Infinite,2021-11-15,Xbox Game Studios,3.3,972000,972000,Adventure,6400,632000,1600,959000
Halo Infinite,2021-11-15, 343 Industries,3.3,972000,972000,Adventure,6400,632000,1600,959000
Halo Infinite,2021-11-15,Xbox Game Studios,3.3,972000,972000, Shooter,6400,632000,1600,959000
Halo Infinite,2021-11-15, 343 Industries,3.3,972000,972000, Shooter,6400,632000,1600,959000
Batman: Arkham Asylum,2009-08-25,Eidos Interactive,3.9,1400,1400,Adventure,17000,232000,2300,672000
Batman: Arkham Asylum,2009-08-25, Rocksteady Studios,3.9,1400,1400,Adventure,17000,232000,2300,672000
Batman: Arkham Asylum,2009-08-25,Eidos Interactive,3.9,1400,1400, Brawler,17000,232000,2300,672000
Batman: Arkham Asylum,2009-08-25, Rocksteady Studios,3.9,1400,1400, Brawler,17000,232000,2300,672000
Super Mario Sunshine,2002-07-19,Nintendo EAD,3.7,1700,1700,Adventure,14000,403000,3300,1000
Super Mario Sunshine,2002-07-19, Nintendo,3.7,1700,1700,Adventure,14000,403000,3300,1000
Super Mario Sunshine,2002-07-19,Nintendo EAD,3.7,1700,1700, Platform,14000,403000,3300,1000
Super Mario Sunshine,2002-07-19, Nintendo,3.7,1700,1700, Platform,14000,403000,3300,1000
Mother 3,2006-04-20,HAL Laboratory,4.5,1600,1600,RPG,5700,287000,3600,1900
Mother 3,2006-04-20, Nintendo,4.5,1600,1600,RPG,5700,287000,3600,1900
Mother 3,2006-04-20,HAL Laboratory,4.5,1600,1600, Turn Based Strategy,5700,287000,3600,1900
Mother 3,2006-04-20, Nintendo,4.5,1600,1600, Turn Based Strategy,5700,287000,3600,1900
MultiVersus,2022-07-19,Player First Games,2.8,480000,480000,Fighting,5600,341000,361000,216000
MultiVersus,2022-07-19, WB Games,2.8,480000,480000,Fighting,5600,341000,361000,216000
Xenoblade Chronicles: Definitive Edition,2020-05-29,Monolith Soft,4.3,1400,1400,RPG,7400,849000,3600,1900
Xenoblade Chronicles: Definitive Edition,2020-05-29, Nintendo,4.3,1400,1400,RPG,7400,849000,3600,1900
Half-Life,1998-11-19,Sierra Entertainment,4.0,1300,1300,Adventure,13000,322000,2900,892000
Half-Life,1998-11-19, Valve,4.0,1300,1300,Adventure,13000,322000,2900,892000
Half-Life,1998-11-19,Sierra Entertainment,4.0,1300,1300, Puzzle,13000,322000,2900,892000
Half-Life,1998-11-19, Valve,4.0,1300,1300, Puzzle,13000,322000,2900,892000
Half-Life,1998-11-19,Sierra Entertainment,4.0,1300,1300, Shooter,13000,322000,2900,892000
Half-Life,1998-11-19, Valve,4.0,1300,1300, Shooter,13000,322000,2900,892000
Marvel's Guardians of the Galaxy,2021-10-26,Square Enix,3.8,1100,1100,Adventure,5100,432000,2100,1300
Marvel's Guardians of the Galaxy,2021-10-26, Eidos Montréal,3.8,1100,1100,Adventure,5100,432000,2100,1300
Marvel's Guardians of the Galaxy,2021-10-26,Square Enix,3.8,1100,1100, RPG,5100,432000,2100,1300
Marvel's Guardians of the Galaxy,2021-10-26, Eidos Montréal,3.8,1100,1100, RPG,5100,432000,2100,1300
Marvel's Guardians of the Galaxy,2021-10-26,Square Enix,3.8,1100,1100, Shooter,5100,432000,2100,1300
Marvel's Guardians of the Galaxy,2021-10-26, Eidos Montréal,3.8,1100,1100, Shooter,5100,432000,2100,1300
Danganronpa: Trigger Happy Havoc,2010-11-25,NIS America,3.5,1000,1000,Adventure,12000,311000,1900,716000
Danganronpa: Trigger Happy Havoc,2010-11-25, Spike ChunSoft,3.5,1000,1000,Adventure,12000,311000,1900,716000
Danganronpa: Trigger Happy Havoc,2010-11-25,NIS America,3.5,1000,1000, Point-and-Click,12000,311000,1900,716000
Danganronpa: Trigger Happy Havoc,2010-11-25, Spike ChunSoft,3.5,1000,1000, Point-and-Click,12000,311000,1900,716000
Danganronpa: Trigger Happy Havoc,2010-11-25,NIS America,3.5,1000,1000, Visual Novel,12000,311000,1900,716000
Danganronpa: Trigger Happy Havoc,2010-11-25, Spike ChunSoft,3.5,1000,1000, Visual Novel,12000,311000,1900,716000
Cult of the Lamb,2022-08-11,Devolver Digital,3.6,589000,589000,Adventure,2800,546000,1600,2100
Cult of the Lamb,2022-08-11, Massive Monster,3.6,589000,589000,Adventure,2800,546000,1600,2100
Cult of the Lamb,2022-08-11,Devolver Digital,3.6,589000,589000, Brawler,2800,546000,1600,2100
Cult of the Lamb,2022-08-11, Massive Monster,3.6,589000,589000, Brawler,2800,546000,1600,2100
Cult of the Lamb,2022-08-11,Devolver Digital,3.6,589000,589000, Indie,2800,546000,1600,2100
Cult of the Lamb,2022-08-11, Massive Monster,3.6,589000,589000, Indie,2800,546000,1600,2100
Cult of the Lamb,2022-08-11,Devolver Digital,3.6,589000,589000, RPG,2800,546000,1600,2100
Cult of the Lamb,2022-08-11, Massive Monster,3.6,589000,589000, RPG,2800,546000,1600,2100
Cult of the Lamb,2022-08-11,Devolver Digital,3.6,589000,589000, Simulator,2800,546000,1600,2100
Cult of the Lamb,2022-08-11, Massive Monster,3.6,589000,589000, Simulator,2800,546000,1600,2100
Cult of the Lamb,2022-08-11,Devolver Digital,3.6,589000,589000, Strategy,2800,546000,1600,2100
Cult of the Lamb,2022-08-11, Massive Monster,3.6,589000,589000, Strategy,2800,546000,1600,2100
Sonic Mania,2017-08-15,PagodaWest Games,4.0,1300,1300,Adventure,12000,399000,3500,786000
Sonic Mania,2017-08-15, Sega,4.0,1300,1300,Adventure,12000,399000,3500,786000
Sonic Mania,2017-08-15,PagodaWest Games,4.0,1300,1300, Platform,12000,399000,3500,786000
Sonic Mania,2017-08-15, Sega,4.0,1300,1300, Platform,12000,399000,3500,786000
Horizon Zero Dawn,2017-02-28,Guerrilla Games,3.6,1200,1200,Adventure,13000,689000,4000,1400
Horizon Zero Dawn,2017-02-28, Sony Interactive Entertainment,3.6,1200,1200,Adventure,13000,689000,4000,1400
Horizon Zero Dawn,2017-02-28,Guerrilla Games,3.6,1200,1200, RPG,13000,689000,4000,1400
Horizon Zero Dawn,2017-02-28, Sony Interactive Entertainment,3.6,1200,1200, RPG,13000,689000,4000,1400
Horizon Zero Dawn,2017-02-28,Guerrilla Games,3.6,1200,1200, Shooter,13000,689000,4000,1400
Horizon Zero Dawn,2017-02-28, Sony Interactive Entertainment,3.6,1200,1200, Shooter,13000,689000,4000,1400
Left 4 Dead 2,2009-11-17,Turtle Rock Studios,3.9,1100,1100,Shooter,19000,279000,1500,358000
Left 4 Dead 2,2009-11-17, Valve,3.9,1100,1100,Shooter,19000,279000,1500,358000
League of Legends,2009-10-27,GOA Games Services Ltd.,2.1,484000,484000,MOBA,13000,1200,324000,52000
League of Legends,2009-10-27, Riot Games,2.1,484000,484000,MOBA,13000,1200,324000,52000
League of Legends,2009-10-27,GOA Games Services Ltd.,2.1,484000,484000, RPG,13000,1200,324000,52000
League of Legends,2009-10-27, Riot Games,2.1,484000,484000, RPG,13000,1200,324000,52000
League of Legends,2009-10-27,GOA Games Services Ltd.,2.1,484000,484000, Strategy,13000,1200,324000,52000
League of Legends,2009-10-27, Riot Games,2.1,484000,484000, Strategy,13000,1200,324000,52000
Control,2019-08-27,505 Games,3.6,1300,1300,Adventure,9600,591000,5200,1300
Control,2019-08-27, Remedy Entertainment,3.6,1300,1300,Adventure,9600,591000,5200,1300
Control,2019-08-27,505 Games,3.6,1300,1300, Shooter,9600,591000,5200,1300
Control,2019-08-27, Remedy Entertainment,3.6,1300,1300, Shooter,9600,591000,5200,1300
Doki Doki Literature Club!,2017-09-22,Team Salvato,3.3,783000,783000,Adventure,14000,131000,1500,460000
Doki Doki Literature Club!,2017-09-22,Team Salvato,3.3,783000,783000, Indie,14000,131000,1500,460000
Doki Doki Literature Club!,2017-09-22,Team Salvato,3.3,783000,783000, Visual Novel,14000,131000,1500,460000
Batman: Arkham City,2011-10-18,DC Entertainment,4.1,1600,1600,Adventure,16000,192000,2700,651000
Batman: Arkham City,2011-10-18, Rocksteady Studios,4.1,1600,1600,Adventure,16000,192000,2700,651000
Batman: Arkham City,2011-10-18,DC Entertainment,4.1,1600,1600, Brawler,16000,192000,2700,651000
Batman: Arkham City,2011-10-18, Rocksteady Studios,4.1,1600,1600, Brawler,16000,192000,2700,651000
Yakuza Kiwami,2016-01-21,Sega,3.7,1200,1200,Adventure,9700,439000,3400,1000
Yakuza Kiwami,2016-01-21, Ryū Ga Gotoku Studios,3.7,1200,1200,Adventure,9700,439000,3400,1000
Yakuza Kiwami,2016-01-21,Sega,3.7,1200,1200, Brawler,9700,439000,3400,1000
Yakuza Kiwami,2016-01-21, Ryū Ga Gotoku Studios,3.7,1200,1200, Brawler,9700,439000,3400,1000
Yakuza Kiwami,2016-01-21,Sega,3.7,1200,1200, RPG,9700,439000,3400,1000
Yakuza Kiwami,2016-01-21, Ryū Ga Gotoku Studios,3.7,1200,1200, RPG,9700,439000,3400,1000
Phoenix Wright: Ace Attorney,2005-09-15,Nintendo Australia,4.1,1300,1300,Adventure,12000,418000,1900,1000
Phoenix Wright: Ace Attorney,2005-09-15, Capcom,4.1,1300,1300,Adventure,12000,418000,1900,1000
Phoenix Wright: Ace Attorney,2005-09-15,Nintendo Australia,4.1,1300,1300, Point-and-Click,12000,418000,1900,1000
Phoenix Wright: Ace Attorney,2005-09-15, Capcom,4.1,1300,1300, Point-and-Click,12000,418000,1900,1000
Phoenix Wright: Ace Attorney,2005-09-15,Nintendo Australia,4.1,1300,1300, Puzzle,12000,418000,1900,1000
Phoenix Wright: Ace Attorney,2005-09-15, Capcom,4.1,1300,1300, Puzzle,12000,418000,1900,1000
Phoenix Wright: Ace Attorney,2005-09-15,Nintendo Australia,4.1,1300,1300, Visual Novel,12000,418000,1900,1000
Phoenix Wright: Ace Attorney,2005-09-15, Capcom,4.1,1300,1300, Visual Novel,12000,418000,1900,1000
Team Fortress 2,2007-10-09,Electronic Arts,3.9,955000,955000,Shooter,16000,505000,532000,158000
Team Fortress 2,2007-10-09, Valve,3.9,955000,955000,Shooter,16000,505000,532000,158000
Xenoblade Chronicles 2,2017-12-01,Monolith Soft,3.9,1400,1400,Adventure,7400,453000,2700,1500
Xenoblade Chronicles 2,2017-12-01, Nintendo,3.9,1400,1400,Adventure,7400,453000,2700,1500
Xenoblade Chronicles 2,2017-12-01,Monolith Soft,3.9,1400,1400, RPG,7400,453000,2700,1500
Xenoblade Chronicles 2,2017-12-01, Nintendo,3.9,1400,1400, RPG,7400,453000,2700,1500
Splatoon 3,2022-09-09,Nintendo,4.1,840000,840000,Platform,3500,1000,632000,1100
Splatoon 3,2022-09-09,Nintendo,4.1,840000,840000, Shooter,3500,1000,632000,1100
Chrome Dino,2014-09-01,Google,3.5,124000,124000,Arcade,14000,122000,197000,35000
Katana Zero,2019-04-18,Askiisoft,4.1,1100,1100,Adventure,9300,189000,2100,1500
Katana Zero,2019-04-18, Devolver Digital,4.1,1100,1100,Adventure,9300,189000,2100,1500
Katana Zero,2019-04-18,Askiisoft,4.1,1100,1100, Arcade,9300,189000,2100,1500
Katana Zero,2019-04-18, Devolver Digital,4.1,1100,1100, Arcade,9300,189000,2100,1500
Katana Zero,2019-04-18,Askiisoft,4.1,1100,1100, Indie,9300,189000,2100,1500
Katana Zero,2019-04-18, Devolver Digital,4.1,1100,1100, Indie,9300,189000,2100,1500
Katana Zero,2019-04-18,Askiisoft,4.1,1100,1100, Platform,9300,189000,2100,1500
Katana Zero,2019-04-18, Devolver Digital,4.1,1100,1100, Platform,9300,189000,2100,1500
Katana Zero,2019-04-18,Askiisoft,4.1,1100,1100, Strategy,9300,189000,2100,1500
Katana Zero,2019-04-18, Devolver Digital,4.1,1100,1100, Strategy,9300,189000,2100,1500
Life is Strange,2015-01-29,"""DONT NOD""",3.4,1400,1400,Adventure,15000,209000,2100,817000
Life is Strange,2015-01-29, Square Enix,3.4,1400,1400,Adventure,15000,209000,2100,817000
Life is Strange,2015-01-29,"""DONT NOD""",3.4,1400,1400, RPG,15000,209000,2100,817000
Life is Strange,2015-01-29, Square Enix,3.4,1400,1400, RPG,15000,209000,2100,817000
Dark Souls II: Scholar of the First Sin,2015-04-02,Bandai Namco Entertainment,3.5,988000,988000,Adventure,11000,443000,2700,994000
Dark Souls II: Scholar of the First Sin,2015-04-02, FromSoftware,3.5,988000,988000,Adventure,11000,443000,2700,994000
Dark Souls II: Scholar of the First Sin,2015-04-02,Bandai Namco Entertainment,3.5,988000,988000, RPG,11000,443000,2700,994000
Dark Souls II: Scholar of the First Sin,2015-04-02, FromSoftware,3.5,988000,988000, RPG,11000,443000,2700,994000
Deathloop,2021-09-14,Bethesda Softworks,3.5,897000,897000,Adventure,4200,389000,2400,1900
Deathloop,2021-09-14, Arkane Studios,3.5,897000,897000,Adventure,4200,389000,2400,1900
Deathloop,2021-09-14,Bethesda Softworks,3.5,897000,897000, Shooter,4200,389000,2400,1900
Deathloop,2021-09-14, Arkane Studios,3.5,897000,897000, Shooter,4200,389000,2400,1900
Shadow of the Colossus,2005-10-18,Sony Computer Entertainment,4.4,1500,1500,Adventure,10000,134000,2900,1700
Shadow of the Colossus,2005-10-18, Inc. (SCEI),4.4,1500,1500,Adventure,10000,134000,2900,1700
Shadow of the Colossus,2005-10-18, Team Ico,4.4,1500,1500,Adventure,10000,134000,2900,1700
Shadow of the Colossus,2005-10-18,Sony Computer Entertainment,4.4,1500,1500, Platform,10000,134000,2900,1700
Shadow of the Colossus,2005-10-18, Inc. (SCEI),4.4,1500,1500, Platform,10000,134000,2900,1700
Shadow of the Colossus,2005-10-18, Team Ico,4.4,1500,1500, Platform,10000,134000,2900,1700
Shadow of the Colossus,2005-10-18,Sony Computer Entertainment,4.4,1500,1500, Puzzle,10000,134000,2900,1700
Shadow of the Colossus,2005-10-18, Inc. (SCEI),4.4,1500,1500, Puzzle,10000,134000,2900,1700
Shadow of the Colossus,2005-10-18, Team Ico,4.4,1500,1500, Puzzle,10000,134000,2900,1700
Teenage Mutant Ninja Turtles: Shredder's Revenge,2022-06-16,DotEmu,3.8,880000,880000,Arcade,3500,226000,875000,829000
Teenage Mutant Ninja Turtles: Shredder's Revenge,2022-06-16, Tribute Games,3.8,880000,880000,Arcade,3500,226000,875000,829000
Teenage Mutant Ninja Turtles: Shredder's Revenge,2022-06-16,DotEmu,3.8,880000,880000, Brawler,3500,226000,875000,829000
Teenage Mutant Ninja Turtles: Shredder's Revenge,2022-06-16, Tribute Games,3.8,880000,880000, Brawler,3500,226000,875000,829000
Teenage Mutant Ninja Turtles: Shredder's Revenge,2022-06-16,DotEmu,3.8,880000,880000, Indie,3500,226000,875000,829000
Teenage Mutant Ninja Turtles: Shredder's Revenge,2022-06-16, Tribute Games,3.8,880000,880000, Indie,3500,226000,875000,829000
Sifu,2022-02-08,Sloclap,3.8,633000,633000,Brawler,2700,283000,1700,2300
Sifu,2022-02-08, Kepler Interactive,3.8,633000,633000,Brawler,2700,283000,1700,2300
Sifu,2022-02-08,Sloclap,3.8,633000,633000, Indie,2700,283000,1700,2300
Sifu,2022-02-08, Kepler Interactive,3.8,633000,633000, Indie,2700,283000,1700,2300
Super Mario Bros. 3,1988-10-23,Nintendo R&D4,4.0,1600,1600,Platform,14000,109000,1400,362000
Super Mario Bros. 3,1988-10-23, Nintendo,4.0,1600,1600,Platform,14000,109000,1400,362000
Dishonored,2012-10-09,Arkane Studios,3.9,1100,1100,Adventure,14000,268000,3100,866000
Dishonored,2012-10-09, Bethesda Softworks,3.9,1100,1100,Adventure,14000,268000,3100,866000
Dishonored,2012-10-09,Arkane Studios,3.9,1100,1100, RPG,14000,268000,3100,866000
Dishonored,2012-10-09, Bethesda Softworks,3.9,1100,1100, RPG,14000,268000,3100,866000
Metal Gear Solid 3: Snake Eater,2004-11-17,Konami Computer Entertainment Japan,4.5,1500,1500,Adventure,9200,118000,2400,1300
Metal Gear Solid 3: Snake Eater,2004-11-17, Konami,4.5,1500,1500,Adventure,9200,118000,2400,1300
Metal Gear Solid 3: Snake Eater,2004-11-17,Konami Computer Entertainment Japan,4.5,1500,1500, Shooter,9200,118000,2400,1300
Metal Gear Solid 3: Snake Eater,2004-11-17, Konami,4.5,1500,1500, Shooter,9200,118000,2400,1300
Metal Gear Solid 3: Snake Eater,2004-11-17,Konami Computer Entertainment Japan,4.5,1500,1500, Tactical,9200,118000,2400,1300
Metal Gear Solid 3: Snake Eater,2004-11-17, Konami,4.5,1500,1500, Tactical,9200,118000,2400,1300
Journey,2012-03-13,Sony Computer Entertainment,3.9,1500,1500,Adventure,12000,94000,2700,1700
Journey,2012-03-13, ThatGameCompany,3.9,1500,1500,Adventure,12000,94000,2700,1700
Journey,2012-03-13,Sony Computer Entertainment,3.9,1500,1500, Platform,12000,94000,2700,1700
Journey,2012-03-13, ThatGameCompany,3.9,1500,1500, Platform,12000,94000,2700,1700
Kingdom Hearts,2002-03-28,Square,3.6,1300,1300,Adventure,12000,266000,2100,1000
Kingdom Hearts,2002-03-28, Disney Interactive Studios,3.6,1300,1300,Adventure,12000,266000,2100,1000
Kingdom Hearts,2002-03-28,Square,3.6,1300,1300, RPG,12000,266000,2100,1000
Kingdom Hearts,2002-03-28, Disney Interactive Studios,3.6,1300,1300, RPG,12000,266000,2100,1000
Titanfall 2,2016-10-28,Respawn Entertainment,4.1,1300,1300,Adventure,12000,163000,2100,656000
Titanfall 2,2016-10-28, Electronic Arts,4.1,1300,1300,Adventure,12000,163000,2100,656000
Titanfall 2,2016-10-28,Respawn Entertainment,4.1,1300,1300, Shooter,12000,163000,2100,656000
Titanfall 2,2016-10-28, Electronic Arts,4.1,1300,1300, Shooter,12000,163000,2100,656000
Doom,1993-12-10,Activision,4.0,1400,1400,Shooter,11000,203000,1500,514000
Doom,1993-12-10, id Software,4.0,1400,1400,Shooter,11000,203000,1500,514000
Live A Live,2022-07-22,Square Enix,4.1,555000,555000,RPG,1100,235000,1700,1900
The Last of Us Remastered,2014-07-26,Naughty Dog,4.3,1100,1100,Adventure,12000,258000,1800,682000
The Last of Us Remastered,2014-07-26, Sony Computer Entertainment,4.3,1100,1100,Adventure,12000,258000,1800,682000
The Last of Us Remastered,2014-07-26,Naughty Dog,4.3,1100,1100, Shooter,12000,258000,1800,682000
The Last of Us Remastered,2014-07-26, Sony Computer Entertainment,4.3,1100,1100, Shooter,12000,258000,1800,682000
Sonic the Hedgehog,1991-06-23,Sonic Team,3.1,1100,1100,Platform,12000,60000,804000,243000
Sonic the Hedgehog,1991-06-23, Sega,3.1,1100,1100,Platform,12000,60000,804000,243000
Rocket League,2015-07-06,Psyonix,3.4,917000,917000,Indie,17000,564000,698000,113000
Rocket League,2015-07-06,Psyonix,3.4,917000,917000, Racing,17000,564000,698000,113000
Rocket League,2015-07-06,Psyonix,3.4,917000,917000, Sport,17000,564000,698000,113000
Batman: Arkham Knight,2015-06-23,Rocksteady Studios,3.7,1200,1200,Adventure,13000,279000,3400,757000
Batman: Arkham Knight,2015-06-23, Warner Bros. Interactive Entertainment,3.7,1200,1200,Adventure,13000,279000,3400,757000
Batman: Arkham Knight,2015-06-23,Rocksteady Studios,3.7,1200,1200, Brawler,13000,279000,3400,757000
Batman: Arkham Knight,2015-06-23, Warner Bros. Interactive Entertainment,3.7,1200,1200, Brawler,13000,279000,3400,757000
Bayonetta 3,2022-10-28,PlatinumGames,3.7,690000,690000,Brawler,1600,235000,1600,2200
Bayonetta 3,2022-10-28, Nintendo,3.7,690000,690000,Brawler,1600,235000,1600,2200
Disco Elysium,2019-10-15,ZA/UM,4.6,1100,1100,Adventure,4000,478000,2800,1900
Disco Elysium,2019-10-15,ZA/UM,4.6,1100,1100, RPG,4000,478000,2800,1900
Disco Elysium,2019-10-15,ZA/UM,4.6,1100,1100, Turn Based Strategy,4000,478000,2800,1900
Guilty Gear: Strive,2021-06-11,Bandai Namco Studios,3.9,810000,810000,Fighting,5500,713000,805000,1200
Guilty Gear: Strive,2021-06-11, Arc System Works,3.9,810000,810000,Fighting,5500,713000,805000,1200
Wii Sports,2006-11-19,Nintendo,3.7,775000,775000,Simulator,18000,39000,320000,93000
Wii Sports,2006-11-19, Nintendo EAD Group No. 2,3.7,775000,775000,Simulator,18000,39000,320000,93000
Wii Sports,2006-11-19,Nintendo,3.7,775000,775000, Sport,18000,39000,320000,93000
Wii Sports,2006-11-19, Nintendo EAD Group No. 2,3.7,775000,775000, Sport,18000,39000,320000,93000
Hogwarts Legacy,2023-02-10,Portkey Games,3.5,474000,474000,Adventure,1400,766000,686000,1600
Hogwarts Legacy,2023-02-10, Avalanche Software,3.5,474000,474000,Adventure,1400,766000,686000,1600
Hogwarts Legacy,2023-02-10,Portkey Games,3.5,474000,474000, RPG,1400,766000,686000,1600
Hogwarts Legacy,2023-02-10, Avalanche Software,3.5,474000,474000, RPG,1400,766000,686000,1600
Mario Kart Wii,2008-04-10,Nintendo,3.9,1000,1000,Racing,19000,88000,461000,168000
Mario Kart Wii,2008-04-10, Nintendo EAD,3.9,1000,1000,Racing,19000,88000,461000,168000
Resident Evil 3,2020-04-03,K2,3.2,1300,1300,Adventure,8400,157000,2400,1600
Resident Evil 3,2020-04-03, Capcom,3.2,1300,1300,Adventure,8400,157000,2400,1600
Resident Evil 3,2020-04-03,K2,3.2,1300,1300, Shooter,8400,157000,2400,1600
Resident Evil 3,2020-04-03, Capcom,3.2,1300,1300, Shooter,8400,157000,2400,1600
Unpacking,2021-11-02,Witch Beam,3.6,751000,751000,Indie,4900,216000,996000,1300
Unpacking,2021-11-02, Humble Games,3.6,751000,751000,Indie,4900,216000,996000,1300
Unpacking,2021-11-02,Witch Beam,3.6,751000,751000, Point-and-Click,4900,216000,996000,1300
Unpacking,2021-11-02, Humble Games,3.6,751000,751000, Point-and-Click,4900,216000,996000,1300
Unpacking,2021-11-02,Witch Beam,3.6,751000,751000, Puzzle,4900,216000,996000,1300
Unpacking,2021-11-02, Humble Games,3.6,751000,751000, Puzzle,4900,216000,996000,1300
Unpacking,2021-11-02,Witch Beam,3.6,751000,751000, Simulator,4900,216000,996000,1300
Unpacking,2021-11-02, Humble Games,3.6,751000,751000, Simulator,4900,216000,996000,1300
Red Dead Redemption,2010-05-18,Rockstar Games,4.2,1500,1500,Adventure,13000,218000,2400,1600
Red Dead Redemption,2010-05-18, Rockstar North,4.2,1500,1500,Adventure,13000,218000,2400,1600
Red Dead Redemption,2010-05-18,Rockstar Games,4.2,1500,1500, RPG,13000,218000,2400,1600
Red Dead Redemption,2010-05-18, Rockstar North,4.2,1500,1500, RPG,13000,218000,2400,1600
Red Dead Redemption,2010-05-18,Rockstar Games,4.2,1500,1500, Shooter,13000,218000,2400,1600
Red Dead Redemption,2010-05-18, Rockstar North,4.2,1500,1500, Shooter,13000,218000,2400,1600
Tales of Arise,2021-09-10,Bandai Namco Entertainment,3.6,650000,650000,Adventure,3100,571000,2300,1900
Tales of Arise,2021-09-10, Bandai Namco Studios,3.6,650000,650000,Adventure,3100,571000,2300,1900
Tales of Arise,2021-09-10,Bandai Namco Entertainment,3.6,650000,650000, RPG,3100,571000,2300,1900
Tales of Arise,2021-09-10, Bandai Namco Studios,3.6,650000,650000, RPG,3100,571000,2300,1900
Deltarune: Chapter 1,2018-10-31,8-4,3.9,591000,591000,Adventure,11000,107000,1800,729000
Deltarune: Chapter 1,2018-10-31, tobyfox,3.9,591000,591000,Adventure,11000,107000,1800,729000
Deltarune: Chapter 1,2018-10-31,8-4,3.9,591000,591000, Indie,11000,107000,1800,729000
Deltarune: Chapter 1,2018-10-31, tobyfox,3.9,591000,591000, Indie,11000,107000,1800,729000
Deltarune: Chapter 1,2018-10-31,8-4,3.9,591000,591000, RPG,11000,107000,1800,729000
Deltarune: Chapter 1,2018-10-31, tobyfox,3.9,591000,591000, RPG,11000,107000,1800,729000
Deltarune: Chapter 1,2018-10-31,8-4,3.9,591000,591000, Turn Based Strategy,11000,107000,1800,729000
Deltarune: Chapter 1,2018-10-31, tobyfox,3.9,591000,591000, Turn Based Strategy,11000,107000,1800,729000
Dead Space,2023-01-27,Motive Studios,4.3,501000,501000,Adventure,1300,248000,985000,1900
Dead Space,2023-01-27, Electronic Arts,4.3,501000,501000,Adventure,1300,248000,985000,1900
Dead Space,2023-01-27,Motive Studios,4.3,501000,501000, RPG,1300,248000,985000,1900
Dead Space,2023-01-27, Electronic Arts,4.3,501000,501000, RPG,1300,248000,985000,1900
Dead Space,2023-01-27,Motive Studios,4.3,501000,501000, Shooter,1300,248000,985000,1900
Dead Space,2023-01-27, Electronic Arts,4.3,501000,501000, Shooter,1300,248000,985000,1900
Tomb Raider,2013-03-04,Square Enix,3.5,896000,896000,Adventure,15000,175000,2700,508000
Tomb Raider,2013-03-04, Crystal Dynamics,3.5,896000,896000,Adventure,15000,175000,2700,508000
Tomb Raider,2013-03-04,Square Enix,3.5,896000,896000, Platform,15000,175000,2700,508000
Tomb Raider,2013-03-04, Crystal Dynamics,3.5,896000,896000, Platform,15000,175000,2700,508000
Tomb Raider,2013-03-04,Square Enix,3.5,896000,896000, Puzzle,15000,175000,2700,508000
Tomb Raider,2013-03-04, Crystal Dynamics,3.5,896000,896000, Puzzle,15000,175000,2700,508000
Tomb Raider,2013-03-04,Square Enix,3.5,896000,896000, Shooter,15000,175000,2700,508000
Tomb Raider,2013-03-04, Crystal Dynamics,3.5,896000,896000, Shooter,15000,175000,2700,508000
Super Mario Galaxy 2,2010-05-23,Nintendo EAD,4.3,1800,1800,Adventure,13000,123000,2500,1300
Super Mario Galaxy 2,2010-05-23, Nintendo,4.3,1800,1800,Adventure,13000,123000,2500,1300
Super Mario Galaxy 2,2010-05-23,Nintendo EAD,4.3,1800,1800, Platform,13000,123000,2500,1300
Super Mario Galaxy 2,2010-05-23, Nintendo,4.3,1800,1800, Platform,13000,123000,2500,1300
Donkey Kong Country,1994-11-18,Rare,3.9,1300,1300,Adventure,11000,186000,1900,514000
Donkey Kong Country,1994-11-18,Rare,3.9,1300,1300, Platform,11000,186000,1900,514000
What Remains of Edith Finch,2017-04-24,Annapurna Interactive,4.0,1400,1400,Adventure,8600,61000,2200,1300
What Remains of Edith Finch,2017-04-24, Giant Sparrow,4.0,1400,1400,Adventure,8600,61000,2200,1300
What Remains of Edith Finch,2017-04-24,Annapurna Interactive,4.0,1400,1400, Indie,8600,61000,2200,1300
What Remains of Edith Finch,2017-04-24, Giant Sparrow,4.0,1400,1400, Indie,8600,61000,2200,1300
What Remains of Edith Finch,2017-04-24,Annapurna Interactive,4.0,1400,1400, Puzzle,8600,61000,2200,1300
What Remains of Edith Finch,2017-04-24, Giant Sparrow,4.0,1400,1400, Puzzle,8600,61000,2200,1300
Monster Hunter Rise,2021-03-26,Capcom,4.0,789000,789000,Adventure,5700,1100,1800,1300
Monster Hunter Rise,2021-03-26, Capcom Development Division 2,4.0,789000,789000,Adventure,5700,1100,1800,1300
Monster Hunter Rise,2021-03-26,Capcom,4.0,789000,789000, Brawler,5700,1100,1800,1300
Monster Hunter Rise,2021-03-26, Capcom Development Division 2,4.0,789000,789000, Brawler,5700,1100,1800,1300
Monster Hunter Rise,2021-03-26,Capcom,4.0,789000,789000, RPG,5700,1100,1800,1300
Monster Hunter Rise,2021-03-26, Capcom Development Division 2,4.0,789000,789000, RPG,5700,1100,1800,1300
Pokémon Emerald,2004-09-16,Nintendo,4.0,1200,1200,Adventure,16000,219000,1000,376000
Pokémon Emerald,2004-09-16, Game Freak,4.0,1200,1200,Adventure,16000,219000,1000,376000
Pokémon Emerald,2004-09-16,Nintendo,4.0,1200,1200, RPG,16000,219000,1000,376000
Pokémon Emerald,2004-09-16, Game Freak,4.0,1200,1200, RPG,16000,219000,1000,376000
Pokémon Emerald,2004-09-16,Nintendo,4.0,1200,1200, Turn Based Strategy,16000,219000,1000,376000
Pokémon Emerald,2004-09-16, Game Freak,4.0,1200,1200, Turn Based Strategy,16000,219000,1000,376000
NEO: The World Ends with You,2021-07-26,Square Enix,4.2,725000,725000,Brawler,2500,357000,2400,2000
NEO: The World Ends with You,2021-07-26,Square Enix,4.2,725000,725000, RPG,2500,357000,2400,2000
Assassin's Creed II,2009-11-17,Ubisoft Montreal,3.8,1300,1300,Adventure,16000,140000,1500,521000
Assassin's Creed II,2009-11-17, Ubisoft Entertainment,3.8,1300,1300,Adventure,16000,140000,1500,521000
Assassin's Creed II,2009-11-17,Ubisoft Montreal,3.8,1300,1300, Platform,16000,140000,1500,521000
Assassin's Creed II,2009-11-17, Ubisoft Entertainment,3.8,1300,1300, Platform,16000,140000,1500,521000
Pokémon Scarlet,2022-11-18,Nintendo,3.5,596000,596000,Adventure,2600,580000,489000,496000
Pokémon Scarlet,2022-11-18, Game Freak,3.5,596000,596000,Adventure,2600,580000,489000,496000
Pokémon Scarlet,2022-11-18,Nintendo,3.5,596000,596000, RPG,2600,580000,489000,496000
Pokémon Scarlet,2022-11-18, Game Freak,3.5,596000,596000, RPG,2600,580000,489000,496000
Pokémon Scarlet,2022-11-18,Nintendo,3.5,596000,596000, Turn Based Strategy,2600,580000,489000,496000
Pokémon Scarlet,2022-11-18, Game Freak,3.5,596000,596000, Turn Based Strategy,2600,580000,489000,496000
Dead Space,2008-10-14,EA Redwood Shores,4.0,1200,1200,Shooter,9600,302000,2700,1100
Dead Space,2008-10-14, Electronic Arts,4.0,1200,1200,Shooter,9600,302000,2700,1100
New Super Mario Bros.,2006-05-15,Nintendo,3.5,991000,991000,Adventure,16000,108000,824000,287000
New Super Mario Bros.,2006-05-15,Nintendo,3.5,991000,991000, Platform,16000,108000,824000,287000
Shadow of the Colossus,2018-02-06,Sony Interactive Entertainment,4.1,1100,1100,Adventure,7800,242000,3200,1600
Shadow of the Colossus,2018-02-06, Bluepoint Games,4.1,1100,1100,Adventure,7800,242000,3200,1600
Shadow of the Colossus,2018-02-06,Sony Interactive Entertainment,4.1,1100,1100, Platform,7800,242000,3200,1600
Shadow of the Colossus,2018-02-06, Bluepoint Games,4.1,1100,1100, Platform,7800,242000,3200,1600
Shadow of the Colossus,2018-02-06,Sony Interactive Entertainment,4.1,1100,1100, Puzzle,7800,242000,3200,1600
Shadow of the Colossus,2018-02-06, Bluepoint Games,4.1,1100,1100, Puzzle,7800,242000,3200,1600
Horizon Forbidden West,2022-02-18,Guerrilla Games,3.8,830000,830000,Adventure,2700,561000,2100,2300
Horizon Forbidden West,2022-02-18, Sony Interactive Entertainment,3.8,830000,830000,Adventure,2700,561000,2100,2300
Horizon Forbidden West,2022-02-18,Guerrilla Games,3.8,830000,830000, RPG,2700,561000,2100,2300
Horizon Forbidden West,2022-02-18, Sony Interactive Entertainment,3.8,830000,830000, RPG,2700,561000,2100,2300
God of War,2005-03-22,SCE Santa Monica Studio,3.6,981000,981000,Adventure,11000,158000,1500,896000
God of War,2005-03-22, Sony Computer Entertainment,3.6,981000,981000,Adventure,11000,158000,1500,896000
God of War,2005-03-22,SCE Santa Monica Studio,3.6,981000,981000, Brawler,11000,158000,1500,896000
God of War,2005-03-22, Sony Computer Entertainment,3.6,981000,981000, Brawler,11000,158000,1500,896000
God of War,2005-03-22,SCE Santa Monica Studio,3.6,981000,981000, Strategy,11000,158000,1500,896000
God of War,2005-03-22, Sony Computer Entertainment,3.6,981000,981000, Strategy,11000,158000,1500,896000
Detroit: Become Human,2018-05-25,Quantic Dream,3.5,1000,1000,Adventure,11000,216000,2200,1300
Detroit: Become Human,2018-05-25, Sony Interactive Entertainment,3.5,1000,1000,Adventure,11000,216000,2200,1300
Detroit: Become Human,2018-05-25,Quantic Dream,3.5,1000,1000, Puzzle,11000,216000,2200,1300
Detroit: Become Human,2018-05-25, Sony Interactive Entertainment,3.5,1000,1000, Puzzle,11000,216000,2200,1300
Final Fantasy XV,2016-11-29,Square Enix,3.3,1100,1100,Adventure,11000,374000,3200,1100
Final Fantasy XV,2016-11-29,Square Enix,3.3,1100,1100, RPG,11000,374000,3200,1100
Persona 5 Strikers,2020-02-20,Omega Force,3.7,993000,993000,Adventure,5100,779000,3600,1600
Persona 5 Strikers,2020-02-20, Sega,3.7,993000,993000,Adventure,5100,779000,3600,1600
Persona 5 Strikers,2020-02-20,Omega Force,3.7,993000,993000, Brawler,5100,779000,3600,1600
Persona 5 Strikers,2020-02-20, Sega,3.7,993000,993000, Brawler,5100,779000,3600,1600
Persona 5 Strikers,2020-02-20,Omega Force,3.7,993000,993000, RPG,5100,779000,3600,1600
Persona 5 Strikers,2020-02-20, Sega,3.7,993000,993000, RPG,5100,779000,3600,1600
Limbo,2010-07-21,Microsoft Game Studios,3.5,965000,965000,Adventure,13000,129000,2200,852000
Limbo,2010-07-21, Playdead,3.5,965000,965000,Adventure,13000,129000,2200,852000
Limbo,2010-07-21,Microsoft Game Studios,3.5,965000,965000, Indie,13000,129000,2200,852000
Limbo,2010-07-21, Playdead,3.5,965000,965000, Indie,13000,129000,2200,852000
Limbo,2010-07-21,Microsoft Game Studios,3.5,965000,965000, Platform,13000,129000,2200,852000
Limbo,2010-07-21, Playdead,3.5,965000,965000, Platform,13000,129000,2200,852000
Limbo,2010-07-21,Microsoft Game Studios,3.5,965000,965000, Puzzle,13000,129000,2200,852000
Limbo,2010-07-21, Playdead,3.5,965000,965000, Puzzle,13000,129000,2200,852000
Pokémon Platinum,2008-09-13,Nintendo,4.1,1400,1400,Adventure,14000,254000,1300,461000
Pokémon Platinum,2008-09-13, Game Freak,4.1,1400,1400,Adventure,14000,254000,1300,461000
Pokémon Platinum,2008-09-13,Nintendo,4.1,1400,1400, RPG,14000,254000,1300,461000
Pokémon Platinum,2008-09-13, Game Freak,4.1,1400,1400, RPG,14000,254000,1300,461000
Pokémon Platinum,2008-09-13,Nintendo,4.1,1400,1400, Turn Based Strategy,14000,254000,1300,461000
Pokémon Platinum,2008-09-13, Game Freak,4.1,1400,1400, Turn Based Strategy,14000,254000,1300,461000
Stranger of Paradise: Final Fantasy Origin,2022-03-18,Team NINJA,3.6,607000,607000,Adventure,1600,180000,1300,1400
Stranger of Paradise: Final Fantasy Origin,2022-03-18, Square Enix,3.6,607000,607000,Adventure,1600,180000,1300,1400
Stranger of Paradise: Final Fantasy Origin,2022-03-18,Team NINJA,3.6,607000,607000, RPG,1600,180000,1300,1400
Stranger of Paradise: Final Fantasy Origin,2022-03-18, Square Enix,3.6,607000,607000, RPG,1600,180000,1300,1400
Killer7,2005-06-09,Capcom,4.3,1200,1200,Adventure,2800,237000,2500,1300
Killer7,2005-06-09, Grasshopper Manufacture,4.3,1200,1200,Adventure,2800,237000,2500,1300
Killer7,2005-06-09,Capcom,4.3,1200,1200, Shooter,2800,237000,2500,1300
Killer7,2005-06-09, Grasshopper Manufacture,4.3,1200,1200, Shooter,2800,237000,2500,1300
Grand Theft Auto IV,2008-04-29,Rockstar North,3.8,1100,1100,Adventure,14000,258000,1900,721000
Grand Theft Auto IV,2008-04-29, Rockstar Games,3.8,1100,1100,Adventure,14000,258000,1900,721000
Grand Theft Auto IV,2008-04-29,Rockstar North,3.8,1100,1100, Racing,14000,258000,1900,721000
Grand Theft Auto IV,2008-04-29, Rockstar Games,3.8,1100,1100, Racing,14000,258000,1900,721000
Grand Theft Auto IV,2008-04-29,Rockstar North,3.8,1100,1100, Shooter,14000,258000,1900,721000
Grand Theft Auto IV,2008-04-29, Rockstar Games,3.8,1100,1100, Shooter,14000,258000,1900,721000
Metroid: Zero Mission,2004-02-09,Nintendo R&D1,4.0,1200,1200,Adventure,7500,148000,1500,700000
Metroid: Zero Mission,2004-02-09, Nintendo,4.0,1200,1200,Adventure,7500,148000,1500,700000
Metroid: Zero Mission,2004-02-09,Nintendo R&D1,4.0,1200,1200, Platform,7500,148000,1500,700000
Metroid: Zero Mission,2004-02-09, Nintendo,4.0,1200,1200, Platform,7500,148000,1500,700000
Metroid: Zero Mission,2004-02-09,Nintendo R&D1,4.0,1200,1200, Shooter,7500,148000,1500,700000
Metroid: Zero Mission,2004-02-09, Nintendo,4.0,1200,1200, Shooter,7500,148000,1500,700000
Final Fantasy X,2001-07-19,Square Electronic Arts,4.1,1500,1500,Adventure,8500,330000,2900,990000
Final Fantasy X,2001-07-19, Square,4.1,1500,1500,Adventure,8500,330000,2900,990000
Final Fantasy X,2001-07-19,Square Electronic Arts,4.1,1500,1500, RPG,8500,330000,2900,990000
Final Fantasy X,2001-07-19, Square,4.1,1500,1500, RPG,8500,330000,2900,990000
Danganronpa 2: Goodbye Despair,2012-07-26,NIS America,3.9,972000,972000,Adventure,9900,288000,1800,605000
Danganronpa 2: Goodbye Despair,2012-07-26, Spike ChunSoft,3.9,972000,972000,Adventure,9900,288000,1800,605000
Danganronpa 2: Goodbye Despair,2012-07-26,NIS America,3.9,972000,972000, Point-and-Click,9900,288000,1800,605000
Danganronpa 2: Goodbye Despair,2012-07-26, Spike ChunSoft,3.9,972000,972000, Point-and-Click,9900,288000,1800,605000
Danganronpa 2: Goodbye Despair,2012-07-26,NIS America,3.9,972000,972000, Visual Novel,9900,288000,1800,605000
Danganronpa 2: Goodbye Despair,2012-07-26, Spike ChunSoft,3.9,972000,972000, Visual Novel,9900,288000,1800,605000
Final Fantasy IX,2000-07-07,Square,4.3,1600,1600,RPG,6800,350000,3600,1200
Final Fantasy IX,2000-07-07, Square Electronic Arts,4.3,1600,1600,RPG,6800,350000,3600,1200
Final Fantasy IX,2000-07-07,Square,4.3,1600,1600, Turn Based Strategy,6800,350000,3600,1200
Final Fantasy IX,2000-07-07, Square Electronic Arts,4.3,1600,1600, Turn Based Strategy,6800,350000,3600,1200
Halo 3,2007-09-25,Bungie,4.2,1600,1600,Shooter,12000,101000,1500,528000
Halo 3,2007-09-25, Microsoft Game Studios,4.2,1600,1600,Shooter,12000,101000,1500,528000
Metroid Fusion,2002-11-17,Nintendo,4.0,1300,1300,Adventure,7900,146000,2000,799000
Metroid Fusion,2002-11-17, Nintendo R&D1,4.0,1300,1300,Adventure,7900,146000,2000,799000
Metroid Fusion,2002-11-17,Nintendo,4.0,1300,1300, Platform,7900,146000,2000,799000
Metroid Fusion,2002-11-17, Nintendo R&D1,4.0,1300,1300, Platform,7900,146000,2000,799000
Metroid Fusion,2002-11-17,Nintendo,4.0,1300,1300, Shooter,7900,146000,2000,799000
Metroid Fusion,2002-11-17, Nintendo R&D1,4.0,1300,1300, Shooter,7900,146000,2000,799000
Final Fantasy VI,1994-04-02,Square Enix,4.4,1600,1600,Adventure,6100,312000,3300,1300
Final Fantasy VI,1994-04-02, Square,4.4,1600,1600,Adventure,6100,312000,3300,1300
Final Fantasy VI,1994-04-02,Square Enix,4.4,1600,1600, RPG,6100,312000,3300,1300
Final Fantasy VI,1994-04-02, Square,4.4,1600,1600, RPG,6100,312000,3300,1300
VA-11 Hall-A: Cyberpunk Bartender Action,2016-06-21,Ysbryd Games,4.1,940000,940000,Adventure,5400,469000,2800,1500
VA-11 Hall-A: Cyberpunk Bartender Action,2016-06-21, SUKEBAN,4.1,940000,940000,Adventure,5400,469000,2800,1500
VA-11 Hall-A: Cyberpunk Bartender Action,2016-06-21,Ysbryd Games,4.1,940000,940000, Indie,5400,469000,2800,1500
VA-11 Hall-A: Cyberpunk Bartender Action,2016-06-21, SUKEBAN,4.1,940000,940000, Indie,5400,469000,2800,1500
VA-11 Hall-A: Cyberpunk Bartender Action,2016-06-21,Ysbryd Games,4.1,940000,940000, Simulator,5400,469000,2800,1500
VA-11 Hall-A: Cyberpunk Bartender Action,2016-06-21, SUKEBAN,4.1,940000,940000, Simulator,5400,469000,2800,1500
VA-11 Hall-A: Cyberpunk Bartender Action,2016-06-21,Ysbryd Games,4.1,940000,940000, Visual Novel,5400,469000,2800,1500
VA-11 Hall-A: Cyberpunk Bartender Action,2016-06-21, SUKEBAN,4.1,940000,940000, Visual Novel,5400,469000,2800,1500
Dead Cells,2018-08-06,Motion Twin,3.8,802000,802000,Adventure,9200,737000,2800,1400
Dead Cells,2018-08-06,Motion Twin,3.8,802000,802000, Indie,9200,737000,2800,1400
Dead Cells,2018-08-06,Motion Twin,3.8,802000,802000, Platform,9200,737000,2800,1400
Far Cry 3,2012-11-28,Ubisoft Entertainment,3.7,983000,983000,Adventure,14000,188000,1900,660000
Far Cry 3,2012-11-28, Ubisoft Montreal,3.7,983000,983000,Adventure,14000,188000,1900,660000
Far Cry 3,2012-11-28,Ubisoft Entertainment,3.7,983000,983000, Shooter,14000,188000,1900,660000
Far Cry 3,2012-11-28, Ubisoft Montreal,3.7,983000,983000, Shooter,14000,188000,1900,660000
The Stanley Parable: Ultra Deluxe,2022-04-27,Crows Crows Crows,4.1,592000,592000,Adventure,3200,141000,1100,1300
The Stanley Parable: Ultra Deluxe,2022-04-27,Crows Crows Crows,4.1,592000,592000, Simulator,3200,141000,1100,1300
SuperHot,2016-02-25,IMGN.PRO,3.7,835000,835000,Fighting,12000,95000,1700,842000
SuperHot,2016-02-25, SUPERHOT Team,3.7,835000,835000,Fighting,12000,95000,1700,842000
SuperHot,2016-02-25,IMGN.PRO,3.7,835000,835000, Indie,12000,95000,1700,842000
SuperHot,2016-02-25, SUPERHOT Team,3.7,835000,835000, Indie,12000,95000,1700,842000
SuperHot,2016-02-25,IMGN.PRO,3.7,835000,835000, Puzzle,12000,95000,1700,842000
SuperHot,2016-02-25, SUPERHOT Team,3.7,835000,835000, Puzzle,12000,95000,1700,842000
SuperHot,2016-02-25,IMGN.PRO,3.7,835000,835000, Shooter,12000,95000,1700,842000
SuperHot,2016-02-25, SUPERHOT Team,3.7,835000,835000, Shooter,12000,95000,1700,842000
SuperHot,2016-02-25,IMGN.PRO,3.7,835000,835000, Tactical,12000,95000,1700,842000
SuperHot,2016-02-25, SUPERHOT Team,3.7,835000,835000, Tactical,12000,95000,1700,842000
Plants vs. Zombies,2009-05-05,PopCap Games,3.7,719000,719000,Puzzle,14000,117000,493000,82000
Plants vs. Zombies,2009-05-05,PopCap Games,3.7,719000,719000, Real Time Strategy,14000,117000,493000,82000
Plants vs. Zombies,2009-05-05,PopCap Games,3.7,719000,719000, Simulator,14000,117000,493000,82000
Plants vs. Zombies,2009-05-05,PopCap Games,3.7,719000,719000, Strategy,14000,117000,493000,82000
Plants vs. Zombies,2009-05-05,PopCap Games,3.7,719000,719000, Tactical,14000,117000,493000,82000
Ori and the Blind Forest,2015-03-11,Moon Studios,3.9,780000,780000,Adventure,7900,260000,2900,1400
Ori and the Blind Forest,2015-03-11, Microsoft Studios,3.9,780000,780000,Adventure,7900,260000,2900,1400
Ori and the Blind Forest,2015-03-11,Moon Studios,3.9,780000,780000, Platform,7900,260000,2900,1400
Ori and the Blind Forest,2015-03-11, Microsoft Studios,3.9,780000,780000, Platform,7900,260000,2900,1400
Ori and the Blind Forest,2015-03-11,Moon Studios,3.9,780000,780000, Puzzle,7900,260000,2900,1400
Ori and the Blind Forest,2015-03-11, Microsoft Studios,3.9,780000,780000, Puzzle,7900,260000,2900,1400
Demon's Souls,2020-11-12,Bluepoint Games,3.9,880000,880000,Adventure,4100,403000,2400,2100
Demon's Souls,2020-11-12, Sony Interactive Entertainment,3.9,880000,880000,Adventure,4100,403000,2400,2100
Demon's Souls,2020-11-12,Bluepoint Games,3.9,880000,880000, RPG,4100,403000,2400,2100
Demon's Souls,2020-11-12, Sony Interactive Entertainment,3.9,880000,880000, RPG,4100,403000,2400,2100
A Plague Tale: Innocence,2019-05-14,Focus Entertainment,3.7,852000,852000,Adventure,5400,202000,2600,1000
A Plague Tale: Innocence,2019-05-14, Asobo Studio,3.7,852000,852000,Adventure,5400,202000,2600,1000
A Plague Tale: Innocence,2019-05-14,Focus Entertainment,3.7,852000,852000, RPG,5400,202000,2600,1000
A Plague Tale: Innocence,2019-05-14, Asobo Studio,3.7,852000,852000, RPG,5400,202000,2600,1000
The Legend of Zelda: Link's Awakening,2019-09-20,Nintendo,3.9,1100,1100,Adventure,7600,387000,2800,2000
The Legend of Zelda: Link's Awakening,2019-09-20, Grezzo,3.9,1100,1100,Adventure,7600,387000,2800,2000
Assassin's Creed,2007-11-13,Ubisoft Montreal,2.9,801000,801000,Adventure,13000,118000,1200,496000
Assassin's Creed,2007-11-13, Ubisoft Entertainment,2.9,801000,801000,Adventure,13000,118000,1200,496000
Assassin's Creed,2007-11-13,Ubisoft Montreal,2.9,801000,801000, Platform,13000,118000,1200,496000
Assassin's Creed,2007-11-13, Ubisoft Entertainment,2.9,801000,801000, Platform,13000,118000,1200,496000
Judgment,2018-12-13,Sega Games,4.1,890000,890000,Adventure,3100,358000,2300,1600
Judgment,2018-12-13, Ryu ga Gotoku Studios,4.1,890000,890000,Adventure,3100,358000,2300,1600
Judgment,2018-12-13,Sega Games,4.1,890000,890000, RPG,3100,358000,2300,1600
Judgment,2018-12-13, Ryu ga Gotoku Studios,4.1,890000,890000, RPG,3100,358000,2300,1600
Call of Duty: Black Ops,2010-11-09,Activision,3.7,920000,920000,Shooter,14000,44000,611000,318000
Call of Duty: Black Ops,2010-11-09, Treyarch,3.7,920000,920000,Shooter,14000,44000,611000,318000
Ratchet & Clank: Rift Apart,2021-06-11,Sony Interactive Entertainment,4.0,906000,906000,Adventure,3700,218000,1500,1700
Ratchet & Clank: Rift Apart,2021-06-11, Insomniac Games,4.0,906000,906000,Adventure,3700,218000,1500,1700
Ratchet & Clank: Rift Apart,2021-06-11,Sony Interactive Entertainment,4.0,906000,906000, Platform,3700,218000,1500,1700
Ratchet & Clank: Rift Apart,2021-06-11, Insomniac Games,4.0,906000,906000, Platform,3700,218000,1500,1700
Ratchet & Clank: Rift Apart,2021-06-11,Sony Interactive Entertainment,4.0,906000,906000, Shooter,3700,218000,1500,1700
Ratchet & Clank: Rift Apart,2021-06-11, Insomniac Games,4.0,906000,906000, Shooter,3700,218000,1500,1700
Pokémon Black,2010-09-18,Nintendo,4.0,1000,1000,Adventure,12000,186000,1100,461000
Pokémon Black,2010-09-18, Game Freak,4.0,1000,1000,Adventure,12000,186000,1100,461000
Pokémon Black,2010-09-18,Nintendo,4.0,1000,1000, RPG,12000,186000,1100,461000
Pokémon Black,2010-09-18, Game Freak,4.0,1000,1000, RPG,12000,186000,1100,461000
Pokémon Black,2010-09-18,Nintendo,4.0,1000,1000, Turn Based Strategy,12000,186000,1100,461000
Pokémon Black,2010-09-18, Game Freak,4.0,1000,1000, Turn Based Strategy,12000,186000,1100,461000
The Stanley Parable,2013-10-17,Galactic Cafe,3.8,767000,767000,Adventure,10000,46000,1300,833000
The Stanley Parable,2013-10-17,Galactic Cafe,3.8,767000,767000, Indie,10000,46000,1300,833000
The Legend of Zelda,1986-02-21,Nintendo EAD,3.2,1200,1200,Adventure,9300,132000,1500,463000
The Legend of Zelda,1986-02-21, Nintendo,3.2,1200,1200,Adventure,9300,132000,1500,463000
AI: The Somnium Files - Nirvana Initiative,2022-06-23,Spike ChunSoft,3.9,455000,455000,Adventure,1500,139000,835000,811000
AI: The Somnium Files - Nirvana Initiative,2022-06-23,Spike ChunSoft,3.9,455000,455000, Puzzle,1500,139000,835000,811000
AI: The Somnium Files - Nirvana Initiative,2022-06-23,Spike ChunSoft,3.9,455000,455000, Visual Novel,1500,139000,835000,811000
Ghost Trick: Phantom Detective,2010-06-19,Capcom,4.4,830000,830000,Adventure,3600,149000,1800,1200
Ghost Trick: Phantom Detective,2010-06-19,Capcom,4.4,830000,830000, Puzzle,3600,149000,1800,1200
Dragon Quest XI S: Echoes of an Elusive Age - Definitive Edition,2019-09-27,Square Enix,4.2,880000,880000,Adventure,4700,748000,3100,1200
Dragon Quest XI S: Echoes of an Elusive Age - Definitive Edition,2019-09-27,Square Enix,4.2,880000,880000, RPG,4700,748000,3100,1200
Paper Mario: The Thousand-Year Door,2004-07-22,Nintendo,4.4,1300,1300,Adventure,6700,187000,2900,1500
Paper Mario: The Thousand-Year Door,2004-07-22, Intelligent Systems Co.,4.4,1300,1300,Adventure,6700,187000,2900,1500
Paper Mario: The Thousand-Year Door,2004-07-22, Ltd.,4.4,1300,1300,Adventure,6700,187000,2900,1500
Paper Mario: The Thousand-Year Door,2004-07-22,Nintendo,4.4,1300,1300, RPG,6700,187000,2900,1500
Paper Mario: The Thousand-Year Door,2004-07-22, Intelligent Systems Co.,4.4,1300,1300, RPG,6700,187000,2900,1500
Paper Mario: The Thousand-Year Door,2004-07-22, Ltd.,4.4,1300,1300, RPG,6700,187000,2900,1500
Paper Mario: The Thousand-Year Door,2004-07-22,Nintendo,4.4,1300,1300, Turn Based Strategy,6700,187000,2900,1500
Paper Mario: The Thousand-Year Door,2004-07-22, Intelligent Systems Co.,4.4,1300,1300, Turn Based Strategy,6700,187000,2900,1500
Paper Mario: The Thousand-Year Door,2004-07-22, Ltd.,4.4,1300,1300, Turn Based Strategy,6700,187000,2900,1500
God of War II,2007-03-13,Sony Computer Entertainment,4.0,936000,936000,Adventure,9300,89000,1300,687000
God of War II,2007-03-13, Inc. (SCEI),4.0,936000,936000,Adventure,9300,89000,1300,687000
God of War II,2007-03-13, SIE Santa Monica Studio,4.0,936000,936000,Adventure,9300,89000,1300,687000
God of War II,2007-03-13,Sony Computer Entertainment,4.0,936000,936000, Brawler,9300,89000,1300,687000
God of War II,2007-03-13, Inc. (SCEI),4.0,936000,936000, Brawler,9300,89000,1300,687000
God of War II,2007-03-13, SIE Santa Monica Studio,4.0,936000,936000, Brawler,9300,89000,1300,687000
God of War II,2007-03-13,Sony Computer Entertainment,4.0,936000,936000, Platform,9300,89000,1300,687000
God of War II,2007-03-13, Inc. (SCEI),4.0,936000,936000, Platform,9300,89000,1300,687000
God of War II,2007-03-13, SIE Santa Monica Studio,4.0,936000,936000, Platform,9300,89000,1300,687000
Mass Effect 2,2010-01-26,BioWare,4.3,1300,1300,Adventure,9600,107000,1900,645000
Mass Effect 2,2010-01-26, Electronic Arts,4.3,1300,1300,Adventure,9600,107000,1900,645000
Mass Effect 2,2010-01-26,BioWare,4.3,1300,1300, RPG,9600,107000,1900,645000
Mass Effect 2,2010-01-26, Electronic Arts,4.3,1300,1300, RPG,9600,107000,1900,645000
Mass Effect 2,2010-01-26,BioWare,4.3,1300,1300, Shooter,9600,107000,1900,645000
Mass Effect 2,2010-01-26, Electronic Arts,4.3,1300,1300, Shooter,9600,107000,1900,645000
Forza Horizon 5,2021-11-09,Playground Games,3.8,589000,589000,Racing,4600,589000,712000,594000
Forza Horizon 5,2021-11-09, Xbox Game Studios,3.8,589000,589000,Racing,4600,589000,712000,594000
Metal Gear Solid V: Ground Zeroes,2014-03-18,Konami,3.3,650000,650000,Adventure,9500,53000,1700,549000
Metal Gear Solid V: Ground Zeroes,2014-03-18, Kojima Productions,3.3,650000,650000,Adventure,9500,53000,1700,549000
Metal Gear Solid V: Ground Zeroes,2014-03-18,Konami,3.3,650000,650000, RPG,9500,53000,1700,549000
Metal Gear Solid V: Ground Zeroes,2014-03-18, Kojima Productions,3.3,650000,650000, RPG,9500,53000,1700,549000
Metal Gear Solid V: Ground Zeroes,2014-03-18,Konami,3.3,650000,650000, Shooter,9500,53000,1700,549000
Metal Gear Solid V: Ground Zeroes,2014-03-18, Kojima Productions,3.3,650000,650000, Shooter,9500,53000,1700,549000
Metal Gear Solid V: Ground Zeroes,2014-03-18,Konami,3.3,650000,650000, Strategy,9500,53000,1700,549000
Metal Gear Solid V: Ground Zeroes,2014-03-18, Kojima Productions,3.3,650000,650000, Strategy,9500,53000,1700,549000
No More Heroes III,2021-08-27,Grasshopper Manufacture,3.9,604000,604000,Brawler,1600,109000,1500,1400
Banjo-Kazooie,1998-06-29,Microsoft Game Studios,4.0,1200,1200,Adventure,7400,205000,2100,765000
Banjo-Kazooie,1998-06-29, Rare,4.0,1200,1200,Adventure,7400,205000,2100,765000
Banjo-Kazooie,1998-06-29,Microsoft Game Studios,4.0,1200,1200, Platform,7400,205000,2100,765000
Banjo-Kazooie,1998-06-29, Rare,4.0,1200,1200, Platform,7400,205000,2100,765000
Astro's Playroom,2020-11-12,SIE Japan Studio,4.0,914000,914000,Adventure,5700,82000,358000,249000
Astro's Playroom,2020-11-12, Sony Interactive Entertainment,4.0,914000,914000,Adventure,5700,82000,358000,249000
Astro's Playroom,2020-11-12,SIE Japan Studio,4.0,914000,914000, Platform,5700,82000,358000,249000
Astro's Playroom,2020-11-12, Sony Interactive Entertainment,4.0,914000,914000, Platform,5700,82000,358000,249000
Call of Duty: Black Ops II,2012-11-12,Treyarch,3.8,903000,903000,Shooter,13000,57000,626000,286000
Call of Duty: Black Ops II,2012-11-12, Activision,3.8,903000,903000,Shooter,13000,57000,626000,286000
The Legend of Zelda: Skyward Sword HD,2021-07-16,Nintendo,3.8,639000,639000,Adventure,3700,444000,2300,1300
The Legend of Zelda: Skyward Sword HD,2021-07-16, Nintendo EAD Software Development Group No.3,3.8,639000,639000,Adventure,3700,444000,2300,1300
The Legend of Zelda: Skyward Sword HD,2021-07-16,Nintendo,3.8,639000,639000, RPG,3700,444000,2300,1300
The Legend of Zelda: Skyward Sword HD,2021-07-16, Nintendo EAD Software Development Group No.3,3.8,639000,639000, RPG,3700,444000,2300,1300
Mega Man X,1993-12-17,Rozner Labs Software Group,4.1,1200,1200,Adventure,6900,76000,1100,385000
Mega Man X,1993-12-17, Nintendo,4.1,1200,1200,Adventure,6900,76000,1100,385000
Mega Man X,1993-12-17,Rozner Labs Software Group,4.1,1200,1200, Platform,6900,76000,1100,385000
Mega Man X,1993-12-17, Nintendo,4.1,1200,1200, Platform,6900,76000,1100,385000
Mega Man X,1993-12-17,Rozner Labs Software Group,4.1,1200,1200, Shooter,6900,76000,1100,385000
Mega Man X,1993-12-17, Nintendo,4.1,1200,1200, Shooter,6900,76000,1100,385000
Subnautica,2018-01-23,Gearbox Publishing,3.8,712000,712000,Adventure,7200,335000,2900,944000
Subnautica,2018-01-23, Unknown Worlds Entertainment,3.8,712000,712000,Adventure,7200,335000,2900,944000
Subnautica,2018-01-23,Gearbox Publishing,3.8,712000,712000, Indie,7200,335000,2900,944000
Subnautica,2018-01-23, Unknown Worlds Entertainment,3.8,712000,712000, Indie,7200,335000,2900,944000
Returnal,2021-04-30,Housemarque,4.0,725000,725000,Shooter,2400,430000,1800,1600
Returnal,2021-04-30, Sony Interactive Entertainment,4.0,725000,725000,Shooter,2400,430000,1800,1600
New Super Mario Bros. Wii,2009-11-12,Nintendo,3.5,859000,859000,Adventure,13000,85000,696000,241000
New Super Mario Bros. Wii,2009-11-12, Nintendo EAD,3.5,859000,859000,Adventure,13000,85000,696000,241000
New Super Mario Bros. Wii,2009-11-12,Nintendo,3.5,859000,859000, Platform,13000,85000,696000,241000
New Super Mario Bros. Wii,2009-11-12, Nintendo EAD,3.5,859000,859000, Platform,13000,85000,696000,241000
Citizen Sleeper,2022-05-05,Fellow Traveller,4.1,492000,492000,Adventure,1200,131000,916000,804000
Citizen Sleeper,2022-05-05, Jump Over The Age,4.1,492000,492000,Adventure,1200,131000,916000,804000
Citizen Sleeper,2022-05-05,Fellow Traveller,4.1,492000,492000, Indie,1200,131000,916000,804000
Citizen Sleeper,2022-05-05, Jump Over The Age,4.1,492000,492000, Indie,1200,131000,916000,804000
Citizen Sleeper,2022-05-05,Fellow Traveller,4.1,492000,492000, RPG,1200,131000,916000,804000
Citizen Sleeper,2022-05-05, Jump Over The Age,4.1,492000,492000, RPG,1200,131000,916000,804000
Yakuza 3 Remastered,2018-08-09,Ryū Ga Gotoku Studios,3.3,755000,755000,Adventure,4300,235000,2300,904000
Yakuza 3 Remastered,2018-08-09,Ryū Ga Gotoku Studios,3.3,755000,755000, RPG,4300,235000,2300,904000
Yakuza 3 Remastered,2018-08-09,Ryū Ga Gotoku Studios,3.3,755000,755000, Simulator,4300,235000,2300,904000
Garry's Mod,2004-12-24,Facepunch Studios,3.8,478000,478000,Indie,12000,198000,543000,242000
Garry's Mod,2004-12-24, Valve,3.8,478000,478000,Indie,12000,198000,543000,242000
Garry's Mod,2004-12-24,Facepunch Studios,3.8,478000,478000, Simulator,12000,198000,543000,242000
Garry's Mod,2004-12-24, Valve,3.8,478000,478000, Simulator,12000,198000,543000,242000
Wolfenstein: The New Order,2014-05-20,MachineGames,3.6,794000,794000,Adventure,8400,149000,2200,722000
Wolfenstein: The New Order,2014-05-20, Bethesda Softworks,3.6,794000,794000,Adventure,8400,149000,2200,722000
Wolfenstein: The New Order,2014-05-20,MachineGames,3.6,794000,794000, Shooter,8400,149000,2200,722000
Wolfenstein: The New Order,2014-05-20, Bethesda Softworks,3.6,794000,794000, Shooter,8400,149000,2200,722000
Deus Ex,2000-06-26,Aspyr Media,4.4,899000,899000,RPG,3800,189000,2700,958000
Deus Ex,2000-06-26, Ion Storm,4.4,899000,899000,RPG,3800,189000,2700,958000
Deus Ex,2000-06-26,Aspyr Media,4.4,899000,899000, Shooter,3800,189000,2700,958000
Deus Ex,2000-06-26, Ion Storm,4.4,899000,899000, Shooter,3800,189000,2700,958000
BioShock 2,2010-02-09,2K Marin,3.6,687000,687000,Adventure,9100,103000,3300,691000
BioShock 2,2010-02-09, 2K Games,3.6,687000,687000,Adventure,9100,103000,3300,691000
BioShock 2,2010-02-09,2K Marin,3.6,687000,687000, RPG,9100,103000,3300,691000
BioShock 2,2010-02-09, 2K Games,3.6,687000,687000, RPG,9100,103000,3300,691000
BioShock 2,2010-02-09,2K Marin,3.6,687000,687000, Shooter,9100,103000,3300,691000
BioShock 2,2010-02-09, 2K Games,3.6,687000,687000, Shooter,9100,103000,3300,691000
Soul Hackers 2,2022-08-25,Sega,3.1,337000,337000,RPG,750000,228000,932000,1100
Soul Hackers 2,2022-08-25, Atlus,3.1,337000,337000,RPG,750000,228000,932000,1100
Enter the Gungeon,2016-04-05,Dodge Roll,3.6,632000,632000,Adventure,8900,403000,2400,441000
Enter the Gungeon,2016-04-05, Devolver Digital,3.6,632000,632000,Adventure,8900,403000,2400,441000
Enter the Gungeon,2016-04-05,Dodge Roll,3.6,632000,632000, Arcade,8900,403000,2400,441000
Enter the Gungeon,2016-04-05, Devolver Digital,3.6,632000,632000, Arcade,8900,403000,2400,441000
Enter the Gungeon,2016-04-05,Dodge Roll,3.6,632000,632000, Indie,8900,403000,2400,441000
Enter the Gungeon,2016-04-05, Devolver Digital,3.6,632000,632000, Indie,8900,403000,2400,441000
Enter the Gungeon,2016-04-05,Dodge Roll,3.6,632000,632000, Shooter,8900,403000,2400,441000
Enter the Gungeon,2016-04-05, Devolver Digital,3.6,632000,632000, Shooter,8900,403000,2400,441000
The House in Fata Morgana,2012-12-27,Dramatic Create,4.4,544000,544000,Adventure,1700,250000,1500,1300
The House in Fata Morgana,2012-12-27, NOVECT,4.4,544000,544000,Adventure,1700,250000,1500,1300
The House in Fata Morgana,2012-12-27,Dramatic Create,4.4,544000,544000, Indie,1700,250000,1500,1300
The House in Fata Morgana,2012-12-27, NOVECT,4.4,544000,544000, Indie,1700,250000,1500,1300
The House in Fata Morgana,2012-12-27,Dramatic Create,4.4,544000,544000, Visual Novel,1700,250000,1500,1300
The House in Fata Morgana,2012-12-27, NOVECT,4.4,544000,544000, Visual Novel,1700,250000,1500,1300
Shovel Knight,2014-06-26,Yacht Club Games,4.0,761000,761000,Adventure,8500,135000,1900,1200
Shovel Knight,2014-06-26,Yacht Club Games,4.0,761000,761000, Indie,8500,135000,1900,1200
Shovel Knight,2014-06-26,Yacht Club Games,4.0,761000,761000, Platform,8500,135000,1900,1200
Firewatch,2016-02-09,Panic,3.7,926000,926000,Adventure,7800,99000,1600,1200
Firewatch,2016-02-09, Campo Santo,3.7,926000,926000,Adventure,7800,99000,1600,1200
Firewatch,2016-02-09,Panic,3.7,926000,926000, Indie,7800,99000,1600,1200
Firewatch,2016-02-09, Campo Santo,3.7,926000,926000, Indie,7800,99000,1600,1200
Dark Souls II,2014-03-11,FromSoftware,3.3,815000,815000,Adventure,6700,128000,1400,834000
Dark Souls II,2014-03-11, Bandai Namco Entertainment,3.3,815000,815000,Adventure,6700,128000,1400,834000
Dark Souls II,2014-03-11,FromSoftware,3.3,815000,815000, RPG,6700,128000,1400,834000
Dark Souls II,2014-03-11, Bandai Namco Entertainment,3.3,815000,815000, RPG,6700,128000,1400,834000
Blasphemous,2019-09-10,The Game Kitchen,3.7,647000,647000,Adventure,4200,399000,2600,1000
Blasphemous,2019-09-10, Team17,3.7,647000,647000,Adventure,4200,399000,2600,1000
Blasphemous,2019-09-10,The Game Kitchen,3.7,647000,647000, Brawler,4200,399000,2600,1000
Blasphemous,2019-09-10, Team17,3.7,647000,647000, Brawler,4200,399000,2600,1000
Blasphemous,2019-09-10,The Game Kitchen,3.7,647000,647000, Indie,4200,399000,2600,1000
Blasphemous,2019-09-10, Team17,3.7,647000,647000, Indie,4200,399000,2600,1000
Blasphemous,2019-09-10,The Game Kitchen,3.7,647000,647000, Platform,4200,399000,2600,1000
Blasphemous,2019-09-10, Team17,3.7,647000,647000, Platform,4200,399000,2600,1000
Blasphemous,2019-09-10,The Game Kitchen,3.7,647000,647000, RPG,4200,399000,2600,1000
Blasphemous,2019-09-10, Team17,3.7,647000,647000, RPG,4200,399000,2600,1000
Final Fantasy XIV Online,2013-08-27,Square Enix,3.7,643000,643000,Adventure,5900,1100,818000,363000
Final Fantasy XIV Online,2013-08-27,Square Enix,3.7,643000,643000, RPG,5900,1100,818000,363000
Final Fantasy XIV Online,2013-08-27,Square Enix,3.7,643000,643000, Strategy,5900,1100,818000,363000
Immortality,2022-08-30,Half Mermaid,3.9,461000,461000,Indie,1200,95000,587000,564000
Immortality,2022-08-30,Half Mermaid,3.9,461000,461000, Point-and-Click,1200,95000,587000,564000
Immortality,2022-08-30,Half Mermaid,3.9,461000,461000, Simulator,1200,95000,587000,564000
Resident Evil 6,2012-10-02,Capcom,2.5,888000,888000,Adventure,7800,189000,1800,552000
Resident Evil 6,2012-10-02,Capcom,2.5,888000,888000, Shooter,7800,189000,1800,552000
Devil May Cry 3: Dante's Awakening,2005-02-17,Capcom,4.2,909000,909000,Adventure,6100,116000,1600,648000
Devil May Cry 3: Dante's Awakening,2005-02-17, Capcom Production Studio 1,4.2,909000,909000,Adventure,6100,116000,1600,648000
Devil May Cry 3: Dante's Awakening,2005-02-17,Capcom,4.2,909000,909000, Brawler,6100,116000,1600,648000
Devil May Cry 3: Dante's Awakening,2005-02-17, Capcom Production Studio 1,4.2,909000,909000, Brawler,6100,116000,1600,648000
Devil May Cry 3: Dante's Awakening,2005-02-17,Capcom,4.2,909000,909000, Shooter,6100,116000,1600,648000
Devil May Cry 3: Dante's Awakening,2005-02-17, Capcom Production Studio 1,4.2,909000,909000, Shooter,6100,116000,1600,648000
The Last of Us Part I,2022-09-01,Sony Interactive Entertainment,4.4,395000,395000,Adventure,1400,131000,678000,1100
The Last of Us Part I,2022-09-01, Naughty Dog,4.4,395000,395000,Adventure,1400,131000,678000,1100
The Last of Us Part I,2022-09-01,Sony Interactive Entertainment,4.4,395000,395000, Shooter,1400,131000,678000,1100
The Last of Us Part I,2022-09-01, Naughty Dog,4.4,395000,395000, Shooter,1400,131000,678000,1100
Super Meat Boy,2010-10-20,BlitWorks,3.5,605000,605000,Adventure,10000,153000,1800,501000
Super Meat Boy,2010-10-20, Team Meat,3.5,605000,605000,Adventure,10000,153000,1800,501000
Super Meat Boy,2010-10-20,BlitWorks,3.5,605000,605000, Indie,10000,153000,1800,501000
Super Meat Boy,2010-10-20, Team Meat,3.5,605000,605000, Indie,10000,153000,1800,501000
Super Meat Boy,2010-10-20,BlitWorks,3.5,605000,605000, Platform,10000,153000,1800,501000
Super Meat Boy,2010-10-20, Team Meat,3.5,605000,605000, Platform,10000,153000,1800,501000
Mass Effect Legendary Edition,2021-05-14,BioWare,4.5,581000,581000,Adventure,2800,596000,2400,930000
Mass Effect Legendary Edition,2021-05-14, EA,4.5,581000,581000,Adventure,2800,596000,2400,930000
Mass Effect Legendary Edition,2021-05-14,BioWare,4.5,581000,581000, RPG,2800,596000,2400,930000
Mass Effect Legendary Edition,2021-05-14, EA,4.5,581000,581000, RPG,2800,596000,2400,930000
Mass Effect Legendary Edition,2021-05-14,BioWare,4.5,581000,581000, Shooter,2800,596000,2400,930000
Mass Effect Legendary Edition,2021-05-14, EA,4.5,581000,581000, Shooter,2800,596000,2400,930000
Mass Effect Legendary Edition,2021-05-14,BioWare,4.5,581000,581000, Strategy,2800,596000,2400,930000
Mass Effect Legendary Edition,2021-05-14, EA,4.5,581000,581000, Strategy,2800,596000,2400,930000
Helltaker,2020-05-11,Vanripper,3.3,419000,419000,Adventure,7500,59000,1100,445000
Helltaker,2020-05-11,Vanripper,3.3,419000,419000, Indie,7500,59000,1100,445000
Helltaker,2020-05-11,Vanripper,3.3,419000,419000, Puzzle,7500,59000,1100,445000
Pokémon Sword,2019-11-15,Game Freak,2.9,837000,837000,Adventure,9700,301000,924000,500000
Pokémon Sword,2019-11-15, Nintendo,2.9,837000,837000,Adventure,9700,301000,924000,500000
Pokémon Sword,2019-11-15,Game Freak,2.9,837000,837000, RPG,9700,301000,924000,500000
Pokémon Sword,2019-11-15, Nintendo,2.9,837000,837000, RPG,9700,301000,924000,500000
Crash Bandicoot N. Sane Trilogy,2017-06-30,Activision,3.8,654000,654000,Adventure,7700,364000,2600,986000
Crash Bandicoot N. Sane Trilogy,2017-06-30, Vicarious Visions,3.8,654000,654000,Adventure,7700,364000,2600,986000
Crash Bandicoot N. Sane Trilogy,2017-06-30,Activision,3.8,654000,654000, Platform,7700,364000,2600,986000
Crash Bandicoot N. Sane Trilogy,2017-06-30, Vicarious Visions,3.8,654000,654000, Platform,7700,364000,2600,986000
Tetris,1989-11-01,Nintendo,4.1,688000,688000,Arcade,9600,54000,175000,66000
Tetris,1989-11-01,Nintendo,4.1,688000,688000, Puzzle,9600,54000,175000,66000
Valorant,2020-06-02,Riot Games,2.5,291000,291000,Shooter,8200,650000,291000,110000
Valorant,2020-06-02,Riot Games,2.5,291000,291000, Tactical,8200,650000,291000,110000
Super Mario 3D World,2013-11-21,Nintendo,3.9,1100,1100,Adventure,9600,93000,787000,432000
Super Mario 3D World,2013-11-21,Nintendo,3.9,1100,1100, Platform,9600,93000,787000,432000
Uncharted 3: Drake's Deception,2011-11-01,Naughty Dog,3.6,941000,941000,Adventure,11000,60000,1500,477000
Uncharted 3: Drake's Deception,2011-11-01, Sony Computer Entertainment,3.6,941000,941000,Adventure,11000,60000,1500,477000
Uncharted 3: Drake's Deception,2011-11-01, Inc. (SCEI),3.6,941000,941000,Adventure,11000,60000,1500,477000
Uncharted 3: Drake's Deception,2011-11-01,Naughty Dog,3.6,941000,941000, Platform,11000,60000,1500,477000
Uncharted 3: Drake's Deception,2011-11-01, Sony Computer Entertainment,3.6,941000,941000, Platform,11000,60000,1500,477000
Uncharted 3: Drake's Deception,2011-11-01, Inc. (SCEI),3.6,941000,941000, Platform,11000,60000,1500,477000
Uncharted 3: Drake's Deception,2011-11-01,Naughty Dog,3.6,941000,941000, Shooter,11000,60000,1500,477000
Uncharted 3: Drake's Deception,2011-11-01, Sony Computer Entertainment,3.6,941000,941000, Shooter,11000,60000,1500,477000
Uncharted 3: Drake's Deception,2011-11-01, Inc. (SCEI),3.6,941000,941000, Shooter,11000,60000,1500,477000
Phoenix Wright: Ace Attorney - Trials and Tribulations,2006-03-31,Capcom,4.4,995000,995000,Adventure,6600,172000,1600,623000
Phoenix Wright: Ace Attorney - Trials and Tribulations,2006-03-31,Capcom,4.4,995000,995000, Visual Novel,6600,172000,1600,623000
Yume Nikki,2004-06-26,Kikiyama,4.0,770000,770000,Adventure,4000,155000,1600,771000
Yume Nikki,2004-06-26, DeNA Co.,4.0,770000,770000,Adventure,4000,155000,1600,771000
Yume Nikki,2004-06-26, Ltd.,4.0,770000,770000,Adventure,4000,155000,1600,771000
Yume Nikki,2004-06-26,Kikiyama,4.0,770000,770000, Indie,4000,155000,1600,771000
Yume Nikki,2004-06-26, DeNA Co.,4.0,770000,770000, Indie,4000,155000,1600,771000
Yume Nikki,2004-06-26, Ltd.,4.0,770000,770000, Indie,4000,155000,1600,771000
Max Payne,2001-07-23,Gathering of Developers,3.9,786000,786000,Shooter,6300,102000,1500,742000
Max Payne,2001-07-23, Remedy Entertainment,3.9,786000,786000,Shooter,6300,102000,1500,742000
Five Nights at Freddy's,2014-08-08,Clickteam,2.9,460000,460000,Adventure,8400,46000,393000,166000
Five Nights at Freddy's,2014-08-08, Scottgames,2.9,460000,460000,Adventure,8400,46000,393000,166000
Five Nights at Freddy's,2014-08-08,Clickteam,2.9,460000,460000, Indie,8400,46000,393000,166000
Five Nights at Freddy's,2014-08-08, Scottgames,2.9,460000,460000, Indie,8400,46000,393000,166000
Five Nights at Freddy's,2014-08-08,Clickteam,2.9,460000,460000, Point-and-Click,8400,46000,393000,166000
Five Nights at Freddy's,2014-08-08, Scottgames,2.9,460000,460000, Point-and-Click,8400,46000,393000,166000
Five Nights at Freddy's,2014-08-08,Clickteam,2.9,460000,460000, Simulator,8400,46000,393000,166000
Five Nights at Freddy's,2014-08-08, Scottgames,2.9,460000,460000, Simulator,8400,46000,393000,166000
Five Nights at Freddy's,2014-08-08,Clickteam,2.9,460000,460000, Strategy,8400,46000,393000,166000
Five Nights at Freddy's,2014-08-08, Scottgames,2.9,460000,460000, Strategy,8400,46000,393000,166000
Donkey Kong Country 2: Diddy's Kong Quest,1995-11-21,Nintendo,4.2,1200,1200,Adventure,6600,115000,1600,455000
Donkey Kong Country 2: Diddy's Kong Quest,1995-11-21, Rare,4.2,1200,1200,Adventure,6600,115000,1600,455000
Donkey Kong Country 2: Diddy's Kong Quest,1995-11-21,Nintendo,4.2,1200,1200, Platform,6600,115000,1600,455000
Donkey Kong Country 2: Diddy's Kong Quest,1995-11-21, Rare,4.2,1200,1200, Platform,6600,115000,1600,455000
Pokémon White,2010-09-18,Nintendo,4.1,814000,814000,Adventure,9000,115000,705000,270000
Pokémon White,2010-09-18, Game Freak,4.1,814000,814000,Adventure,9000,115000,705000,270000
Pokémon White,2010-09-18,Nintendo,4.1,814000,814000, RPG,9000,115000,705000,270000
Pokémon White,2010-09-18, Game Freak,4.1,814000,814000, RPG,9000,115000,705000,270000
Pokémon White,2010-09-18,Nintendo,4.1,814000,814000, Turn Based Strategy,9000,115000,705000,270000
Pokémon White,2010-09-18, Game Freak,4.1,814000,814000, Turn Based Strategy,9000,115000,705000,270000
Outlast,2013-09-04,Red Barrels,3.3,547000,547000,Adventure,7500,90000,1400,401000
Outlast,2013-09-04,Red Barrels,3.3,547000,547000, Indie,7500,90000,1400,401000
Hitman 3,2021-01-20,IO Interactive,4.1,702000,702000,Adventure,3300,242000,1500,1200
Hitman 3,2021-01-20,IO Interactive,4.1,702000,702000, Shooter,3300,242000,1500,1200
Hitman 3,2021-01-20,IO Interactive,4.1,702000,702000, Tactical,3300,242000,1500,1200
Sable,2021-09-23,Raw Fury,3.5,433000,433000,Adventure,1300,165000,1400,1100
Sable,2021-09-23, Shedworks,3.5,433000,433000,Adventure,1300,165000,1400,1100
Sable,2021-09-23,Raw Fury,3.5,433000,433000, Indie,1300,165000,1400,1100
Sable,2021-09-23, Shedworks,3.5,433000,433000, Indie,1300,165000,1400,1100
Sable,2021-09-23,Raw Fury,3.5,433000,433000, Platform,1300,165000,1400,1100
Sable,2021-09-23, Shedworks,3.5,433000,433000, Platform,1300,165000,1400,1100
Sable,2021-09-23,Raw Fury,3.5,433000,433000, Puzzle,1300,165000,1400,1100
Sable,2021-09-23, Shedworks,3.5,433000,433000, Puzzle,1300,165000,1400,1100
Sable,2021-09-23,Raw Fury,3.5,433000,433000, RPG,1300,165000,1400,1100
Sable,2021-09-23, Shedworks,3.5,433000,433000, RPG,1300,165000,1400,1100
Super Smash Bros. for Wii U,2014-11-21,Sora,3.5,684000,684000,Fighting,11000,17000,240000,110000
Super Smash Bros. for Wii U,2014-11-21, Nintendo,3.5,684000,684000,Fighting,11000,17000,240000,110000
Super Smash Bros. for Wii U,2014-11-21,Sora,3.5,684000,684000, Platform,11000,17000,240000,110000
Super Smash Bros. for Wii U,2014-11-21, Nintendo,3.5,684000,684000, Platform,11000,17000,240000,110000
Kirby's Adventure,1993-03-23,HAL Laboratory,3.6,718000,718000,Platform,6000,61000,690000,217000
Kirby's Adventure,1993-03-23, Nintendo,3.6,718000,718000,Platform,6000,61000,690000,217000
Tekken 7,2015-02-18,Bandai Namco Entertainment,3.8,663000,663000,Fighting,6600,247000,670000,354000
Tekken 7,2015-02-18, Bandai Namco Studios,3.8,663000,663000,Fighting,6600,247000,670000,354000
Umineko: When They Cry Chiru,2009-09-15,07th Expansion,4.6,324000,324000,Adventure,1700,108000,582000,493000
Umineko: When They Cry Chiru,2009-09-15,07th Expansion,4.6,324000,324000, Visual Novel,1700,108000,582000,493000
Kingdom Hearts II Final Mix,2007-03-29,Buena Vista Games,4.5,704000,704000,Adventure,4400,92000,732000,274000
Kingdom Hearts II Final Mix,2007-03-29, Square Enix,4.5,704000,704000,Adventure,4400,92000,732000,274000
Kingdom Hearts II Final Mix,2007-03-29,Buena Vista Games,4.5,704000,704000, Brawler,4400,92000,732000,274000
Kingdom Hearts II Final Mix,2007-03-29, Square Enix,4.5,704000,704000, Brawler,4400,92000,732000,274000
Kingdom Hearts II Final Mix,2007-03-29,Buena Vista Games,4.5,704000,704000, Platform,4400,92000,732000,274000
Kingdom Hearts II Final Mix,2007-03-29, Square Enix,4.5,704000,704000, Platform,4400,92000,732000,274000
Kingdom Hearts II Final Mix,2007-03-29,Buena Vista Games,4.5,704000,704000, RPG,4400,92000,732000,274000
Kingdom Hearts II Final Mix,2007-03-29, Square Enix,4.5,704000,704000, RPG,4400,92000,732000,274000
Kingdom Hearts II Final Mix,2007-03-29,Buena Vista Games,4.5,704000,704000, Shooter,4400,92000,732000,274000
Kingdom Hearts II Final Mix,2007-03-29, Square Enix,4.5,704000,704000, Shooter,4400,92000,732000,274000
Superliminal,2019-11-12,Pillow Castle Games,3.6,487000,487000,Adventure,3800,76000,1000,917000
Superliminal,2019-11-12,Pillow Castle Games,3.6,487000,487000, Indie,3800,76000,1000,917000
Superliminal,2019-11-12,Pillow Castle Games,3.6,487000,487000, Puzzle,3800,76000,1000,917000
Superliminal,2019-11-12,Pillow Castle Games,3.6,487000,487000, Shooter,3800,76000,1000,917000
Death Stranding: Director's Cut,2021-09-24,Kojima Productions,4.2,334000,334000,Adventure,1300,382000,1500,704000
Death Stranding: Director's Cut,2021-09-24, 505 Games,4.2,334000,334000,Adventure,1300,382000,1500,704000
Persona 4,2008-07-10,Atlus,4.0,815000,815000,RPG,5700,158000,1000,599000
Persona 4,2008-07-10, NIS America,4.0,815000,815000,RPG,5700,158000,1000,599000
Persona 4,2008-07-10,Atlus,4.0,815000,815000, Simulator,5700,158000,1000,599000
Persona 4,2008-07-10, NIS America,4.0,815000,815000, Simulator,5700,158000,1000,599000
Persona 4,2008-07-10,Atlus,4.0,815000,815000, Visual Novel,5700,158000,1000,599000
Persona 4,2008-07-10, NIS America,4.0,815000,815000, Visual Novel,5700,158000,1000,599000
Wordle,2021-06-21,Josh Wardle,3.2,118000,118000,Puzzle,3000,125000,26000,5000
Wordle,2021-06-21, The New York Times,3.2,118000,118000,Puzzle,3000,125000,26000,5000
Wordle,2021-06-21,Josh Wardle,3.2,118000,118000, Quiz/Trivia,3000,125000,26000,5000
Wordle,2021-06-21, The New York Times,3.2,118000,118000, Quiz/Trivia,3000,125000,26000,5000
The Sims 4,2014-09-02,Electronic Arts,3.0,458000,458000,RPG,8300,434000,667000,110000
The Sims 4,2014-09-02, The Sims Studio,3.0,458000,458000,RPG,8300,434000,667000,110000
The Sims 4,2014-09-02,Electronic Arts,3.0,458000,458000, Simulator,8300,434000,667000,110000
The Sims 4,2014-09-02, The Sims Studio,3.0,458000,458000, Simulator,8300,434000,667000,110000
Far Cry 4,2014-11-18,Ubisoft Montreal,3.2,558000,558000,Adventure,8500,90000,1300,442000
Far Cry 4,2014-11-18,Ubisoft Montreal,3.2,558000,558000, Shooter,8500,90000,1300,442000
Far Cry 4,2014-11-18,Ubisoft Montreal,3.2,558000,558000, Tactical,8500,90000,1300,442000
Sonic Forces,2017-11-07,Sega,1.9,650000,650000,Adventure,5000,42000,723000,212000
Sonic Forces,2017-11-07, Sonic Team,1.9,650000,650000,Adventure,5000,42000,723000,212000
Sonic Forces,2017-11-07,Sega,1.9,650000,650000, Platform,5000,42000,723000,212000
Sonic Forces,2017-11-07, Sonic Team,1.9,650000,650000, Platform,5000,42000,723000,212000
Sonic Forces,2017-11-07,Sega,1.9,650000,650000, Strategy,5000,42000,723000,212000
Sonic Forces,2017-11-07, Sonic Team,1.9,650000,650000, Strategy,5000,42000,723000,212000
To the Moon,2011-11-01,Freebird Games,3.9,671000,671000,Adventure,4700,66000,1600,925000
To the Moon,2011-11-01, X.D. Network Inc.,3.9,671000,671000,Adventure,4700,66000,1600,925000
To the Moon,2011-11-01,Freebird Games,3.9,671000,671000, Indie,4700,66000,1600,925000
To the Moon,2011-11-01, X.D. Network Inc.,3.9,671000,671000, Indie,4700,66000,1600,925000
To the Moon,2011-11-01,Freebird Games,3.9,671000,671000, Point-and-Click,4700,66000,1600,925000
To the Moon,2011-11-01, X.D. Network Inc.,3.9,671000,671000, Point-and-Click,4700,66000,1600,925000
To the Moon,2011-11-01,Freebird Games,3.9,671000,671000, Puzzle,4700,66000,1600,925000
To the Moon,2011-11-01, X.D. Network Inc.,3.9,671000,671000, Puzzle,4700,66000,1600,925000
To the Moon,2011-11-01,Freebird Games,3.9,671000,671000, RPG,4700,66000,1600,925000
To the Moon,2011-11-01, X.D. Network Inc.,3.9,671000,671000, RPG,4700,66000,1600,925000
Baba is You,2019-03-13,hempuli,4.0,545000,545000,Indie,4600,537000,2000,1200
Baba is You,2019-03-13,hempuli,4.0,545000,545000, Puzzle,4600,537000,2000,1200
Baba is You,2019-03-13,hempuli,4.0,545000,545000, Strategy,4600,537000,2000,1200
The Witcher 3: Wild Hunt - Game of the Year Edition,2016-08-29,CD Projekt RED,4.5,475000,475000,Adventure,6000,410000,2100,467000
The Witcher 3: Wild Hunt - Game of the Year Edition,2016-08-29, CD Projekt,4.5,475000,475000,Adventure,6000,410000,2100,467000
The Witcher 3: Wild Hunt - Game of the Year Edition,2016-08-29,CD Projekt RED,4.5,475000,475000, RPG,6000,410000,2100,467000
The Witcher 3: Wild Hunt - Game of the Year Edition,2016-08-29, CD Projekt,4.5,475000,475000, RPG,6000,410000,2100,467000
Super Smash Bros.,1999-01-21,Nintendo,3.4,688000,688000,Fighting,9800,20000,279000,207000
Super Smash Bros.,1999-01-21, HAL Laboratory,3.4,688000,688000,Fighting,9800,20000,279000,207000
Super Smash Bros.,1999-01-21,Nintendo,3.4,688000,688000, Platform,9800,20000,279000,207000
Super Smash Bros.,1999-01-21, HAL Laboratory,3.4,688000,688000, Platform,9800,20000,279000,207000
Super Mario 64 DS,2004-11-21,Nintendo EAD,3.6,614000,614000,Adventure,9100,65000,549000,176000
Super Mario 64 DS,2004-11-21, Nintendo,3.6,614000,614000,Adventure,9100,65000,549000,176000
Super Mario 64 DS,2004-11-21,Nintendo EAD,3.6,614000,614000, Platform,9100,65000,549000,176000
Super Mario 64 DS,2004-11-21, Nintendo,3.6,614000,614000, Platform,9100,65000,549000,176000
Halo 4,2012-11-06,343 Industries,3.0,674000,674000,Shooter,7600,57000,1200,277000
Halo 4,2012-11-06, Microsoft Studios,3.0,674000,674000,Shooter,7600,57000,1200,277000
Middle-earth: Shadow of Mordor,2014-09-30,Monolith Productions,3.4,524000,524000,Adventure,8400,106000,1700,478000
Middle-earth: Shadow of Mordor,2014-09-30, WB Games,3.4,524000,524000,Adventure,8400,106000,1700,478000
Middle-earth: Shadow of Mordor,2014-09-30,Monolith Productions,3.4,524000,524000, Brawler,8400,106000,1700,478000
Middle-earth: Shadow of Mordor,2014-09-30, WB Games,3.4,524000,524000, Brawler,8400,106000,1700,478000
Middle-earth: Shadow of Mordor,2014-09-30,Monolith Productions,3.4,524000,524000, RPG,8400,106000,1700,478000
Middle-earth: Shadow of Mordor,2014-09-30, WB Games,3.4,524000,524000, RPG,8400,106000,1700,478000
Mega Man 2,1989-06-02,Capcom,3.6,857000,857000,Adventure,6100,34000,542000,163000
Mega Man 2,1989-06-02,Capcom,3.6,857000,857000, Platform,6100,34000,542000,163000
Phoenix Wright: Ace Attorney Trilogy,2014-04-17,Capcom,4.3,516000,516000,Adventure,4000,644000,1900,779000
Phoenix Wright: Ace Attorney Trilogy,2014-04-17,Capcom,4.3,516000,516000, Puzzle,4000,644000,1900,779000
Phoenix Wright: Ace Attorney Trilogy,2014-04-17,Capcom,4.3,516000,516000, Simulator,4000,644000,1900,779000
Phoenix Wright: Ace Attorney Trilogy,2014-04-17,Capcom,4.3,516000,516000, Visual Novel,4000,644000,1900,779000
Infamous: Second Son,2014-03-21,Sony Computer Entertainment,3.4,668000,668000,Adventure,7600,71000,1300,574000
Infamous: Second Son,2014-03-21, Sucker Punch Productions,3.4,668000,668000,Adventure,7600,71000,1300,574000
Infamous: Second Son,2014-03-21,Sony Computer Entertainment,3.4,668000,668000, Platform,7600,71000,1300,574000
Infamous: Second Son,2014-03-21, Sucker Punch Productions,3.4,668000,668000, Platform,7600,71000,1300,574000
Infamous: Second Son,2014-03-21,Sony Computer Entertainment,3.4,668000,668000, Shooter,7600,71000,1300,574000
Infamous: Second Son,2014-03-21, Sucker Punch Productions,3.4,668000,668000, Shooter,7600,71000,1300,574000
Star Wars: Knights of the Old Republic,2003-07-15,BioWare,4.2,839000,839000,Adventure,5300,180000,2300,705000
Star Wars: Knights of the Old Republic,2003-07-15, LucasArts,4.2,839000,839000,Adventure,5300,180000,2300,705000
Star Wars: Knights of the Old Republic,2003-07-15,BioWare,4.2,839000,839000, RPG,5300,180000,2300,705000
Star Wars: Knights of the Old Republic,2003-07-15, LucasArts,4.2,839000,839000, RPG,5300,180000,2300,705000
No More Heroes 2: Desperate Struggle,2010-01-26,Ubisoft Entertainment,3.5,608000,608000,Adventure,3200,68000,1500,855000
No More Heroes 2: Desperate Struggle,2010-01-26, Grasshopper Manufacture,3.5,608000,608000,Adventure,3200,68000,1500,855000
No More Heroes 2: Desperate Struggle,2010-01-26,Ubisoft Entertainment,3.5,608000,608000, Brawler,3200,68000,1500,855000
No More Heroes 2: Desperate Struggle,2010-01-26, Grasshopper Manufacture,3.5,608000,608000, Brawler,3200,68000,1500,855000
Kirby Super Star Ultra,2008-09-22,Nintendo of Europe,4.3,743000,743000,Adventure,5800,47000,773000,427000
Kirby Super Star Ultra,2008-09-22, HAL Laboratory,4.3,743000,743000,Adventure,5800,47000,773000,427000
Kirby Super Star Ultra,2008-09-22,Nintendo of Europe,4.3,743000,743000, Platform,5800,47000,773000,427000
Kirby Super Star Ultra,2008-09-22, HAL Laboratory,4.3,743000,743000, Platform,5800,47000,773000,427000
"Flower, Sun, and Rain",2001-05-02,Grasshopper Manufacture,4.3,466000,466000,Adventure,632000,32000,1000,1100
"Flower, Sun, and Rain",2001-05-02, Victor Interactive Software,4.3,466000,466000,Adventure,632000,32000,1000,1100
"Flower, Sun, and Rain",2001-05-02,Grasshopper Manufacture,4.3,466000,466000, Puzzle,632000,32000,1000,1100
"Flower, Sun, and Rain",2001-05-02, Victor Interactive Software,4.3,466000,466000, Puzzle,632000,32000,1000,1100
Katamari Damacy,2004-03-18,Namco,4.2,939000,939000,Adventure,4100,60000,1000,761000
Katamari Damacy,2004-03-18, NOW Production,4.2,939000,939000,Adventure,4100,60000,1000,761000
Katamari Damacy,2004-03-18,Namco,4.2,939000,939000, Puzzle,4100,60000,1000,761000
Katamari Damacy,2004-03-18, NOW Production,4.2,939000,939000, Puzzle,4100,60000,1000,761000
Shadow the Hedgehog,2005-11-15,Sega,2.4,584000,584000,Adventure,5600,45000,731000,423000
Shadow the Hedgehog,2005-11-15, Sonic Team,2.4,584000,584000,Adventure,5600,45000,731000,423000
Shadow the Hedgehog,2005-11-15,Sega,2.4,584000,584000, Platform,5600,45000,731000,423000
Shadow the Hedgehog,2005-11-15, Sonic Team,2.4,584000,584000, Platform,5600,45000,731000,423000
Shadow the Hedgehog,2005-11-15,Sega,2.4,584000,584000, Shooter,5600,45000,731000,423000
Shadow the Hedgehog,2005-11-15, Sonic Team,2.4,584000,584000, Shooter,5600,45000,731000,423000
Ōkami HD,2012-10-30,Clover Studio,4.2,527000,527000,Adventure,3300,321000,3100,1200
Ōkami HD,2012-10-30, Capcom,4.2,527000,527000,Adventure,3300,321000,3100,1200
Ōkami HD,2012-10-30,Clover Studio,4.2,527000,527000, RPG,3300,321000,3100,1200
Ōkami HD,2012-10-30, Capcom,4.2,527000,527000, RPG,3300,321000,3100,1200
Metroid: Samus Returns,2017-09-15,MercurySteam,3.6,674000,674000,Adventure,3900,149000,1400,686000
Metroid: Samus Returns,2017-09-15, Nintendo,3.6,674000,674000,Adventure,3900,149000,1400,686000
Metroid: Samus Returns,2017-09-15,MercurySteam,3.6,674000,674000, Platform,3900,149000,1400,686000
Metroid: Samus Returns,2017-09-15, Nintendo,3.6,674000,674000, Platform,3900,149000,1400,686000
Life is Strange: True Colors,2021-09-10,Deck Nine,3.6,566000,566000,Adventure,2300,126000,852000,1100
Life is Strange: True Colors,2021-09-10, Square Enix,3.6,566000,566000,Adventure,2300,126000,852000,1100
Pokémon Black Version 2,2012-06-23,Game Freak,4.2,776000,776000,Adventure,7600,130000,1100,449000
Pokémon Black Version 2,2012-06-23, Nintendo,4.2,776000,776000,Adventure,7600,130000,1100,449000
Pokémon Black Version 2,2012-06-23,Game Freak,4.2,776000,776000, RPG,7600,130000,1100,449000
Pokémon Black Version 2,2012-06-23, Nintendo,4.2,776000,776000, RPG,7600,130000,1100,449000
Pokémon Black Version 2,2012-06-23,Game Freak,4.2,776000,776000, Turn Based Strategy,7600,130000,1100,449000
Pokémon Black Version 2,2012-06-23, Nintendo,4.2,776000,776000, Turn Based Strategy,7600,130000,1100,449000
Needy Streamer Overload,2022-01-21,Nintendo,3.5,216000,216000,Adventure,1200,105000,529000,567000
Needy Streamer Overload,2022-01-21, WSS playground,3.5,216000,216000,Adventure,1200,105000,529000,567000
Needy Streamer Overload,2022-01-21,Nintendo,3.5,216000,216000, Indie,1200,105000,529000,567000
Needy Streamer Overload,2022-01-21, WSS playground,3.5,216000,216000, Indie,1200,105000,529000,567000
Needy Streamer Overload,2022-01-21,Nintendo,3.5,216000,216000, Point-and-Click,1200,105000,529000,567000
Needy Streamer Overload,2022-01-21, WSS playground,3.5,216000,216000, Point-and-Click,1200,105000,529000,567000
Needy Streamer Overload,2022-01-21,Nintendo,3.5,216000,216000, RPG,1200,105000,529000,567000
Needy Streamer Overload,2022-01-21, WSS playground,3.5,216000,216000, RPG,1200,105000,529000,567000
Needy Streamer Overload,2022-01-21,Nintendo,3.5,216000,216000, Simulator,1200,105000,529000,567000
Needy Streamer Overload,2022-01-21, WSS playground,3.5,216000,216000, Simulator,1200,105000,529000,567000
Needy Streamer Overload,2022-01-21,Nintendo,3.5,216000,216000, Visual Novel,1200,105000,529000,567000
Needy Streamer Overload,2022-01-21, WSS playground,3.5,216000,216000, Visual Novel,1200,105000,529000,567000
Borderlands,2009-10-20,2K Games,3.1,484000,484000,RPG,9100,98000,1200,450000
Borderlands,2009-10-20, Gearbox Software,3.1,484000,484000,RPG,9100,98000,1200,450000
Borderlands,2009-10-20,2K Games,3.1,484000,484000, Shooter,9100,98000,1200,450000
Borderlands,2009-10-20, Gearbox Software,3.1,484000,484000, Shooter,9100,98000,1200,450000
Hollow Knight: Voidheart Edition,2018-09-25,Team Cherry,4.5,462000,462000,Adventure,3900,295000,1300,363000
Hollow Knight: Voidheart Edition,2018-09-25,Team Cherry,4.5,462000,462000, Indie,3900,295000,1300,363000
Hollow Knight: Voidheart Edition,2018-09-25,Team Cherry,4.5,462000,462000, Platform,3900,295000,1300,363000
Klonoa: Door to Phantomile,1997-12-11,Namco,4.1,648000,648000,Platform,2200,63000,877000,590000
Shadow of the Tomb Raider,2018-09-14,Eidos Montréal,3.3,522000,522000,Adventure,4800,161000,2800,701000
Shadow of the Tomb Raider,2018-09-14, Square Enix,3.3,522000,522000,Adventure,4800,161000,2800,701000
Shadow of the Tomb Raider,2018-09-14,Eidos Montréal,3.3,522000,522000, Shooter,4800,161000,2800,701000
Shadow of the Tomb Raider,2018-09-14, Square Enix,3.3,522000,522000, Shooter,4800,161000,2800,701000
Mario & Luigi: Bowser's Inside Story,2009-09-14,Nintendo,4.2,837000,837000,Platform,6600,95000,1500,629000
Mario & Luigi: Bowser's Inside Story,2009-09-14, AlphaDream,4.2,837000,837000,Platform,6600,95000,1500,629000
Mario & Luigi: Bowser's Inside Story,2009-09-14,Nintendo,4.2,837000,837000, RPG,6600,95000,1500,629000
Mario & Luigi: Bowser's Inside Story,2009-09-14, AlphaDream,4.2,837000,837000, RPG,6600,95000,1500,629000
Ghostrunner,2020-10-27,One More Level,3.5,486000,486000,Adventure,3300,170000,1700,783000
Ghostrunner,2020-10-27, All In! Games,3.5,486000,486000,Adventure,3300,170000,1700,783000
Ghostrunner,2020-10-27,One More Level,3.5,486000,486000, Platform,3300,170000,1700,783000
Ghostrunner,2020-10-27, All In! Games,3.5,486000,486000, Platform,3300,170000,1700,783000
Ghostrunner,2020-10-27,One More Level,3.5,486000,486000, Shooter,3300,170000,1700,783000
Ghostrunner,2020-10-27, All In! Games,3.5,486000,486000, Shooter,3300,170000,1700,783000
Watch Dogs 2,2016-11-15,Ubisoft Montreal,3.3,554000,554000,Adventure,6600,125000,1900,453000
Watch Dogs 2,2016-11-15, Ubisoft Entertainment,3.3,554000,554000,Adventure,6600,125000,1900,453000
Watch Dogs 2,2016-11-15,Ubisoft Montreal,3.3,554000,554000, Shooter,6600,125000,1900,453000
Watch Dogs 2,2016-11-15, Ubisoft Entertainment,3.3,554000,554000, Shooter,6600,125000,1900,453000
Mass Effect 3,2012-03-06,BioWare Edmonton,3.7,777000,777000,Adventure,7300,79000,1500,482000
Mass Effect 3,2012-03-06, Electronic Arts,3.7,777000,777000,Adventure,7300,79000,1500,482000
Mass Effect 3,2012-03-06,BioWare Edmonton,3.7,777000,777000, RPG,7300,79000,1500,482000
Mass Effect 3,2012-03-06, Electronic Arts,3.7,777000,777000, RPG,7300,79000,1500,482000
Mass Effect 3,2012-03-06,BioWare Edmonton,3.7,777000,777000, Shooter,7300,79000,1500,482000
Mass Effect 3,2012-03-06, Electronic Arts,3.7,777000,777000, Shooter,7300,79000,1500,482000
Goat Simulator,2014-04-01,Coffee Stain Studios,2.4,337000,337000,Adventure,8400,22000,492000,125000
Goat Simulator,2014-04-01,Coffee Stain Studios,2.4,337000,337000, Indie,8400,22000,492000,125000
Goat Simulator,2014-04-01,Coffee Stain Studios,2.4,337000,337000, Simulator,8400,22000,492000,125000
The Elder Scrolls V: Skyrim - Special Edition,2016-10-27,Bethesda Game Studios,4.0,439000,439000,Adventure,6500,374000,1300,319000
The Elder Scrolls V: Skyrim - Special Edition,2016-10-27, Bethesda Softworks,4.0,439000,439000,Adventure,6500,374000,1300,319000
The Elder Scrolls V: Skyrim - Special Edition,2016-10-27,Bethesda Game Studios,4.0,439000,439000, RPG,6500,374000,1300,319000
The Elder Scrolls V: Skyrim - Special Edition,2016-10-27, Bethesda Softworks,4.0,439000,439000, RPG,6500,374000,1300,319000
Far Cry 5,2018-03-26,Ubisoft Entertainment,3.0,558000,558000,Adventure,6600,169000,1200,470000
Far Cry 5,2018-03-26, Ubisoft Montreal,3.0,558000,558000,Adventure,6600,169000,1200,470000
Far Cry 5,2018-03-26,Ubisoft Entertainment,3.0,558000,558000, Shooter,6600,169000,1200,470000
Far Cry 5,2018-03-26, Ubisoft Montreal,3.0,558000,558000, Shooter,6600,169000,1200,470000
Call of Duty: Modern Warfare 3,2011-11-08,Sledgehammer Games,3.2,587000,587000,Adventure,10000,27000,492000,195000
Call of Duty: Modern Warfare 3,2011-11-08, Activision,3.2,587000,587000,Adventure,10000,27000,492000,195000
Call of Duty: Modern Warfare 3,2011-11-08,Sledgehammer Games,3.2,587000,587000, Shooter,10000,27000,492000,195000
Call of Duty: Modern Warfare 3,2011-11-08, Activision,3.2,587000,587000, Shooter,10000,27000,492000,195000
Call of Duty: Modern Warfare 3,2011-11-08,Sledgehammer Games,3.2,587000,587000, Tactical,10000,27000,492000,195000
Call of Duty: Modern Warfare 3,2011-11-08, Activision,3.2,587000,587000, Tactical,10000,27000,492000,195000
Friday Night Funkin',2020-11-01,ninja_muffin99,2.8,203000,203000,Music,4500,67000,230000,171000
Osu!,2007-09-16,"Dean ""ppy"" Herbert",3.1,187000,187000,Indie,7300,426000,234000,90000
Osu!,2007-09-16,"Dean ""ppy"" Herbert",3.1,187000,187000, Music,7300,426000,234000,90000
The Legend of Zelda: Twilight Princess,2006-11-19,Nintendo,4.1,642000,642000,Adventure,6000,82000,1100,466000
The Legend of Zelda: Twilight Princess,2006-11-19, Nintendo EAD Software Development Group No.3,4.1,642000,642000,Adventure,6000,82000,1100,466000
The Legend of Zelda: Twilight Princess,2006-11-19,Nintendo,4.1,642000,642000, RPG,6000,82000,1100,466000
The Legend of Zelda: Twilight Princess,2006-11-19, Nintendo EAD Software Development Group No.3,4.1,642000,642000, RPG,6000,82000,1100,466000
Bloodborne: The Old Hunters,2015-11-24,FromSoftware,4.6,266000,266000,Adventure,4400,68000,930000,616000
Bloodborne: The Old Hunters,2015-11-24, Sony Computer Entertainment,4.6,266000,266000,Adventure,4400,68000,930000,616000
Bloodborne: The Old Hunters,2015-11-24,FromSoftware,4.6,266000,266000, RPG,4400,68000,930000,616000
Bloodborne: The Old Hunters,2015-11-24, Sony Computer Entertainment,4.6,266000,266000, RPG,4400,68000,930000,616000
Fire Emblem Warriors: Three Hopes,2022-06-24,Nintendo,3.6,360000,360000,Brawler,1100,305000,761000,576000
Fire Emblem Warriors: Three Hopes,2022-06-24, Omega Force,3.6,360000,360000,Brawler,1100,305000,761000,576000
Fire Emblem Warriors: Three Hopes,2022-06-24,Nintendo,3.6,360000,360000, RPG,1100,305000,761000,576000
Fire Emblem Warriors: Three Hopes,2022-06-24, Omega Force,3.6,360000,360000, RPG,1100,305000,761000,576000
Fire Emblem Warriors: Three Hopes,2022-06-24,Nintendo,3.6,360000,360000, Simulator,1100,305000,761000,576000
Fire Emblem Warriors: Three Hopes,2022-06-24, Omega Force,3.6,360000,360000, Simulator,1100,305000,761000,576000
Fire Emblem Warriors: Three Hopes,2022-06-24,Nintendo,3.6,360000,360000, Strategy,1100,305000,761000,576000
Fire Emblem Warriors: Three Hopes,2022-06-24, Omega Force,3.6,360000,360000, Strategy,1100,305000,761000,576000
Fire Emblem Warriors: Three Hopes,2022-06-24,Nintendo,3.6,360000,360000, Tactical,1100,305000,761000,576000
Fire Emblem Warriors: Three Hopes,2022-06-24, Omega Force,3.6,360000,360000, Tactical,1100,305000,761000,576000
Super Smash Bros. for Nintendo 3DS,2014-09-13,Nintendo,3.3,545000,545000,Fighting,10000,23000,273000,96000
Super Smash Bros. for Nintendo 3DS,2014-09-13, Sora,3.3,545000,545000,Fighting,10000,23000,273000,96000
The Legend of Heroes: Trails to Azure,2011-09-29,Nihon Falcom,4.5,519000,519000,Adventure,1400,72000,714000,701000
The Legend of Heroes: Trails to Azure,2011-09-29,Nihon Falcom,4.5,519000,519000, RPG,1400,72000,714000,701000
The Legend of Heroes: Trails to Azure,2011-09-29,Nihon Falcom,4.5,519000,519000, Strategy,1400,72000,714000,701000
The Legend of Heroes: Trails to Azure,2011-09-29,Nihon Falcom,4.5,519000,519000, Turn Based Strategy,1400,72000,714000,701000
Super Mario RPG: Legend of the Seven Stars,1996-03-09,Square,4.0,832000,832000,Adventure,4400,133000,2300,858000
Super Mario RPG: Legend of the Seven Stars,1996-03-09, Nintendo,4.0,832000,832000,Adventure,4400,133000,2300,858000
Super Mario RPG: Legend of the Seven Stars,1996-03-09,Square,4.0,832000,832000, Platform,4400,133000,2300,858000
Super Mario RPG: Legend of the Seven Stars,1996-03-09, Nintendo,4.0,832000,832000, Platform,4400,133000,2300,858000
Super Mario RPG: Legend of the Seven Stars,1996-03-09,Square,4.0,832000,832000, RPG,4400,133000,2300,858000
Super Mario RPG: Legend of the Seven Stars,1996-03-09, Nintendo,4.0,832000,832000, RPG,4400,133000,2300,858000
Astral Chain,2019-08-30,PlatinumGames,3.6,568000,568000,Adventure,3600,210000,2300,1400
Astral Chain,2019-08-30, Nintendo,3.6,568000,568000,Adventure,3600,210000,2300,1400
Astral Chain,2019-08-30,PlatinumGames,3.6,568000,568000, Brawler,3600,210000,2300,1400
Astral Chain,2019-08-30, Nintendo,3.6,568000,568000, Brawler,3600,210000,2300,1400
DmC: Devil May Cry,2013-01-15,Ninja Theory,3.0,432000,432000,Adventure,6300,62000,1200,448000
DmC: Devil May Cry,2013-01-15, Capcom,3.0,432000,432000,Adventure,6300,62000,1200,448000
DmC: Devil May Cry,2013-01-15,Ninja Theory,3.0,432000,432000, Brawler,6300,62000,1200,448000
DmC: Devil May Cry,2013-01-15, Capcom,3.0,432000,432000, Brawler,6300,62000,1200,448000
Dragon Age: Origins,2009-11-03,Electronic Arts,4.0,712000,712000,RPG,6100,148000,1700,534000
Dragon Age: Origins,2009-11-03, BioWare,4.0,712000,712000,RPG,6100,148000,1700,534000
Vagrant Story,2000-02-10,Square,4.0,503000,503000,Adventure,1000,59000,1600,889000
Vagrant Story,2000-02-10, (Archive) Square Product Development Division 4,4.0,503000,503000,Adventure,1000,59000,1600,889000
Vagrant Story,2000-02-10,Square,4.0,503000,503000, RPG,1000,59000,1600,889000
Vagrant Story,2000-02-10, (Archive) Square Product Development Division 4,4.0,503000,503000, RPG,1000,59000,1600,889000
Amnesia: The Dark Descent,2010-09-08,Frictional Games,3.5,525000,525000,Adventure,4700,86000,1800,407000
Amnesia: The Dark Descent,2010-09-08,Frictional Games,3.5,525000,525000, Indie,4700,86000,1800,407000
Amnesia: The Dark Descent,2010-09-08,Frictional Games,3.5,525000,525000, Puzzle,4700,86000,1800,407000
Monster Hunter Rise: Sunbreak,2022-06-29,Capcom,4.3,217000,217000,Brawler,1100,267000,327000,242000
Monster Hunter Rise: Sunbreak,2022-06-29,Capcom,4.3,217000,217000, RPG,1100,267000,327000,242000
Super Mario Maker 2,2019-06-28,Nintendo EPD,3.7,689000,689000,Platform,6600,114000,623000,459000
Super Mario Maker 2,2019-06-28, Nintendo,3.7,689000,689000,Platform,6600,114000,623000,459000
Fire Emblem: The Blazing Blade,2003-04-25,Intelligent Systems Co.,3.7,609000,609000,RPG,3900,158000,1200,401000
Fire Emblem: The Blazing Blade,2003-04-25, Ltd.,3.7,609000,609000,RPG,3900,158000,1200,401000
Fire Emblem: The Blazing Blade,2003-04-25, Nintendo,3.7,609000,609000,RPG,3900,158000,1200,401000
Fire Emblem: The Blazing Blade,2003-04-25,Intelligent Systems Co.,3.7,609000,609000, Strategy,3900,158000,1200,401000
Fire Emblem: The Blazing Blade,2003-04-25, Ltd.,3.7,609000,609000, Strategy,3900,158000,1200,401000
Fire Emblem: The Blazing Blade,2003-04-25, Nintendo,3.7,609000,609000, Strategy,3900,158000,1200,401000
Fire Emblem: The Blazing Blade,2003-04-25,Intelligent Systems Co.,3.7,609000,609000, Tactical,3900,158000,1200,401000
Fire Emblem: The Blazing Blade,2003-04-25, Ltd.,3.7,609000,609000, Tactical,3900,158000,1200,401000
Fire Emblem: The Blazing Blade,2003-04-25, Nintendo,3.7,609000,609000, Tactical,3900,158000,1200,401000
LEGO Marvel Super Heroes,2013-09-30,WB Games,3.6,522000,522000,Adventure,6000,65000,592000,126000
LEGO Marvel Super Heroes,2013-09-30," ""Travellers Tales""",3.6,522000,522000,Adventure,6000,65000,592000,126000
LEGO Marvel Super Heroes,2013-09-30,WB Games,3.6,522000,522000, Brawler,6000,65000,592000,126000
LEGO Marvel Super Heroes,2013-09-30," ""Travellers Tales""",3.6,522000,522000, Brawler,6000,65000,592000,126000
LEGO Marvel Super Heroes,2013-09-30,WB Games,3.6,522000,522000, Puzzle,6000,65000,592000,126000
LEGO Marvel Super Heroes,2013-09-30," ""Travellers Tales""",3.6,522000,522000, Puzzle,6000,65000,592000,126000
Sonic Colors,2010-11-11,SEGA of America,3.4,609000,609000,Adventure,5100,44000,690000,342000
Sonic Colors,2010-11-11, Sonic Team,3.4,609000,609000,Adventure,5100,44000,690000,342000
Sonic Colors,2010-11-11,SEGA of America,3.4,609000,609000, Platform,5100,44000,690000,342000
Sonic Colors,2010-11-11, Sonic Team,3.4,609000,609000, Platform,5100,44000,690000,342000
Pokémon Moon,2016-11-18,The Pokémon Company,3.3,648000,648000,Adventure,7900,75000,653000,234000
Pokémon Moon,2016-11-18, Game Freak,3.3,648000,648000,Adventure,7900,75000,653000,234000
Pokémon Moon,2016-11-18,The Pokémon Company,3.3,648000,648000, RPG,7900,75000,653000,234000
Pokémon Moon,2016-11-18, Game Freak,3.3,648000,648000, RPG,7900,75000,653000,234000
Pokémon Moon,2016-11-18,The Pokémon Company,3.3,648000,648000, Strategy,7900,75000,653000,234000
Pokémon Moon,2016-11-18, Game Freak,3.3,648000,648000, Strategy,7900,75000,653000,234000
Pokémon Moon,2016-11-18,The Pokémon Company,3.3,648000,648000, Turn Based Strategy,7900,75000,653000,234000
Pokémon Moon,2016-11-18, Game Freak,3.3,648000,648000, Turn Based Strategy,7900,75000,653000,234000
Zelda II: The Adventure of Link,1987-01-14,Nintendo,2.6,756000,756000,Adventure,4500,55000,1100,290000
Zelda II: The Adventure of Link,1987-01-14, Nintendo EAD,2.6,756000,756000,Adventure,4500,55000,1100,290000
Zelda II: The Adventure of Link,1987-01-14,Nintendo,2.6,756000,756000, RPG,4500,55000,1100,290000
Zelda II: The Adventure of Link,1987-01-14, Nintendo EAD,2.6,756000,756000, RPG,4500,55000,1100,290000
Battlefield 4,2013-10-29,EA Digital Illusions CE,3.5,431000,431000,Shooter,7100,72000,506000,124000
Battlefield 4,2013-10-29, Electronic Arts,3.5,431000,431000,Shooter,7100,72000,506000,124000
Dragon Ball Z: Budokai Tenkaichi 3,2007-10-04,Namco Bandai Games,3.9,435000,435000,Fighting,6600,32000,278000,135000
Dragon Ball Z: Budokai Tenkaichi 3,2007-10-04, Spike,3.9,435000,435000,Fighting,6600,32000,278000,135000
WarioWare: Get It Together!,2021-09-09,Intelligent Systems,3.5,399000,399000,Arcade,2200,59000,460000,636000
WarioWare: Get It Together!,2021-09-09, Nintendo,3.5,399000,399000,Arcade,2200,59000,460000,636000
Beyond: Two Souls,2013-10-08,Quantic Dream,2.7,433000,433000,Adventure,5400,52000,1100,524000
Beyond: Two Souls,2013-10-08, Sony Computer Entertainment,2.7,433000,433000,Adventure,5400,52000,1100,524000
Digimon Survive,2022-07-28,Bandai Namco Entertainment,3.4,167000,167000,Adventure,454000,148000,525000,602000
Digimon Survive,2022-07-28, Witchcraft Inc.,3.4,167000,167000,Adventure,454000,148000,525000,602000
Digimon Survive,2022-07-28,Bandai Namco Entertainment,3.4,167000,167000, RPG,454000,148000,525000,602000
Digimon Survive,2022-07-28, Witchcraft Inc.,3.4,167000,167000, RPG,454000,148000,525000,602000
Digimon Survive,2022-07-28,Bandai Namco Entertainment,3.4,167000,167000, Simulator,454000,148000,525000,602000
Digimon Survive,2022-07-28, Witchcraft Inc.,3.4,167000,167000, Simulator,454000,148000,525000,602000
Digimon Survive,2022-07-28,Bandai Namco Entertainment,3.4,167000,167000, Strategy,454000,148000,525000,602000
Digimon Survive,2022-07-28, Witchcraft Inc.,3.4,167000,167000, Strategy,454000,148000,525000,602000
Digimon Survive,2022-07-28,Bandai Namco Entertainment,3.4,167000,167000, Turn Based Strategy,454000,148000,525000,602000
Digimon Survive,2022-07-28, Witchcraft Inc.,3.4,167000,167000, Turn Based Strategy,454000,148000,525000,602000
Spiritfarer,2020-08-18,Thunder Lotus Games,3.9,513000,513000,Adventure,2300,352000,1500,918000
Spiritfarer,2020-08-18,Thunder Lotus Games,3.9,513000,513000, Indie,2300,352000,1500,918000
Spiritfarer,2020-08-18,Thunder Lotus Games,3.9,513000,513000, Platform,2300,352000,1500,918000
Spiritfarer,2020-08-18,Thunder Lotus Games,3.9,513000,513000, Simulator,2300,352000,1500,918000
Little Nightmares II,2021-02-10,Tarsier Studios,4.0,569000,569000,Adventure,2500,78000,1200,1500
Little Nightmares II,2021-02-10, Bandai Namco Entertainment,4.0,569000,569000,Adventure,2500,78000,1200,1500
Little Nightmares II,2021-02-10,Tarsier Studios,4.0,569000,569000, Platform,2500,78000,1200,1500
Little Nightmares II,2021-02-10, Bandai Namco Entertainment,4.0,569000,569000, Platform,2500,78000,1200,1500
Little Nightmares II,2021-02-10,Tarsier Studios,4.0,569000,569000, Puzzle,2500,78000,1200,1500
Little Nightmares II,2021-02-10, Bandai Namco Entertainment,4.0,569000,569000, Puzzle,2500,78000,1200,1500
The Evil Within 2,2017-10-12,Tango Gameworks,3.7,541000,541000,Adventure,2700,76000,1400,634000
The Evil Within 2,2017-10-12, Bethesda Softworks,3.7,541000,541000,Adventure,2700,76000,1400,634000
The Evil Within 2,2017-10-12,Tango Gameworks,3.7,541000,541000, RPG,2700,76000,1400,634000
The Evil Within 2,2017-10-12, Bethesda Softworks,3.7,541000,541000, RPG,2700,76000,1400,634000
The Evil Within 2,2017-10-12,Tango Gameworks,3.7,541000,541000, Shooter,2700,76000,1400,634000
The Evil Within 2,2017-10-12, Bethesda Softworks,3.7,541000,541000, Shooter,2700,76000,1400,634000
Bloons TD 6,2018-06-14,Ninja Kiwi,3.8,241000,241000,Strategy,4100,331000,343000,73000
Bloons TD 6,2018-06-14,Ninja Kiwi,3.8,241000,241000, Tactical,4100,331000,343000,73000
Sayonara Wild Hearts,2019-09-19,Simogo,3.9,725000,725000,Adventure,3100,37000,721000,789000
Sayonara Wild Hearts,2019-09-19, Annapurna Interactive,3.9,725000,725000,Adventure,3100,37000,721000,789000
Sayonara Wild Hearts,2019-09-19,Simogo,3.9,725000,725000, Arcade,3100,37000,721000,789000
Sayonara Wild Hearts,2019-09-19, Annapurna Interactive,3.9,725000,725000, Arcade,3100,37000,721000,789000
Sayonara Wild Hearts,2019-09-19,Simogo,3.9,725000,725000, Indie,3100,37000,721000,789000
Sayonara Wild Hearts,2019-09-19, Annapurna Interactive,3.9,725000,725000, Indie,3100,37000,721000,789000
Sayonara Wild Hearts,2019-09-19,Simogo,3.9,725000,725000, Music,3100,37000,721000,789000
Sayonara Wild Hearts,2019-09-19, Annapurna Interactive,3.9,725000,725000, Music,3100,37000,721000,789000
Metro 2033 Redux,2014-08-26,Koch Media,3.6,363000,363000,Adventure,3900,108000,1600,260000
Metro 2033 Redux,2014-08-26, 4A Games,3.6,363000,363000,Adventure,3900,108000,1600,260000
Metro 2033 Redux,2014-08-26,Koch Media,3.6,363000,363000, RPG,3900,108000,1600,260000
Metro 2033 Redux,2014-08-26, 4A Games,3.6,363000,363000, RPG,3900,108000,1600,260000
Metro 2033 Redux,2014-08-26,Koch Media,3.6,363000,363000, Shooter,3900,108000,1600,260000
Metro 2033 Redux,2014-08-26, 4A Games,3.6,363000,363000, Shooter,3900,108000,1600,260000
Melty Blood: Type Lumina,2021-09-29,Delightworks,3.6,194000,194000,Fighting,1800,159000,301000,473000
Melty Blood: Type Lumina,2021-09-29, French Bread,3.6,194000,194000,Fighting,1800,159000,301000,473000
Melty Blood: Type Lumina,2021-09-29,Delightworks,3.6,194000,194000, Visual Novel,1800,159000,301000,473000
Melty Blood: Type Lumina,2021-09-29, French Bread,3.6,194000,194000, Visual Novel,1800,159000,301000,473000
Vampire Survivors,2021-12-17,Poncle,3.7,836000,836000,Arcade,6100,944000,687000,409000
Vampire Survivors,2021-12-17,Poncle,3.7,836000,836000, Indie,6100,944000,687000,409000
Vampire Survivors,2021-12-17,Poncle,3.7,836000,836000, RPG,6100,944000,687000,409000
Psychonauts,2005-04-19,Double Fine Productions,4.0,1200,1200,Adventure,7100,388000,4200,1200
Psychonauts,2005-04-19, Majesco Entertainment,4.0,1200,1200,Adventure,7100,388000,4200,1200
Psychonauts,2005-04-19,Double Fine Productions,4.0,1200,1200, Platform,7100,388000,4200,1200
Psychonauts,2005-04-19, Majesco Entertainment,4.0,1200,1200, Platform,7100,388000,4200,1200
Fallout 4,2015-11-09,Bethesda Game Studios,3.1,1000,1000,RPG,16000,407000,2900,752000
Fallout 4,2015-11-09, Bethesda Softworks,3.1,1000,1000,RPG,16000,407000,2900,752000
Fallout 4,2015-11-09,Bethesda Game Studios,3.1,1000,1000, Shooter,16000,407000,2900,752000
Fallout 4,2015-11-09, Bethesda Softworks,3.1,1000,1000, Shooter,16000,407000,2900,752000
Uncharted 4: A Thief's End,2016-05-10,Naughty Dog,4.1,1800,1800,Adventure,14000,177000,2700,1200
Uncharted 4: A Thief's End,2016-05-10, Sony Interactive Entertainment,4.1,1800,1800,Adventure,14000,177000,2700,1200
Uncharted 4: A Thief's End,2016-05-10,Naughty Dog,4.1,1800,1800, Shooter,14000,177000,2700,1200
Uncharted 4: A Thief's End,2016-05-10, Sony Interactive Entertainment,4.1,1800,1800, Shooter,14000,177000,2700,1200
The Legend of Zelda: A Link to the Past,1991-11-21,Nintendo EAD,4.1,1700,1700,Adventure,13000,360000,3200,911000
The Legend of Zelda: A Link to the Past,1991-11-21, St. GIGA,4.1,1700,1700,Adventure,13000,360000,3200,911000
The Legend of Zelda: A Link to the Past,1991-11-21,Nintendo EAD,4.1,1700,1700, Puzzle,13000,360000,3200,911000
The Legend of Zelda: A Link to the Past,1991-11-21, St. GIGA,4.1,1700,1700, Puzzle,13000,360000,3200,911000
The Legend of Zelda: A Link to the Past,1991-11-21,Nintendo EAD,4.1,1700,1700, RPG,13000,360000,3200,911000
The Legend of Zelda: A Link to the Past,1991-11-21, St. GIGA,4.1,1700,1700, RPG,13000,360000,3200,911000
Silent Hill,1999-02-23,Konami,4.1,1300,1300,Adventure,6800,272000,2300,1600
Silent Hill,1999-02-23, Team Silent,4.1,1300,1300,Adventure,6800,272000,2300,1600
Silent Hill,1999-02-23,Konami,4.1,1300,1300, Puzzle,6800,272000,2300,1600
Silent Hill,1999-02-23, Team Silent,4.1,1300,1300, Puzzle,6800,272000,2300,1600
Super Smash Bros. Brawl,2008-01-31,Nintendo,3.8,1300,1300,Fighting,19000,51000,511000,250000
Super Smash Bros. Brawl,2008-01-31, Sora,3.8,1300,1300,Fighting,19000,51000,511000,250000
Super Smash Bros. Brawl,2008-01-31,Nintendo,3.8,1300,1300, Platform,19000,51000,511000,250000
Super Smash Bros. Brawl,2008-01-31, Sora,3.8,1300,1300, Platform,19000,51000,511000,250000
Borderlands 2,2012-09-18,Gearbox Software,3.5,1100,1100,RPG,16000,344000,2700,494000
Borderlands 2,2012-09-18, 2K Games,3.5,1100,1100,RPG,16000,344000,2700,494000
Borderlands 2,2012-09-18,Gearbox Software,3.5,1100,1100, Shooter,16000,344000,2700,494000
Borderlands 2,2012-09-18, 2K Games,3.5,1100,1100, Shooter,16000,344000,2700,494000
No More Heroes,2007-12-06,Grasshopper Manufacture,4.0,1200,1200,Adventure,5600,280000,2600,1800
No More Heroes,2007-12-06,Grasshopper Manufacture,4.0,1200,1200, Brawler,5600,280000,2600,1800
Ghost of Tsushima,2020-07-17,Sucker Punch Productions,4.1,1400,1400,Adventure,8500,688000,3500,3100
Ghost of Tsushima,2020-07-17, Sony Interactive Entertainment,4.1,1400,1400,Adventure,8500,688000,3500,3100
Ghost of Tsushima,2020-07-17,Sucker Punch Productions,4.1,1400,1400, Brawler,8500,688000,3500,3100
Ghost of Tsushima,2020-07-17, Sony Interactive Entertainment,4.1,1400,1400, Brawler,8500,688000,3500,3100
Ghost of Tsushima,2020-07-17,Sucker Punch Productions,4.1,1400,1400, RPG,8500,688000,3500,3100
Ghost of Tsushima,2020-07-17, Sony Interactive Entertainment,4.1,1400,1400, RPG,8500,688000,3500,3100
Sonic the Hedgehog 3 & Knuckles,1994-10-18,Sega Technical Institute,4.2,839000,839000,Platform,6000,40000,656000,269000
Sonic the Hedgehog 3 & Knuckles,1994-10-18, Sega,4.2,839000,839000,Platform,6000,40000,656000,269000
Resident Evil 2,1998-01-21,Capcom,4.2,1100,1100,Adventure,5500,54000,1100,597000
Resident Evil 2,1998-01-21, Factor 5,4.2,1100,1100,Adventure,5500,54000,1100,597000
Resident Evil 2,1998-01-21,Capcom,4.2,1100,1100, Shooter,5500,54000,1100,597000
Resident Evil 2,1998-01-21, Factor 5,4.2,1100,1100, Shooter,5500,54000,1100,597000
Full Metal Daemon Muramasa,2009-10-30,Nitroplus,4.3,229000,229000,Adventure,496000,96000,567000,592000
Full Metal Daemon Muramasa,2009-10-30, JAST USA,4.3,229000,229000,Adventure,496000,96000,567000,592000
Full Metal Daemon Muramasa,2009-10-30,Nitroplus,4.3,229000,229000, Visual Novel,496000,96000,567000,592000
Full Metal Daemon Muramasa,2009-10-30, JAST USA,4.3,229000,229000, Visual Novel,496000,96000,567000,592000
Soma,2015-09-21,Frictional Games,4.0,764000,764000,Adventure,3900,122000,2200,837000
Soma,2015-09-21,Frictional Games,4.0,764000,764000, Indie,3900,122000,2200,837000
The Binding of Isaac: Rebirth,2014-11-04,Nicalis,4.0,492000,492000,Adventure,8200,334000,1100,636000
The Binding of Isaac: Rebirth,2014-11-04, Inc.,4.0,492000,492000,Adventure,8200,334000,1100,636000
The Binding of Isaac: Rebirth,2014-11-04,Nicalis,4.0,492000,492000, Arcade,8200,334000,1100,636000
The Binding of Isaac: Rebirth,2014-11-04, Inc.,4.0,492000,492000, Arcade,8200,334000,1100,636000
The Binding of Isaac: Rebirth,2014-11-04,Nicalis,4.0,492000,492000, Indie,8200,334000,1100,636000
The Binding of Isaac: Rebirth,2014-11-04, Inc.,4.0,492000,492000, Indie,8200,334000,1100,636000
The Binding of Isaac: Rebirth,2014-11-04,Nicalis,4.0,492000,492000, RPG,8200,334000,1100,636000
The Binding of Isaac: Rebirth,2014-11-04, Inc.,4.0,492000,492000, RPG,8200,334000,1100,636000
The Binding of Isaac: Rebirth,2014-11-04,Nicalis,4.0,492000,492000, Shooter,8200,334000,1100,636000
The Binding of Isaac: Rebirth,2014-11-04, Inc.,4.0,492000,492000, Shooter,8200,334000,1100,636000
Luigi's Mansion 3,2019-10-31,Nintendo,3.8,800000,800000,Adventure,5600,313000,2200,1300
Luigi's Mansion 3,2019-10-31, Next Level Games,3.8,800000,800000,Adventure,5600,313000,2200,1300
Katamari Damacy Reroll,2018-12-06,MONKEYCRAFT Co. Ltd,4.1,576000,576000,Adventure,4300,199000,1300,513000
Katamari Damacy Reroll,2018-12-06, Bandai Namco Entertainment,4.1,576000,576000,Adventure,4300,199000,1300,513000
Katamari Damacy Reroll,2018-12-06,MONKEYCRAFT Co. Ltd,4.1,576000,576000, Puzzle,4300,199000,1300,513000
Katamari Damacy Reroll,2018-12-06, Bandai Namco Entertainment,4.1,576000,576000, Puzzle,4300,199000,1300,513000
Mario Kart 7,2011-12-02,Nintendo,3.5,593000,593000,Racing,10000,59000,336000,141000
Castle Crashers,2008-08-27,The Behemoth,3.6,487000,487000,Adventure,9400,94000,936000,227000
Castle Crashers,2008-08-27,The Behemoth,3.6,487000,487000, Brawler,9400,94000,936000,227000
Castle Crashers,2008-08-27,The Behemoth,3.6,487000,487000, Indie,9400,94000,936000,227000
Castle Crashers,2008-08-27,The Behemoth,3.6,487000,487000, RPG,9400,94000,936000,227000
Rain World,2017-03-28,Videocult,4.1,411000,411000,Adventure,1100,170000,1400,987000
Rain World,2017-03-28, Adult Swim Games,4.1,411000,411000,Adventure,1100,170000,1400,987000
Rain World,2017-03-28,Videocult,4.1,411000,411000, Indie,1100,170000,1400,987000
Rain World,2017-03-28, Adult Swim Games,4.1,411000,411000, Indie,1100,170000,1400,987000
Rain World,2017-03-28,Videocult,4.1,411000,411000, Platform,1100,170000,1400,987000
Rain World,2017-03-28, Adult Swim Games,4.1,411000,411000, Platform,1100,170000,1400,987000
Rain World,2017-03-28,Videocult,4.1,411000,411000, RPG,1100,170000,1400,987000
Rain World,2017-03-28, Adult Swim Games,4.1,411000,411000, RPG,1100,170000,1400,987000
Mario Party Superstars,2021-10-28,Nintendo,3.7,517000,517000,Card & Board Game,3800,128000,329000,453000
Bully,2006-10-17,Rockstar Vancouver,3.9,635000,635000,Adventure,6700,80000,1300,768000
Bully,2006-10-17, Take-Two Interactive,3.9,635000,635000,Adventure,6700,80000,1300,768000
Mario Kart 64,1996-12-14,Nintendo,3.5,725000,725000,Racing,9700,21000,389000,194000
Octopath Traveler II,2023-02-24,Square Enix,4.4,253000,253000,RPG,258000,271000,543000,895000
Octopath Traveler II,2023-02-24,Square Enix,4.4,253000,253000, Turn Based Strategy,258000,271000,543000,895000
Norco,2022-03-24,Geography of Robots,3.9,386000,386000,Adventure,809000,88000,651000,561000
Norco,2022-03-24, Raw Fury,3.9,386000,386000,Adventure,809000,88000,651000,561000
Norco,2022-03-24,Geography of Robots,3.9,386000,386000, Indie,809000,88000,651000,561000
Norco,2022-03-24, Raw Fury,3.9,386000,386000, Indie,809000,88000,651000,561000
Norco,2022-03-24,Geography of Robots,3.9,386000,386000, Point-and-Click,809000,88000,651000,561000
Norco,2022-03-24, Raw Fury,3.9,386000,386000, Point-and-Click,809000,88000,651000,561000
Norco,2022-03-24,Geography of Robots,3.9,386000,386000, Puzzle,809000,88000,651000,561000
Norco,2022-03-24, Raw Fury,3.9,386000,386000, Puzzle,809000,88000,651000,561000
Resident Evil,2002-03-22,Capcom,4.3,1000,1000,Adventure,4000,93000,1100,470000
Resident Evil,2002-03-22, Capcom Production Studio 4,4.3,1000,1000,Adventure,4000,93000,1100,470000
Resident Evil,2002-03-22,Capcom,4.3,1000,1000, Puzzle,4000,93000,1100,470000
Resident Evil,2002-03-22, Capcom Production Studio 4,4.3,1000,1000, Puzzle,4000,93000,1100,470000
Assassin's Creed Odyssey,2018-10-05,Ubisoft Entertainment,3.4,772000,772000,Adventure,6800,435000,2000,746000
Assassin's Creed Odyssey,2018-10-05, Ubisoft Québec,3.4,772000,772000,Adventure,6800,435000,2000,746000
Assassin's Creed Odyssey,2018-10-05,Ubisoft Entertainment,3.4,772000,772000, RPG,6800,435000,2000,746000
Assassin's Creed Odyssey,2018-10-05, Ubisoft Québec,3.4,772000,772000, RPG,6800,435000,2000,746000
Transistor,2014-05-20,Supergiant Games,3.8,784000,784000,Adventure,5600,172000,2900,692000
Transistor,2014-05-20,Supergiant Games,3.8,784000,784000, Indie,5600,172000,2900,692000
Transistor,2014-05-20,Supergiant Games,3.8,784000,784000, RPG,5600,172000,2900,692000
Transistor,2014-05-20,Supergiant Games,3.8,784000,784000, Strategy,5600,172000,2900,692000
Transistor,2014-05-20,Supergiant Games,3.8,784000,784000, Turn Based Strategy,5600,172000,2900,692000
The Evil Within,2014-10-14,Tango Gameworks,3.4,629000,629000,Adventure,4800,140000,1800,822000
The Evil Within,2014-10-14, Bethesda Softworks,3.4,629000,629000,Adventure,4800,140000,1800,822000
The Evil Within,2014-10-14,Tango Gameworks,3.4,629000,629000, Shooter,4800,140000,1800,822000
The Evil Within,2014-10-14, Bethesda Softworks,3.4,629000,629000, Shooter,4800,140000,1800,822000
Metal: Hellsinger,2022-09-15,Level Infinite,3.7,322000,322000,Adventure,1200,97000,419000,424000
Metal: Hellsinger,2022-09-15, The Outsiders,3.7,322000,322000,Adventure,1200,97000,419000,424000
Metal: Hellsinger,2022-09-15,Level Infinite,3.7,322000,322000, Music,1200,97000,419000,424000
Metal: Hellsinger,2022-09-15, The Outsiders,3.7,322000,322000, Music,1200,97000,419000,424000
Metal: Hellsinger,2022-09-15,Level Infinite,3.7,322000,322000, Shooter,1200,97000,419000,424000
Metal: Hellsinger,2022-09-15, The Outsiders,3.7,322000,322000, Shooter,1200,97000,419000,424000
Halo: The Master Chief Collection,2014-11-11,343 Industries,4.2,356000,356000,Shooter,5100,362000,1300,463000
Halo: The Master Chief Collection,2014-11-11, Xbox Game Studios,4.2,356000,356000,Shooter,5100,362000,1300,463000
Pokémon Crystal,2000-12-14,Game Freak,3.9,716000,716000,Adventure,7200,137000,721000,236000
Pokémon Crystal,2000-12-14, Nintendo,3.9,716000,716000,Adventure,7200,137000,721000,236000
Pokémon Crystal,2000-12-14,Game Freak,3.9,716000,716000, RPG,7200,137000,721000,236000
Pokémon Crystal,2000-12-14, Nintendo,3.9,716000,716000, RPG,7200,137000,721000,236000
Uncharted: The Lost Legacy,2017-08-22,Naughty Dog,3.8,758000,758000,Adventure,4700,51000,1300,754000
Uncharted: The Lost Legacy,2017-08-22, Sony Interactive Entertainment,3.8,758000,758000,Adventure,4700,51000,1300,754000
Uncharted: The Lost Legacy,2017-08-22,Naughty Dog,3.8,758000,758000, Shooter,4700,51000,1300,754000
Uncharted: The Lost Legacy,2017-08-22, Sony Interactive Entertainment,3.8,758000,758000, Shooter,4700,51000,1300,754000
Resident Evil 3: Nemesis,1999-09-22,Capcom,3.8,849000,849000,Adventure,4300,56000,953000,496000
Resident Evil 3: Nemesis,1999-09-22, Capcom Planning Room 2,3.8,849000,849000,Adventure,4300,56000,953000,496000
Resident Evil 3: Nemesis,1999-09-22,Capcom,3.8,849000,849000, Shooter,4300,56000,953000,496000
Resident Evil 3: Nemesis,1999-09-22, Capcom Planning Room 2,3.8,849000,849000, Shooter,4300,56000,953000,496000
Sea of Thieves,2018-03-20,Rare,3.3,354000,354000,Adventure,5300,270000,536000,407000
Sea of Thieves,2018-03-20, Xbox Game Studios,3.3,354000,354000,Adventure,5300,270000,536000,407000
Sea of Thieves,2018-03-20,Rare,3.3,354000,354000, Simulator,5300,270000,536000,407000
Sea of Thieves,2018-03-20, Xbox Game Studios,3.3,354000,354000, Simulator,5300,270000,536000,407000
F.E.A.R.,2005-10-17,Monolith Productions,3.8,564000,564000,Shooter,3600,65000,1000,505000
F.E.A.R.,2005-10-17, Vivendi Universal,3.8,564000,564000,Shooter,3600,65000,1000,505000
Mafia: Definitive Edition,2020-09-24,2K Games,3.7,420000,420000,Adventure,2700,101000,917000,540000
Mafia: Definitive Edition,2020-09-24, Hangar 13,3.7,420000,420000,Adventure,2700,101000,917000,540000
Mafia: Definitive Edition,2020-09-24,2K Games,3.7,420000,420000, Shooter,2700,101000,917000,540000
Mafia: Definitive Edition,2020-09-24, Hangar 13,3.7,420000,420000, Shooter,2700,101000,917000,540000
NieR,2010-04-22,Square Enix,4.2,743000,743000,Adventure,2900,67000,999000,854000
NieR,2010-04-22, Cavia,4.2,743000,743000,Adventure,2900,67000,999000,854000
NieR,2010-04-22,Square Enix,4.2,743000,743000, RPG,2900,67000,999000,854000
NieR,2010-04-22, Cavia,4.2,743000,743000, RPG,2900,67000,999000,854000
NieR,2010-04-22,Square Enix,4.2,743000,743000, Shooter,2900,67000,999000,854000
NieR,2010-04-22, Cavia,4.2,743000,743000, Shooter,2900,67000,999000,854000
NieR,2010-04-22,Square Enix,4.2,743000,743000, Simulator,2900,67000,999000,854000
NieR,2010-04-22, Cavia,4.2,743000,743000, Simulator,2900,67000,999000,854000
NieR,2010-04-22,Square Enix,4.2,743000,743000, Strategy,2900,67000,999000,854000
NieR,2010-04-22, Cavia,4.2,743000,743000, Strategy,2900,67000,999000,854000
The Walking Dead: Season Two,2013-12-17,Telltale Games,3.5,559000,559000,Adventure,6700,35000,718000,262000
The Walking Dead: Season Two,2013-12-17, Skybound Games,3.5,559000,559000,Adventure,6700,35000,718000,262000
The Walking Dead: Season Two,2013-12-17,Telltale Games,3.5,559000,559000, Point-and-Click,6700,35000,718000,262000
The Walking Dead: Season Two,2013-12-17, Skybound Games,3.5,559000,559000, Point-and-Click,6700,35000,718000,262000
The Walking Dead: Season Two,2013-12-17,Telltale Games,3.5,559000,559000, Puzzle,6700,35000,718000,262000
The Walking Dead: Season Two,2013-12-17, Skybound Games,3.5,559000,559000, Puzzle,6700,35000,718000,262000
Forspoken,2023-01-24,Square Enix,2.3,211000,211000,Adventure,252000,32000,247000,847000
Forspoken,2023-01-24, Luminous Productions,2.3,211000,211000,Adventure,252000,32000,247000,847000
Forspoken,2023-01-24,Square Enix,2.3,211000,211000, RPG,252000,32000,247000,847000
Forspoken,2023-01-24, Luminous Productions,2.3,211000,211000, RPG,252000,32000,247000,847000
Max Payne 2: The Fall of Max Payne,2003-10-14,Remedy Entertainment,4.1,553000,553000,Shooter,4100,37000,1100,464000
Max Payne 2: The Fall of Max Payne,2003-10-14, Rockstar Games,4.1,553000,553000,Shooter,4100,37000,1100,464000
Shin Megami Tensei: Devil Summoner - Soul Hackers,1997-11-13,Atlus,3.8,470000,470000,Adventure,1200,153000,1600,651000
Shin Megami Tensei: Devil Summoner - Soul Hackers,1997-11-13, NIS America,3.8,470000,470000,Adventure,1200,153000,1600,651000
Shin Megami Tensei: Devil Summoner - Soul Hackers,1997-11-13,Atlus,3.8,470000,470000, RPG,1200,153000,1600,651000
Shin Megami Tensei: Devil Summoner - Soul Hackers,1997-11-13, NIS America,3.8,470000,470000, RPG,1200,153000,1600,651000
Dusk,2018-12-10,David Szymanski,4.0,487000,487000,Adventure,2500,154000,963000,625000
Dusk,2018-12-10, New Blood Interactive,4.0,487000,487000,Adventure,2500,154000,963000,625000
Dusk,2018-12-10,David Szymanski,4.0,487000,487000, Indie,2500,154000,963000,625000
Dusk,2018-12-10, New Blood Interactive,4.0,487000,487000, Indie,2500,154000,963000,625000
Dusk,2018-12-10,David Szymanski,4.0,487000,487000, Shooter,2500,154000,963000,625000
Dusk,2018-12-10, New Blood Interactive,4.0,487000,487000, Shooter,2500,154000,963000,625000
The Elder Scrolls III: Morrowind,2002-05-01,Bethesda Game Studios,4.0,549000,549000,Adventure,3700,150000,1700,487000
The Elder Scrolls III: Morrowind,2002-05-01, ZeniMax Media,4.0,549000,549000,Adventure,3700,150000,1700,487000
The Elder Scrolls III: Morrowind,2002-05-01,Bethesda Game Studios,4.0,549000,549000, RPG,3700,150000,1700,487000
The Elder Scrolls III: Morrowind,2002-05-01, ZeniMax Media,4.0,549000,549000, RPG,3700,150000,1700,487000
Rollerdrome,2022-08-16,Roll7,3.7,260000,260000,Adventure,431000,57000,351000,492000
Rollerdrome,2022-08-16, Private Division,3.7,260000,260000,Adventure,431000,57000,351000,492000
Rollerdrome,2022-08-16,Roll7,3.7,260000,260000, Indie,431000,57000,351000,492000
Rollerdrome,2022-08-16, Private Division,3.7,260000,260000, Indie,431000,57000,351000,492000
Rollerdrome,2022-08-16,Roll7,3.7,260000,260000, Shooter,431000,57000,351000,492000
Rollerdrome,2022-08-16, Private Division,3.7,260000,260000, Shooter,431000,57000,351000,492000
Rollerdrome,2022-08-16,Roll7,3.7,260000,260000, Sport,431000,57000,351000,492000
Rollerdrome,2022-08-16, Private Division,3.7,260000,260000, Sport,431000,57000,351000,492000
Final Fantasy XVI,2023-06-22,Square Enix,3.7200267022696933,422000,422000,RPG,37000,10000,732000,2400
Final Fantasy XVI,2023-06-22, Square Enix Creative Business Unit III,3.7200267022696933,422000,422000,RPG,37000,10000,732000,2400
Pokémon Sun,2016-11-18,The Pokémon Company,3.3,600000,600000,Adventure,7600,74000,596000,230000
Pokémon Sun,2016-11-18, Game Freak,3.3,600000,600000,Adventure,7600,74000,596000,230000
Pokémon Sun,2016-11-18,The Pokémon Company,3.3,600000,600000, RPG,7600,74000,596000,230000
Pokémon Sun,2016-11-18, Game Freak,3.3,600000,600000, RPG,7600,74000,596000,230000
Pokémon Sun,2016-11-18,The Pokémon Company,3.3,600000,600000, Strategy,7600,74000,596000,230000
Pokémon Sun,2016-11-18, Game Freak,3.3,600000,600000, Strategy,7600,74000,596000,230000
Pokémon Sun,2016-11-18,The Pokémon Company,3.3,600000,600000, Turn Based Strategy,7600,74000,596000,230000
Pokémon Sun,2016-11-18, Game Freak,3.3,600000,600000, Turn Based Strategy,7600,74000,596000,230000
Yu-Gi-Oh! Master Duel,2022-01-18,Konami,3.2,170000,170000,Card & Board Game,2100,235000,147000,33000
Yu-Gi-Oh! Master Duel,2022-01-18,Konami,3.2,170000,170000, Simulator,2100,235000,147000,33000
Yu-Gi-Oh! Master Duel,2022-01-18,Konami,3.2,170000,170000, Strategy,2100,235000,147000,33000
Injustice: Gods Among Us,2013-04-16,NetherRealm Studios,3.0,364000,364000,Adventure,7100,17000,502000,112000
Injustice: Gods Among Us,2013-04-16, WB Games,3.0,364000,364000,Adventure,7100,17000,502000,112000
Injustice: Gods Among Us,2013-04-16,NetherRealm Studios,3.0,364000,364000, Fighting,7100,17000,502000,112000
Injustice: Gods Among Us,2013-04-16, WB Games,3.0,364000,364000, Fighting,7100,17000,502000,112000
Pac-Man,1980-05-22,Wiz,3.4,427000,427000,Arcade,5200,7000,108000,31000
Pac-Man,1980-05-22, Namco Networks America,3.4,427000,427000,Arcade,5200,7000,108000,31000
Pac-Man,1980-05-22, Inc.,3.4,427000,427000,Arcade,5200,7000,108000,31000
Final Fantasy X/X-2 HD Remaster,2013-12-26,Virtuos,4.1,368000,368000,RPG,3200,281000,2300,677000
Final Fantasy X/X-2 HD Remaster,2013-12-26, Square Enix,4.1,368000,368000,RPG,3200,281000,2300,677000
Final Fantasy X/X-2 HD Remaster,2013-12-26,Virtuos,4.1,368000,368000, Strategy,3200,281000,2300,677000
Final Fantasy X/X-2 HD Remaster,2013-12-26, Square Enix,4.1,368000,368000, Strategy,3200,281000,2300,677000
Mortal Kombat X,2015-04-13,NetherRealm Studios,3.3,430000,430000,Fighting,7100,43000,602000,138000
Mortal Kombat X,2015-04-13, WB Games,3.3,430000,430000,Fighting,7100,43000,602000,138000
Shin Megami Tensei: Digital Devil Saga,2004-07-15,Atlus,4.1,657000,657000,RPG,2000,200000,1900,916000
Shin Megami Tensei: Digital Devil Saga,2004-07-15, Ghostlight Ltd.,4.1,657000,657000,RPG,2000,200000,1900,916000
Star Wars: The Force Unleashed,2008-09-16,THQ Wireless,3.2,417000,417000,Adventure,7400,50000,823000,350000
Star Wars: The Force Unleashed,2008-09-16, Aspyr Media,3.2,417000,417000,Adventure,7400,50000,823000,350000
Star Wars: The Force Unleashed,2008-09-16,THQ Wireless,3.2,417000,417000, Brawler,7400,50000,823000,350000
Star Wars: The Force Unleashed,2008-09-16, Aspyr Media,3.2,417000,417000, Brawler,7400,50000,823000,350000
Star Wars: The Force Unleashed,2008-09-16,THQ Wireless,3.2,417000,417000, RPG,7400,50000,823000,350000
Star Wars: The Force Unleashed,2008-09-16, Aspyr Media,3.2,417000,417000, RPG,7400,50000,823000,350000
Shovel Knight: Treasure Trove,2019-12-09,Yacht Club Games,4.3,445000,445000,Adventure,3800,186000,1300,574000
Shovel Knight: Treasure Trove,2019-12-09, Nintendo,4.3,445000,445000,Adventure,3800,186000,1300,574000
Shovel Knight: Treasure Trove,2019-12-09,Yacht Club Games,4.3,445000,445000, Indie,3800,186000,1300,574000
Shovel Knight: Treasure Trove,2019-12-09, Nintendo,4.3,445000,445000, Indie,3800,186000,1300,574000
Shovel Knight: Treasure Trove,2019-12-09,Yacht Club Games,4.3,445000,445000, Platform,3800,186000,1300,574000
Shovel Knight: Treasure Trove,2019-12-09, Nintendo,4.3,445000,445000, Platform,3800,186000,1300,574000
Ghost of Tsushima: Director's Cut,2021-08-20,Sony Interactive Entertainment,4.2,345000,345000,Adventure,1800,257000,993000,621000
Ghost of Tsushima: Director's Cut,2021-08-20, Sucker Punch Productions,4.2,345000,345000,Adventure,1800,257000,993000,621000
Ghost of Tsushima: Director's Cut,2021-08-20,Sony Interactive Entertainment,4.2,345000,345000, RPG,1800,257000,993000,621000
Ghost of Tsushima: Director's Cut,2021-08-20, Sucker Punch Productions,4.2,345000,345000, RPG,1800,257000,993000,621000
Donkey Kong Country Returns,2010-11-21,Retro Studios,3.9,521000,521000,Adventure,5300,67000,1100,443000
Donkey Kong Country Returns,2010-11-21, Nintendo,3.9,521000,521000,Adventure,5300,67000,1100,443000
Donkey Kong Country Returns,2010-11-21,Retro Studios,3.9,521000,521000, Platform,5300,67000,1100,443000
Donkey Kong Country Returns,2010-11-21, Nintendo,3.9,521000,521000, Platform,5300,67000,1100,443000
Street Fighter III: 3rd Strike,1999-05-12,Capcom,4.2,763000,763000,Arcade,3700,71000,281000,202000
Street Fighter III: 3rd Strike,1999-05-12, Virgin Interactive Entertainment,4.2,763000,763000,Arcade,3700,71000,281000,202000
Street Fighter III: 3rd Strike,1999-05-12,Capcom,4.2,763000,763000, Fighting,3700,71000,281000,202000
Street Fighter III: 3rd Strike,1999-05-12, Virgin Interactive Entertainment,4.2,763000,763000, Fighting,3700,71000,281000,202000
Return to Monkey Island,2022-09-19,Terrible Toybox,4.0,237000,237000,Adventure,538000,71000,388000,409000
Return to Monkey Island,2022-09-19, Lucasfilm Games,4.0,237000,237000,Adventure,538000,71000,388000,409000
Return to Monkey Island,2022-09-19,Terrible Toybox,4.0,237000,237000, Point-and-Click,538000,71000,388000,409000
Return to Monkey Island,2022-09-19, Lucasfilm Games,4.0,237000,237000, Point-and-Click,538000,71000,388000,409000
Return to Monkey Island,2022-09-19,Terrible Toybox,4.0,237000,237000, Puzzle,538000,71000,388000,409000
Return to Monkey Island,2022-09-19, Lucasfilm Games,4.0,237000,237000, Puzzle,538000,71000,388000,409000
Deus Ex: Human Revolution,2011-08-23,Square Enix,3.8,559000,559000,RPG,5800,65000,1700,488000
Deus Ex: Human Revolution,2011-08-23, Eidos Montréal,3.8,559000,559000,RPG,5800,65000,1700,488000
Deus Ex: Human Revolution,2011-08-23,Square Enix,3.8,559000,559000, Shooter,5800,65000,1700,488000
Deus Ex: Human Revolution,2011-08-23, Eidos Montréal,3.8,559000,559000, Shooter,5800,65000,1700,488000
Spyro Reignited Trilogy,2018-11-13,Toys for Bob,3.9,552000,552000,Adventure,4500,282000,2100,808000
Spyro Reignited Trilogy,2018-11-13, Activision,3.9,552000,552000,Adventure,4500,282000,2100,808000
Spyro Reignited Trilogy,2018-11-13,Toys for Bob,3.9,552000,552000, Platform,4500,282000,2100,808000
Spyro Reignited Trilogy,2018-11-13, Activision,3.9,552000,552000, Platform,4500,282000,2100,808000
Chicory: A Colorful Tale,2021-06-10,Greg Lobanov,4.1,521000,521000,Adventure,984000,126000,905000,983000
Chicory: A Colorful Tale,2021-06-10, Finji,4.1,521000,521000,Adventure,984000,126000,905000,983000
Chicory: A Colorful Tale,2021-06-10,Greg Lobanov,4.1,521000,521000, Indie,984000,126000,905000,983000
Chicory: A Colorful Tale,2021-06-10, Finji,4.1,521000,521000, Indie,984000,126000,905000,983000
Chicory: A Colorful Tale,2021-06-10,Greg Lobanov,4.1,521000,521000, Puzzle,984000,126000,905000,983000
Chicory: A Colorful Tale,2021-06-10, Finji,4.1,521000,521000, Puzzle,984000,126000,905000,983000
Chicory: A Colorful Tale,2021-06-10,Greg Lobanov,4.1,521000,521000, RPG,984000,126000,905000,983000
Chicory: A Colorful Tale,2021-06-10, Finji,4.1,521000,521000, RPG,984000,126000,905000,983000
Sin and Punishment,2000-11-21,Treasure,4.0,459000,459000,Shooter,1100,34000,878000,550000
Sin and Punishment,2000-11-21, Nintendo,4.0,459000,459000,Shooter,1100,34000,878000,550000
Outer Wilds: Echoes of the Eye,2021-09-28,Mobius Digital,4.5,238000,238000,Adventure,1600,121000,763000,559000
Outer Wilds: Echoes of the Eye,2021-09-28, Annapurna Interactive,4.5,238000,238000,Adventure,1600,121000,763000,559000
Outer Wilds: Echoes of the Eye,2021-09-28,Mobius Digital,4.5,238000,238000, Indie,1600,121000,763000,559000
Outer Wilds: Echoes of the Eye,2021-09-28, Annapurna Interactive,4.5,238000,238000, Indie,1600,121000,763000,559000
Outer Wilds: Echoes of the Eye,2021-09-28,Mobius Digital,4.5,238000,238000, Puzzle,1600,121000,763000,559000
Outer Wilds: Echoes of the Eye,2021-09-28, Annapurna Interactive,4.5,238000,238000, Puzzle,1600,121000,763000,559000
Outer Wilds: Echoes of the Eye,2021-09-28,Mobius Digital,4.5,238000,238000, Simulator,1600,121000,763000,559000
Outer Wilds: Echoes of the Eye,2021-09-28, Annapurna Interactive,4.5,238000,238000, Simulator,1600,121000,763000,559000
Outer Wilds: Echoes of the Eye,2021-09-28,Mobius Digital,4.5,238000,238000, Strategy,1600,121000,763000,559000
Outer Wilds: Echoes of the Eye,2021-09-28, Annapurna Interactive,4.5,238000,238000, Strategy,1600,121000,763000,559000
New Super Mario Bros. 2,2012-07-28,Nintendo,2.9,581000,581000,Adventure,6100,47000,588000,234000
New Super Mario Bros. 2,2012-07-28, Nintendo EAD,2.9,581000,581000,Adventure,6100,47000,588000,234000
New Super Mario Bros. 2,2012-07-28,Nintendo,2.9,581000,581000, Platform,6100,47000,588000,234000
New Super Mario Bros. 2,2012-07-28, Nintendo EAD,2.9,581000,581000, Platform,6100,47000,588000,234000
Wolfenstein II: The New Colossus,2017-10-26,MachineGames,3.5,540000,540000,Adventure,4700,86000,1500,675000
Wolfenstein II: The New Colossus,2017-10-26, Bethesda Softworks,3.5,540000,540000,Adventure,4700,86000,1500,675000
Wolfenstein II: The New Colossus,2017-10-26,MachineGames,3.5,540000,540000, Shooter,4700,86000,1500,675000
Wolfenstein II: The New Colossus,2017-10-26, Bethesda Softworks,3.5,540000,540000, Shooter,4700,86000,1500,675000
PokÃ©mon Diamond,2006-09-28,Nintendo,3.6,581000,581000,Adventure,9300,52000,429000,170000
PokÃ©mon Diamond,2006-09-28, Game Freak,3.6,581000,581000,Adventure,9300,52000,429000,170000
PokÃ©mon Diamond,2006-09-28,Nintendo,3.6,581000,581000, RPG,9300,52000,429000,170000
PokÃ©mon Diamond,2006-09-28, Game Freak,3.6,581000,581000, RPG,9300,52000,429000,170000
PokÃ©mon Diamond,2006-09-28,Nintendo,3.6,581000,581000, Turn Based Strategy,9300,52000,429000,170000
PokÃ©mon Diamond,2006-09-28, Game Freak,3.6,581000,581000, Turn Based Strategy,9300,52000,429000,170000
Into the Breach,2018-02-27,Subset Games,3.9,535000,535000,Card & Board Game,3400,132000,1700,567000
Into the Breach,2018-02-27,Subset Games,3.9,535000,535000, Indie,3400,132000,1700,567000
Into the Breach,2018-02-27,Subset Games,3.9,535000,535000, Puzzle,3400,132000,1700,567000
Into the Breach,2018-02-27,Subset Games,3.9,535000,535000, RPG,3400,132000,1700,567000
Into the Breach,2018-02-27,Subset Games,3.9,535000,535000, Simulator,3400,132000,1700,567000
Into the Breach,2018-02-27,Subset Games,3.9,535000,535000, Strategy,3400,132000,1700,567000
Into the Breach,2018-02-27,Subset Games,3.9,535000,535000, Turn Based Strategy,3400,132000,1700,567000
Marvel Snap,2022-10-18,Second Dinner,3.7,241000,241000,Card & Board Game,847000,248000,54000,22000
Marvel Snap,2022-10-18, nuverse,3.7,241000,241000,Card & Board Game,847000,248000,54000,22000
Marvel Snap,2022-10-18,Second Dinner,3.7,241000,241000, Strategy,847000,248000,54000,22000
Marvel Snap,2022-10-18, nuverse,3.7,241000,241000, Strategy,847000,248000,54000,22000
Nier: Automata - Game of the Yorha Edition,2019-02-21,Square Enix,4.4,315000,315000,Adventure,2800,230000,1100,532000
Nier: Automata - Game of the Yorha Edition,2019-02-21, PlatinumGames,4.4,315000,315000,Adventure,2800,230000,1100,532000
Nier: Automata - Game of the Yorha Edition,2019-02-21,Square Enix,4.4,315000,315000, RPG,2800,230000,1100,532000
Nier: Automata - Game of the Yorha Edition,2019-02-21, PlatinumGames,4.4,315000,315000, RPG,2800,230000,1100,532000
Five Nights at Freddy's 2,2014-11-10,Clickteam,3.0,270000,270000,Adventure,5400,20000,271000,119000
Five Nights at Freddy's 2,2014-11-10, Scottgames,3.0,270000,270000,Adventure,5400,20000,271000,119000
Five Nights at Freddy's 2,2014-11-10,Clickteam,3.0,270000,270000, Indie,5400,20000,271000,119000
Five Nights at Freddy's 2,2014-11-10, Scottgames,3.0,270000,270000, Indie,5400,20000,271000,119000
Five Nights at Freddy's 2,2014-11-10,Clickteam,3.0,270000,270000, Point-and-Click,5400,20000,271000,119000
Five Nights at Freddy's 2,2014-11-10, Scottgames,3.0,270000,270000, Point-and-Click,5400,20000,271000,119000
Five Nights at Freddy's 2,2014-11-10,Clickteam,3.0,270000,270000, Simulator,5400,20000,271000,119000
Five Nights at Freddy's 2,2014-11-10, Scottgames,3.0,270000,270000, Simulator,5400,20000,271000,119000
Five Nights at Freddy's 2,2014-11-10,Clickteam,3.0,270000,270000, Strategy,5400,20000,271000,119000
Five Nights at Freddy's 2,2014-11-10, Scottgames,3.0,270000,270000, Strategy,5400,20000,271000,119000
Mortal Kombat 11,2019-04-22,Warner Bros. Interactive Entertainment,3.4,490000,490000,Fighting,5000,99000,612000,308000
Mortal Kombat 11,2019-04-22, NetherRealm Studios,3.4,490000,490000,Fighting,5000,99000,612000,308000
Witch on the Holy Night,2022-12-07,TYPE-MOON,4.5,98000,98000,Adventure,244000,104000,230000,279000
Witch on the Holy Night,2022-12-07, Aniplex,4.5,98000,98000,Adventure,244000,104000,230000,279000
Witch on the Holy Night,2022-12-07,TYPE-MOON,4.5,98000,98000, Visual Novel,244000,104000,230000,279000
Witch on the Holy Night,2022-12-07, Aniplex,4.5,98000,98000, Visual Novel,244000,104000,230000,279000
Dying Light 2: Stay Human,2022-02-03,Techland,3.1,290000,290000,Adventure,1400,176000,765000,876000
Dying Light 2: Stay Human,2022-02-03, Techland Publishing,3.1,290000,290000,Adventure,1400,176000,765000,876000
Dying Light 2: Stay Human,2022-02-03,Techland,3.1,290000,290000, RPG,1400,176000,765000,876000
Dying Light 2: Stay Human,2022-02-03, Techland Publishing,3.1,290000,290000, RPG,1400,176000,765000,876000
Asura's Wrath,2012-02-21,Capcom,3.7,432000,432000,Brawler,2100,65000,980000,827000
Asura's Wrath,2012-02-21, CyberConnect2,3.7,432000,432000,Brawler,2100,65000,980000,827000
Tales of Berseria,2016-08-18,Bandai Namco Entertainment America,3.7,555000,555000,RPG,3300,293000,2400,657000
Tales of Berseria,2016-08-18, Bandai Namco Studios,3.7,555000,555000,RPG,3300,293000,2400,657000
Ender Lilies: Quietus of the Knights,2021-06-21,Binary Haze Interactive,3.8,275000,275000,Adventure,1200,131000,967000,1000
Ender Lilies: Quietus of the Knights,2021-06-21, Live Wire,3.8,275000,275000,Adventure,1200,131000,967000,1000
Ender Lilies: Quietus of the Knights,2021-06-21,Binary Haze Interactive,3.8,275000,275000, Indie,1200,131000,967000,1000
Ender Lilies: Quietus of the Knights,2021-06-21, Live Wire,3.8,275000,275000, Indie,1200,131000,967000,1000
Ender Lilies: Quietus of the Knights,2021-06-21,Binary Haze Interactive,3.8,275000,275000, Platform,1200,131000,967000,1000
Ender Lilies: Quietus of the Knights,2021-06-21, Live Wire,3.8,275000,275000, Platform,1200,131000,967000,1000
Ender Lilies: Quietus of the Knights,2021-06-21,Binary Haze Interactive,3.8,275000,275000, RPG,1200,131000,967000,1000
Ender Lilies: Quietus of the Knights,2021-06-21, Live Wire,3.8,275000,275000, RPG,1200,131000,967000,1000
Moon: Remix RPG Adventure,1997-10-16,ASCII Entertainment,4.4,572000,572000,Adventure,663000,100000,1300,1000
Moon: Remix RPG Adventure,1997-10-16, Love-de-Lic,4.4,572000,572000,Adventure,663000,100000,1300,1000
Moon: Remix RPG Adventure,1997-10-16,ASCII Entertainment,4.4,572000,572000, Puzzle,663000,100000,1300,1000
Moon: Remix RPG Adventure,1997-10-16, Love-de-Lic,4.4,572000,572000, Puzzle,663000,100000,1300,1000
Moon: Remix RPG Adventure,1997-10-16,ASCII Entertainment,4.4,572000,572000, RPG,663000,100000,1300,1000
Moon: Remix RPG Adventure,1997-10-16, Love-de-Lic,4.4,572000,572000, RPG,663000,100000,1300,1000
Prince of Persia: The Sands of Time,2003-11-06,Ubisoft Entertainment,3.6,480000,480000,Adventure,5500,37000,1100,421000
Prince of Persia: The Sands of Time,2003-11-06, Ubisoft Montreal,3.6,480000,480000,Adventure,5500,37000,1100,421000
Prince of Persia: The Sands of Time,2003-11-06,Ubisoft Entertainment,3.6,480000,480000, Platform,5500,37000,1100,421000
Prince of Persia: The Sands of Time,2003-11-06, Ubisoft Montreal,3.6,480000,480000, Platform,5500,37000,1100,421000
Assassin's Creed Syndicate,2015-10-23,Ubisoft Entertainment,3.0,562000,562000,Adventure,5600,97000,1500,417000
Assassin's Creed Syndicate,2015-10-23, Ubisoft Québec,3.0,562000,562000,Adventure,5600,97000,1500,417000
Sunset Overdrive,2014-10-28,Insomniac Games,3.5,445000,445000,Adventure,3600,92000,1200,459000
Sunset Overdrive,2014-10-28, Microsoft Studios,3.5,445000,445000,Adventure,3600,92000,1200,459000
Sunset Overdrive,2014-10-28,Insomniac Games,3.5,445000,445000, Platform,3600,92000,1200,459000
Sunset Overdrive,2014-10-28, Microsoft Studios,3.5,445000,445000, Platform,3600,92000,1200,459000
Sunset Overdrive,2014-10-28,Insomniac Games,3.5,445000,445000, Shooter,3600,92000,1200,459000
Sunset Overdrive,2014-10-28, Microsoft Studios,3.5,445000,445000, Shooter,3600,92000,1200,459000
Metal Gear Solid: Peace Walker,2010-04-29,Kojima Productions,3.5,498000,498000,Shooter,4000,68000,1300,566000
Metal Gear Solid: Peace Walker,2010-04-29, Konami,3.5,498000,498000,Shooter,4000,68000,1300,566000
Metal Gear Solid: Peace Walker,2010-04-29,Kojima Productions,3.5,498000,498000, Strategy,4000,68000,1300,566000
Metal Gear Solid: Peace Walker,2010-04-29, Konami,3.5,498000,498000, Strategy,4000,68000,1300,566000
Code Vein,2019-09-26,Shift,3.0,325000,325000,Adventure,3300,230000,1600,625000
Code Vein,2019-09-26, Bandai Namco Entertainment,3.0,325000,325000,Adventure,3300,230000,1600,625000
Code Vein,2019-09-26,Shift,3.0,325000,325000, RPG,3300,230000,1600,625000
Code Vein,2019-09-26, Bandai Namco Entertainment,3.0,325000,325000, RPG,3300,230000,1600,625000
Mario Strikers: Battle League,2022-06-10,Next Level Games,2.7,248000,248000,Sport,932000,35000,237000,397000
Mario Strikers: Battle League,2022-06-10, Nintendo,2.7,248000,248000,Sport,932000,35000,237000,397000
Limbus Company,2023-02-27,Project Moon,3.9,24000,24000,Adventure,104000,95000,55000,61000
Limbus Company,2023-02-27,Project Moon,3.9,24000,24000, RPG,104000,95000,55000,61000
Limbus Company,2023-02-27,Project Moon,3.9,24000,24000, Strategy,104000,95000,55000,61000
Resident Evil Village: Winters' Expansion,2022-10-28,Capcom,3.3,107000,107000,Shooter,477000,11000,145000,115000
Tony Hawk's Pro Skater 1+2,2020-09-04,Activision,4.1,498000,498000,Simulator,2800,176000,854000,607000
Tony Hawk's Pro Skater 1+2,2020-09-04, Vicarious Visions,4.1,498000,498000,Simulator,2800,176000,854000,607000
Tony Hawk's Pro Skater 1+2,2020-09-04,Activision,4.1,498000,498000, Sport,2800,176000,854000,607000
Tony Hawk's Pro Skater 1+2,2020-09-04, Vicarious Visions,4.1,498000,498000, Sport,2800,176000,854000,607000
Need for Speed: Unbound,2022-11-29,Criterion Games,3.5,84000,84000,Racing,294000,74000,150000,209000
Need for Speed: Unbound,2022-11-29, Electronic Arts,3.5,84000,84000,Racing,294000,74000,150000,209000
Zero Escape: Zero Time Dilemma,2016-06-28,Aksys Games,3.0,350000,350000,Adventure,2900,64000,1200,402000
Zero Escape: Zero Time Dilemma,2016-06-28, Spike ChunSoft,3.0,350000,350000,Adventure,2900,64000,1200,402000
Zero Escape: Zero Time Dilemma,2016-06-28,Aksys Games,3.0,350000,350000, Puzzle,2900,64000,1200,402000
Zero Escape: Zero Time Dilemma,2016-06-28, Spike ChunSoft,3.0,350000,350000, Puzzle,2900,64000,1200,402000
Zero Escape: Zero Time Dilemma,2016-06-28,Aksys Games,3.0,350000,350000, RPG,2900,64000,1200,402000
Zero Escape: Zero Time Dilemma,2016-06-28, Spike ChunSoft,3.0,350000,350000, RPG,2900,64000,1200,402000
Zero Escape: Zero Time Dilemma,2016-06-28,Aksys Games,3.0,350000,350000, Strategy,2900,64000,1200,402000
Zero Escape: Zero Time Dilemma,2016-06-28, Spike ChunSoft,3.0,350000,350000, Strategy,2900,64000,1200,402000
Zero Escape: Zero Time Dilemma,2016-06-28,Aksys Games,3.0,350000,350000, Visual Novel,2900,64000,1200,402000
Zero Escape: Zero Time Dilemma,2016-06-28, Spike ChunSoft,3.0,350000,350000, Visual Novel,2900,64000,1200,402000
Deus Ex: Mankind Divided,2016-08-23,Square Enix,3.5,387000,387000,Adventure,3400,72000,2000,458000
Deus Ex: Mankind Divided,2016-08-23,Square Enix,3.5,387000,387000, RPG,3400,72000,2000,458000
Deus Ex: Mankind Divided,2016-08-23,Square Enix,3.5,387000,387000, Shooter,3400,72000,2000,458000
Guitar Hero III: Legends of Rock,2007-10-28,Neversoft Entertainment,3.9,489000,489000,Music,6900,21000,174000,78000
Guitar Hero III: Legends of Rock,2007-10-28, Activision,3.9,489000,489000,Music,6900,21000,174000,78000
Guitar Hero III: Legends of Rock,2007-10-28,Neversoft Entertainment,3.9,489000,489000, Simulator,6900,21000,174000,78000
Guitar Hero III: Legends of Rock,2007-10-28, Activision,3.9,489000,489000, Simulator,6900,21000,174000,78000
Sid Meier's Civilization VI,2016-10-20,Firaxis Games,3.7,343000,343000,Simulator,4600,211000,969000,188000
Sid Meier's Civilization VI,2016-10-20, 2K Games,3.7,343000,343000,Simulator,4600,211000,969000,188000
Sid Meier's Civilization VI,2016-10-20,Firaxis Games,3.7,343000,343000, Strategy,4600,211000,969000,188000
Sid Meier's Civilization VI,2016-10-20, 2K Games,3.7,343000,343000, Strategy,4600,211000,969000,188000
Sid Meier's Civilization VI,2016-10-20,Firaxis Games,3.7,343000,343000, Turn Based Strategy,4600,211000,969000,188000
Sid Meier's Civilization VI,2016-10-20, 2K Games,3.7,343000,343000, Turn Based Strategy,4600,211000,969000,188000
Nioh 2,2020-03-13,Koei Tecmo Games,4.0,365000,365000,Adventure,1400,150000,1100,580000
Nioh 2,2020-03-13, Team NINJA,4.0,365000,365000,Adventure,1400,150000,1100,580000
Nioh 2,2020-03-13,Koei Tecmo Games,4.0,365000,365000, Brawler,1400,150000,1100,580000
Nioh 2,2020-03-13, Team NINJA,4.0,365000,365000, Brawler,1400,150000,1100,580000
Nioh 2,2020-03-13,Koei Tecmo Games,4.0,365000,365000, RPG,1400,150000,1100,580000
Nioh 2,2020-03-13, Team NINJA,4.0,365000,365000, RPG,1400,150000,1100,580000
Gears of War,2006-11-07,Microsoft Game Studios,3.5,522000,522000,Shooter,5300,37000,545000,307000
Gears of War,2006-11-07, Epic Games,3.5,522000,522000,Shooter,5300,37000,545000,307000
Final Fantasy Tactics,1997-06-20,Sony Computer Entertainment,4.2,506000,506000,RPG,2100,73000,1600,681000
Final Fantasy Tactics,1997-06-20, Inc. (SCEI),4.2,506000,506000,RPG,2100,73000,1600,681000
Final Fantasy Tactics,1997-06-20, Square,4.2,506000,506000,RPG,2100,73000,1600,681000
Final Fantasy Tactics,1997-06-20,Sony Computer Entertainment,4.2,506000,506000, Strategy,2100,73000,1600,681000
Final Fantasy Tactics,1997-06-20, Inc. (SCEI),4.2,506000,506000, Strategy,2100,73000,1600,681000
Final Fantasy Tactics,1997-06-20, Square,4.2,506000,506000, Strategy,2100,73000,1600,681000
Final Fantasy Tactics,1997-06-20,Sony Computer Entertainment,4.2,506000,506000, Tactical,2100,73000,1600,681000
Final Fantasy Tactics,1997-06-20, Inc. (SCEI),4.2,506000,506000, Tactical,2100,73000,1600,681000
Final Fantasy Tactics,1997-06-20, Square,4.2,506000,506000, Tactical,2100,73000,1600,681000
Final Fantasy Tactics,1997-06-20,Sony Computer Entertainment,4.2,506000,506000, Turn Based Strategy,2100,73000,1600,681000
Final Fantasy Tactics,1997-06-20, Inc. (SCEI),4.2,506000,506000, Turn Based Strategy,2100,73000,1600,681000
Final Fantasy Tactics,1997-06-20, Square,4.2,506000,506000, Turn Based Strategy,2100,73000,1600,681000
Tekken 3,1997-03-22,Namco,3.9,564000,564000,Fighting,4200,13000,253000,183000
Tekken 3,1997-03-22, Namco Hometek,3.9,564000,564000,Fighting,4200,13000,253000,183000
Far Cry 6,2021-10-07,Ubisoft Toronto,2.7,298000,298000,Adventure,1600,157000,772000,792000
Far Cry 6,2021-10-07, Ubisoft Entertainment,2.7,298000,298000,Adventure,1600,157000,772000,792000
Far Cry 6,2021-10-07,Ubisoft Toronto,2.7,298000,298000, Shooter,1600,157000,772000,792000
Far Cry 6,2021-10-07, Ubisoft Entertainment,2.7,298000,298000, Shooter,1600,157000,772000,792000
Horizon Zero Dawn: Complete Edition,2017-12-06,Sony Interactive Entertainment,3.8,327000,327000,Adventure,2900,212000,1300,333000
Horizon Zero Dawn: Complete Edition,2017-12-06, Guerrilla Games,3.8,327000,327000,Adventure,2900,212000,1300,333000
Horizon Zero Dawn: Complete Edition,2017-12-06,Sony Interactive Entertainment,3.8,327000,327000, RPG,2900,212000,1300,333000
Horizon Zero Dawn: Complete Edition,2017-12-06, Guerrilla Games,3.8,327000,327000, RPG,2900,212000,1300,333000
Horizon Zero Dawn: Complete Edition,2017-12-06,Sony Interactive Entertainment,3.8,327000,327000, Shooter,2900,212000,1300,333000
Horizon Zero Dawn: Complete Edition,2017-12-06, Guerrilla Games,3.8,327000,327000, Shooter,2900,212000,1300,333000
Persona 4 Golden,2020-06-13,Sega,4.4,53000,53000,Adventure,350000,90000,142000,54000
Persona 4 Golden,2020-06-13, Atlus,4.4,53000,53000,Adventure,350000,90000,142000,54000
Persona 4 Golden,2020-06-13,Sega,4.4,53000,53000, RPG,350000,90000,142000,54000
Persona 4 Golden,2020-06-13, Atlus,4.4,53000,53000, RPG,350000,90000,142000,54000
Persona 4 Golden,2020-06-13,Sega,4.4,53000,53000, Simulator,350000,90000,142000,54000
Persona 4 Golden,2020-06-13, Atlus,4.4,53000,53000, Simulator,350000,90000,142000,54000
Persona 4 Golden,2020-06-13,Sega,4.4,53000,53000, Visual Novel,350000,90000,142000,54000
Persona 4 Golden,2020-06-13, Atlus,4.4,53000,53000, Visual Novel,350000,90000,142000,54000
Xenosaga Episode I: Der Wille zur Macht,2002-02-28,Monolith Soft,3.7,412000,412000,Adventure,1200,103000,1300,575000
Xenosaga Episode I: Der Wille zur Macht,2002-02-28, Namco,3.7,412000,412000,Adventure,1200,103000,1300,575000
Xenosaga Episode I: Der Wille zur Macht,2002-02-28,Monolith Soft,3.7,412000,412000, RPG,1200,103000,1300,575000
Xenosaga Episode I: Der Wille zur Macht,2002-02-28, Namco,3.7,412000,412000, RPG,1200,103000,1300,575000
Everhood,2021-03-03,Surefire.Games,3.8,317000,317000,Adventure,1400,76000,734000,445000
Everhood,2021-03-03, Chris Nordgren,3.8,317000,317000,Adventure,1400,76000,734000,445000
Everhood,2021-03-03,Surefire.Games,3.8,317000,317000, Indie,1400,76000,734000,445000
Everhood,2021-03-03, Chris Nordgren,3.8,317000,317000, Indie,1400,76000,734000,445000
Everhood,2021-03-03,Surefire.Games,3.8,317000,317000, Music,1400,76000,734000,445000
Everhood,2021-03-03, Chris Nordgren,3.8,317000,317000, Music,1400,76000,734000,445000
Everhood,2021-03-03,Surefire.Games,3.8,317000,317000, RPG,1400,76000,734000,445000
Everhood,2021-03-03, Chris Nordgren,3.8,317000,317000, RPG,1400,76000,734000,445000
Don't Starve Together,2016-04-21,Klei Entertainment,3.4,227000,227000,Adventure,5200,173000,727000,195000
Don't Starve Together,2016-04-21,Klei Entertainment,3.4,227000,227000, Indie,5200,173000,727000,195000
Don't Starve Together,2016-04-21,Klei Entertainment,3.4,227000,227000, Simulator,5200,173000,727000,195000
Don't Starve Together,2016-04-21,Klei Entertainment,3.4,227000,227000, Strategy,5200,173000,727000,195000
South Park: The Fractured But Whole,2017-10-17,Ubisoft Entertainment,3.7,369000,369000,Adventure,3500,79000,1100,512000
South Park: The Fractured But Whole,2017-10-17, Ubisoft San Francisco,3.7,369000,369000,Adventure,3500,79000,1100,512000
South Park: The Fractured But Whole,2017-10-17,Ubisoft Entertainment,3.7,369000,369000, RPG,3500,79000,1100,512000
South Park: The Fractured But Whole,2017-10-17, Ubisoft San Francisco,3.7,369000,369000, RPG,3500,79000,1100,512000
South Park: The Fractured But Whole,2017-10-17,Ubisoft Entertainment,3.7,369000,369000, Strategy,3500,79000,1100,512000
South Park: The Fractured But Whole,2017-10-17, Ubisoft San Francisco,3.7,369000,369000, Strategy,3500,79000,1100,512000
God of War III: Remastered,2015-07-14,Sony Computer Entertainment,4.0,323000,323000,Adventure,2700,40000,665000,241000
God of War III: Remastered,2015-07-14, Red Kite Games,4.0,323000,323000,Adventure,2700,40000,665000,241000
God of War III: Remastered,2015-07-14,Sony Computer Entertainment,4.0,323000,323000, Brawler,2700,40000,665000,241000
God of War III: Remastered,2015-07-14, Red Kite Games,4.0,323000,323000, Brawler,2700,40000,665000,241000
Pokémon Ruby,2002-11-21,Nintendo,3.7,494000,494000,Adventure,7000,33000,304000,127000
Pokémon Ruby,2002-11-21, Game Freak,3.7,494000,494000,Adventure,7000,33000,304000,127000
Pokémon Ruby,2002-11-21,Nintendo,3.7,494000,494000, RPG,7000,33000,304000,127000
Pokémon Ruby,2002-11-21, Game Freak,3.7,494000,494000, RPG,7000,33000,304000,127000
Pokémon Ruby,2002-11-21,Nintendo,3.7,494000,494000, Turn Based Strategy,7000,33000,304000,127000
Pokémon Ruby,2002-11-21, Game Freak,3.7,494000,494000, Turn Based Strategy,7000,33000,304000,127000
Fire Emblem: The Sacred Stones,2004-10-07,Nintendo,3.7,503000,503000,RPG,3700,124000,1200,395000
Fire Emblem: The Sacred Stones,2004-10-07, Intelligent Systems Co.,3.7,503000,503000,RPG,3700,124000,1200,395000
Fire Emblem: The Sacred Stones,2004-10-07, Ltd.,3.7,503000,503000,RPG,3700,124000,1200,395000
Fire Emblem: The Sacred Stones,2004-10-07,Nintendo,3.7,503000,503000, Strategy,3700,124000,1200,395000
Fire Emblem: The Sacred Stones,2004-10-07, Intelligent Systems Co.,3.7,503000,503000, Strategy,3700,124000,1200,395000
Fire Emblem: The Sacred Stones,2004-10-07, Ltd.,3.7,503000,503000, Strategy,3700,124000,1200,395000
Fire Emblem: The Sacred Stones,2004-10-07,Nintendo,3.7,503000,503000, Tactical,3700,124000,1200,395000
Fire Emblem: The Sacred Stones,2004-10-07, Intelligent Systems Co.,3.7,503000,503000, Tactical,3700,124000,1200,395000
Fire Emblem: The Sacred Stones,2004-10-07, Ltd.,3.7,503000,503000, Tactical,3700,124000,1200,395000
Fire Emblem: The Sacred Stones,2004-10-07,Nintendo,3.7,503000,503000, Turn Based Strategy,3700,124000,1200,395000
Fire Emblem: The Sacred Stones,2004-10-07, Intelligent Systems Co.,3.7,503000,503000, Turn Based Strategy,3700,124000,1200,395000
Fire Emblem: The Sacred Stones,2004-10-07, Ltd.,3.7,503000,503000, Turn Based Strategy,3700,124000,1200,395000
Library of Ruina,2021-08-10,Project Moon,4.4,151000,151000,Indie,454000,120000,476000,362000
Library of Ruina,2021-08-10,Project Moon,4.4,151000,151000, RPG,454000,120000,476000,362000
Library of Ruina,2021-08-10,Project Moon,4.4,151000,151000, Simulator,454000,120000,476000,362000
Library of Ruina,2021-08-10,Project Moon,4.4,151000,151000, Strategy,454000,120000,476000,362000
Library of Ruina,2021-08-10,Project Moon,4.4,151000,151000, Turn Based Strategy,454000,120000,476000,362000
Uncharted: The Nathan Drake Collection,2015-10-07,Naughty Dog,4.1,363000,363000,Adventure,4300,137000,1300,319000
Uncharted: The Nathan Drake Collection,2015-10-07, Sony Computer Entertainment,4.1,363000,363000,Adventure,4300,137000,1300,319000
Uncharted: The Nathan Drake Collection,2015-10-07, Inc. (SCEI),4.1,363000,363000,Adventure,4300,137000,1300,319000
Uncharted: The Nathan Drake Collection,2015-10-07,Naughty Dog,4.1,363000,363000, Platform,4300,137000,1300,319000
Uncharted: The Nathan Drake Collection,2015-10-07, Sony Computer Entertainment,4.1,363000,363000, Platform,4300,137000,1300,319000
Uncharted: The Nathan Drake Collection,2015-10-07, Inc. (SCEI),4.1,363000,363000, Platform,4300,137000,1300,319000
Uncharted: The Nathan Drake Collection,2015-10-07,Naughty Dog,4.1,363000,363000, Shooter,4300,137000,1300,319000
Uncharted: The Nathan Drake Collection,2015-10-07, Sony Computer Entertainment,4.1,363000,363000, Shooter,4300,137000,1300,319000
Uncharted: The Nathan Drake Collection,2015-10-07, Inc. (SCEI),4.1,363000,363000, Shooter,4300,137000,1300,319000
Persona 3 Portable,2023-01-19,Sega,4.0,39000,39000,Adventure,210000,97000,121000,85000
Persona 3 Portable,2023-01-19, Atlus,4.0,39000,39000,Adventure,210000,97000,121000,85000
Persona 3 Portable,2023-01-19,Sega,4.0,39000,39000, RPG,210000,97000,121000,85000
Persona 3 Portable,2023-01-19, Atlus,4.0,39000,39000, RPG,210000,97000,121000,85000
Persona 3 Portable,2023-01-19,Sega,4.0,39000,39000, Strategy,210000,97000,121000,85000
Persona 3 Portable,2023-01-19, Atlus,4.0,39000,39000, Strategy,210000,97000,121000,85000
Persona 3 Portable,2023-01-19,Sega,4.0,39000,39000, Visual Novel,210000,97000,121000,85000
Persona 3 Portable,2023-01-19, Atlus,4.0,39000,39000, Visual Novel,210000,97000,121000,85000
Pyre,2017-07-25,Supergiant Games,4.0,484000,484000,Adventure,1800,74000,1500,649000
Pyre,2017-07-25,Supergiant Games,4.0,484000,484000, Indie,1800,74000,1500,649000
Pyre,2017-07-25,Supergiant Games,4.0,484000,484000, RPG,1800,74000,1500,649000
Pyre,2017-07-25,Supergiant Games,4.0,484000,484000, Visual Novel,1800,74000,1500,649000
Paladins,2017-05-02,Hi-Rez Studios,2.6,167000,167000,Shooter,5200,110000,188000,16000
Paladins,2017-05-02,Hi-Rez Studios,2.6,167000,167000, Strategy,5200,110000,188000,16000
Dead Space 3,2013-02-05,Visceral Games,2.6,309000,309000,Adventure,3200,48000,1000,388000
Dead Space 3,2013-02-05, Electronic Arts,2.6,309000,309000,Adventure,3200,48000,1000,388000
Dead Space 3,2013-02-05,Visceral Games,2.6,309000,309000, Shooter,3200,48000,1000,388000
Dead Space 3,2013-02-05, Electronic Arts,2.6,309000,309000, Shooter,3200,48000,1000,388000
Devil May Cry HD Collection,2012-03-22,Capcom,3.9,230000,230000,Brawler,2200,152000,1100,371000
Devil May Cry HD Collection,2012-03-22, Capcom Production Studio 4,3.9,230000,230000,Brawler,2200,152000,1100,371000
Devil May Cry HD Collection,2012-03-22,Capcom,3.9,230000,230000, Platform,2200,152000,1100,371000
Devil May Cry HD Collection,2012-03-22, Capcom Production Studio 4,3.9,230000,230000, Platform,2200,152000,1100,371000
Bayonetta Origins: Cereza and the Lost Demon,2023-03-17,PlatinumGames,4.0,116000,116000,Adventure,48000,40000,117000,329000
Bayonetta Origins: Cereza and the Lost Demon,2023-03-17, Nintendo,4.0,116000,116000,Adventure,48000,40000,117000,329000
Bayonetta Origins: Cereza and the Lost Demon,2023-03-17,PlatinumGames,4.0,116000,116000, Puzzle,48000,40000,117000,329000
Bayonetta Origins: Cereza and the Lost Demon,2023-03-17, Nintendo,4.0,116000,116000, Puzzle,48000,40000,117000,329000
Armored Core,1997-07-10,FromSoftware,3.4,197000,197000,Shooter,522000,38000,404000,216000
Armored Core,1997-07-10, Agetec,3.4,197000,197000,Shooter,522000,38000,404000,216000
Armored Core,1997-07-10,FromSoftware,3.4,197000,197000, Simulator,522000,38000,404000,216000
Armored Core,1997-07-10, Agetec,3.4,197000,197000, Simulator,522000,38000,404000,216000
Persona 4 Arena Ultimax,2013-11-28,Arc System Works,3.7,382000,382000,Fighting,2900,135000,809000,604000
Persona 4 Arena Ultimax,2013-11-28, Atlus,3.7,382000,382000,Fighting,2900,135000,809000,604000
Wanted: Dead,2023-02-14,Soleil,2.6,81000,81000,Adventure,100000,15000,94000,212000
Wanted: Dead,2023-02-14, 110 Industries,2.6,81000,81000,Adventure,100000,15000,94000,212000
Wanted: Dead,2023-02-14,Soleil,2.6,81000,81000, Brawler,100000,15000,94000,212000
Wanted: Dead,2023-02-14, 110 Industries,2.6,81000,81000, Brawler,100000,15000,94000,212000
Wanted: Dead,2023-02-14,Soleil,2.6,81000,81000, Shooter,100000,15000,94000,212000
Wanted: Dead,2023-02-14, 110 Industries,2.6,81000,81000, Shooter,100000,15000,94000,212000
Luigi's Mansion: Dark Moon,2013-03-20,Nintendo,3.3,377000,377000,Adventure,4300,68000,1100,418000
Luigi's Mansion: Dark Moon,2013-03-20, Next Level Games,3.3,377000,377000,Adventure,4300,68000,1100,418000
Gorogoa,2017-12-13,Annapurna Interactive,3.8,386000,386000,Adventure,2000,31000,471000,382000
Gorogoa,2017-12-13, Jason Roberts,3.8,386000,386000,Adventure,2000,31000,471000,382000
Gorogoa,2017-12-13,Annapurna Interactive,3.8,386000,386000, Indie,2000,31000,471000,382000
Gorogoa,2017-12-13, Jason Roberts,3.8,386000,386000, Indie,2000,31000,471000,382000
Gorogoa,2017-12-13,Annapurna Interactive,3.8,386000,386000, Point-and-Click,2000,31000,471000,382000
Gorogoa,2017-12-13, Jason Roberts,3.8,386000,386000, Point-and-Click,2000,31000,471000,382000
Gorogoa,2017-12-13,Annapurna Interactive,3.8,386000,386000, Puzzle,2000,31000,471000,382000
Gorogoa,2017-12-13, Jason Roberts,3.8,386000,386000, Puzzle,2000,31000,471000,382000
Valkyrie Elysium,2022-09-28,Square Enix,3.0,139000,139000,Brawler,218000,32000,343000,527000
Valkyrie Elysium,2022-09-28, Soleil,3.0,139000,139000,Brawler,218000,32000,343000,527000
Valkyrie Elysium,2022-09-28,Square Enix,3.0,139000,139000, RPG,218000,32000,343000,527000
Valkyrie Elysium,2022-09-28, Soleil,3.0,139000,139000, RPG,218000,32000,343000,527000
Castlevania: Order of Ecclesia,2008-10-21,Konami,4.0,483000,483000,Adventure,2000,75000,963000,540000
Castlevania: Order of Ecclesia,2008-10-21,Konami,4.0,483000,483000, Brawler,2000,75000,963000,540000
Castlevania: Order of Ecclesia,2008-10-21,Konami,4.0,483000,483000, Platform,2000,75000,963000,540000
Castlevania: Order of Ecclesia,2008-10-21,Konami,4.0,483000,483000, RPG,2000,75000,963000,540000
Deadly Premonition,2010-02-23,Access Games,3.9,431000,431000,Adventure,1400,48000,991000,628000
Deadly Premonition,2010-02-23, Ignition Entertainment,3.9,431000,431000,Adventure,1400,48000,991000,628000
Deadly Premonition,2010-02-23,Access Games,3.9,431000,431000, Shooter,1400,48000,991000,628000
Deadly Premonition,2010-02-23, Ignition Entertainment,3.9,431000,431000, Shooter,1400,48000,991000,628000
LEGO Batman 2: DC Super Heroes,2012-06-19,Feral Interactive,3.5,446000,446000,Adventure,4600,41000,821000,132000
LEGO Batman 2: DC Super Heroes,2012-06-19," ""Travellers Tales""",3.5,446000,446000,Adventure,4600,41000,821000,132000
LEGO Batman 2: DC Super Heroes,2012-06-19,Feral Interactive,3.5,446000,446000, Brawler,4600,41000,821000,132000
LEGO Batman 2: DC Super Heroes,2012-06-19," ""Travellers Tales""",3.5,446000,446000, Brawler,4600,41000,821000,132000
LEGO Batman 2: DC Super Heroes,2012-06-19,Feral Interactive,3.5,446000,446000, Platform,4600,41000,821000,132000
LEGO Batman 2: DC Super Heroes,2012-06-19," ""Travellers Tales""",3.5,446000,446000, Platform,4600,41000,821000,132000
Lunistice,2022-11-10,A Grumpy Fox,3.6,132000,132000,Adventure,305000,17000,105000,116000
Lunistice,2022-11-10, Deck13 Interactive,3.6,132000,132000,Adventure,305000,17000,105000,116000
Lunistice,2022-11-10,A Grumpy Fox,3.6,132000,132000, Indie,305000,17000,105000,116000
Lunistice,2022-11-10, Deck13 Interactive,3.6,132000,132000, Indie,305000,17000,105000,116000
Lunistice,2022-11-10,A Grumpy Fox,3.6,132000,132000, Platform,305000,17000,105000,116000
Lunistice,2022-11-10, Deck13 Interactive,3.6,132000,132000, Platform,305000,17000,105000,116000
Sonic Advance,2001-12-20,Sega,3.2,446000,446000,Platform,4000,26000,508000,212000
Sonic Advance,2001-12-20, Dimps,3.2,446000,446000,Platform,4000,26000,508000,212000
Metal Slug,1996-01-24,SNK,3.6,353000,353000,Arcade,3800,11000,377000,181000
Metal Slug,1996-01-24, Nazca Corporation,3.6,353000,353000,Arcade,3800,11000,377000,181000
Metal Slug,1996-01-24,SNK,3.6,353000,353000, Platform,3800,11000,377000,181000
Metal Slug,1996-01-24, Nazca Corporation,3.6,353000,353000, Platform,3800,11000,377000,181000
Metal Slug,1996-01-24,SNK,3.6,353000,353000, Shooter,3800,11000,377000,181000
Metal Slug,1996-01-24, Nazca Corporation,3.6,353000,353000, Shooter,3800,11000,377000,181000
Just Cause 3,2015-11-30,Avalanche Studios,3.1,269000,269000,Adventure,4900,93000,1000,155000
Just Cause 3,2015-11-30, Square Enix,3.1,269000,269000,Adventure,4900,93000,1000,155000
Suikoden II,1998-12-17,Konami,4.4,433000,433000,RPG,1100,42000,1300,653000
Suikoden II,1998-12-17,Konami,4.4,433000,433000, Strategy,1100,42000,1300,653000
LittleBigPlanet,2008-10-27,Media Molecule,3.6,405000,405000,Platform,6000,21000,403000,219000
LittleBigPlanet,2008-10-27, Sony Computer Entertainment,3.6,405000,405000,Platform,6000,21000,403000,219000
EarthBound Beginnings,2015-06-14,Nintendo,3.2,395000,395000,Adventure,1800,90000,1000,380000
EarthBound Beginnings,2015-06-14, Ape,3.2,395000,395000,Adventure,1800,90000,1000,380000
EarthBound Beginnings,2015-06-14,Nintendo,3.2,395000,395000, RPG,1800,90000,1000,380000
EarthBound Beginnings,2015-06-14, Ape,3.2,395000,395000, RPG,1800,90000,1000,380000
Wario Land 3,2000-03-21,Nintendo R&D1,3.8,284000,284000,Adventure,1200,67000,588000,174000
Wario Land 3,2000-03-21, Nintendo,3.8,284000,284000,Adventure,1200,67000,588000,174000
Wario Land 3,2000-03-21,Nintendo R&D1,3.8,284000,284000, Platform,1200,67000,588000,174000
Wario Land 3,2000-03-21, Nintendo,3.8,284000,284000, Platform,1200,67000,588000,174000
Wario Land 3,2000-03-21,Nintendo R&D1,3.8,284000,284000, Puzzle,1200,67000,588000,174000
Wario Land 3,2000-03-21, Nintendo,3.8,284000,284000, Puzzle,1200,67000,588000,174000
Faith: The Unholy Trinity,2022-10-21,New Blood Interactive,4.0,85000,85000,Adventure,253000,37000,237000,283000
Faith: The Unholy Trinity,2022-10-21, Airdorf Games,4.0,85000,85000,Adventure,253000,37000,237000,283000
Faith: The Unholy Trinity,2022-10-21,New Blood Interactive,4.0,85000,85000, Indie,253000,37000,237000,283000
Faith: The Unholy Trinity,2022-10-21, Airdorf Games,4.0,85000,85000, Indie,253000,37000,237000,283000
Tales of Symphonia,2003-08-29,Namco,3.9,512000,512000,RPG,2800,132000,1800,572000
Tales of Symphonia,2003-08-29, Namco Tales Studio,3.9,512000,512000,RPG,2800,132000,1800,572000
Final Fantasy VII,2012-08-14,Square Enix,4.2,103000,103000,RPG,1200,89000,427000,70000
Final Fantasy VII,2012-08-14, Square,4.2,103000,103000,RPG,1200,89000,427000,70000
Final Fantasy VII,2012-08-14,Square Enix,4.2,103000,103000, Turn Based Strategy,1200,89000,427000,70000
Final Fantasy VII,2012-08-14, Square,4.2,103000,103000, Turn Based Strategy,1200,89000,427000,70000
The Dark Pictures Anthology: Man of Medan,2019-08-29,Bandai Namco Entertainment,2.5,355000,355000,Adventure,2300,44000,506000,217000
The Dark Pictures Anthology: Man of Medan,2019-08-29, Supermassive Games,2.5,355000,355000,Adventure,2300,44000,506000,217000
Saya no Uta,2003-12-26,JAST USA,3.3,249000,249000,Visual Novel,1700,32000,499000,432000
Saya no Uta,2003-12-26, Nitroplus,3.3,249000,249000,Visual Novel,1700,32000,499000,432000
River City Girls,2019-09-04,WayForward Technologies,3.6,279000,279000,Adventure,1900,96000,809000,729000
River City Girls,2019-09-04, WayForward,3.6,279000,279000,Adventure,1900,96000,809000,729000
River City Girls,2019-09-04,WayForward Technologies,3.6,279000,279000, Arcade,1900,96000,809000,729000
River City Girls,2019-09-04, WayForward,3.6,279000,279000, Arcade,1900,96000,809000,729000
River City Girls,2019-09-04,WayForward Technologies,3.6,279000,279000, Brawler,1900,96000,809000,729000
River City Girls,2019-09-04, WayForward,3.6,279000,279000, Brawler,1900,96000,809000,729000
River City Girls,2019-09-04,WayForward Technologies,3.6,279000,279000, Fighting,1900,96000,809000,729000
River City Girls,2019-09-04, WayForward,3.6,279000,279000, Fighting,1900,96000,809000,729000
Sonic Origins,2022-06-22,Sega,3.4,121000,121000,Adventure,558000,49000,209000,306000
Sonic Origins,2022-06-22,Sega,3.4,121000,121000, Platform,558000,49000,209000,306000
Kuru Kuru Kururin,2001-03-21,Eighting,3.4,138000,138000,Arcade,439000,33000,160000,76000
Kuru Kuru Kururin,2001-03-21,Eighting,3.4,138000,138000, Puzzle,439000,33000,160000,76000
Pikmin 2,2004-04-29,Nintendo,4.1,530000,530000,Adventure,2700,53000,988000,500000
Pikmin 2,2004-04-29, Nintendo EAD,4.1,530000,530000,Adventure,2700,53000,988000,500000
Pikmin 2,2004-04-29,Nintendo,4.1,530000,530000, Real Time Strategy,2700,53000,988000,500000
Pikmin 2,2004-04-29, Nintendo EAD,4.1,530000,530000, Real Time Strategy,2700,53000,988000,500000
Wonderful Everyday: Down the Rabbit-Hole,2010-03-26,Frontwing,4.1,269000,269000,Adventure,982000,127000,536000,480000
Wonderful Everyday: Down the Rabbit-Hole,2010-03-26, Makura,4.1,269000,269000,Adventure,982000,127000,536000,480000
Wonderful Everyday: Down the Rabbit-Hole,2010-03-26,Frontwing,4.1,269000,269000, Visual Novel,982000,127000,536000,480000
Wonderful Everyday: Down the Rabbit-Hole,2010-03-26, Makura,4.1,269000,269000, Visual Novel,982000,127000,536000,480000
Paper Mario: The Origami King,2020-07-17,Nintendo,3.5,525000,525000,Adventure,2400,188000,1200,714000
Paper Mario: The Origami King,2020-07-17, Intelligent Systems,3.5,525000,525000,Adventure,2400,188000,1200,714000
Paper Mario: The Origami King,2020-07-17,Nintendo,3.5,525000,525000, RPG,2400,188000,1200,714000
Paper Mario: The Origami King,2020-07-17, Intelligent Systems,3.5,525000,525000, RPG,2400,188000,1200,714000
Conker's Bad Fur Day,2001-03-05,Rare,3.6,426000,426000,Adventure,2700,39000,907000,503000
Conker's Bad Fur Day,2001-03-05, THQ,3.6,426000,426000,Adventure,2700,39000,907000,503000
Conker's Bad Fur Day,2001-03-05,Rare,3.6,426000,426000, Platform,2700,39000,907000,503000
Conker's Bad Fur Day,2001-03-05, THQ,3.6,426000,426000, Platform,2700,39000,907000,503000
Conker's Bad Fur Day,2001-03-05,Rare,3.6,426000,426000, Shooter,2700,39000,907000,503000
Conker's Bad Fur Day,2001-03-05, THQ,3.6,426000,426000, Shooter,2700,39000,907000,503000
Fire Emblem: Radiant Dawn,2007-02-22,Nintendo,4.0,459000,459000,RPG,1800,69000,1100,497000
Fire Emblem: Radiant Dawn,2007-02-22, Nintendo SPD Group No. 2,4.0,459000,459000,RPG,1800,69000,1100,497000
Fire Emblem: Radiant Dawn,2007-02-22,Nintendo,4.0,459000,459000, Strategy,1800,69000,1100,497000
Fire Emblem: Radiant Dawn,2007-02-22, Nintendo SPD Group No. 2,4.0,459000,459000, Strategy,1800,69000,1100,497000
Fire Emblem: Radiant Dawn,2007-02-22,Nintendo,4.0,459000,459000, Tactical,1800,69000,1100,497000
Fire Emblem: Radiant Dawn,2007-02-22, Nintendo SPD Group No. 2,4.0,459000,459000, Tactical,1800,69000,1100,497000
Need for Speed: Heat,2019-11-08,Electronic Arts,3.1,180000,180000,Adventure,1600,100000,455000,94000
Need for Speed: Heat,2019-11-08, Ghost Games,3.1,180000,180000,Adventure,1600,100000,455000,94000
Need for Speed: Heat,2019-11-08,Electronic Arts,3.1,180000,180000, Racing,1600,100000,455000,94000
Need for Speed: Heat,2019-11-08, Ghost Games,3.1,180000,180000, Racing,1600,100000,455000,94000
Need for Speed: Heat,2019-11-08,Electronic Arts,3.1,180000,180000, Sport,1600,100000,455000,94000
Need for Speed: Heat,2019-11-08, Ghost Games,3.1,180000,180000, Sport,1600,100000,455000,94000
Skate 3,2010-05-11,EA Black Box,4.0,318000,318000,Sport,4100,44000,313000,188000
Skate 3,2010-05-11, Electronic Arts,4.0,318000,318000,Sport,4100,44000,313000,188000
Braid,2008-08-06,Number None Inc.,3.4,380000,380000,Adventure,3500,26000,782000,385000
Braid,2008-08-06, Microsoft Game Studios,3.4,380000,380000,Adventure,3500,26000,782000,385000
Braid,2008-08-06,Number None Inc.,3.4,380000,380000, Indie,3500,26000,782000,385000
Braid,2008-08-06, Microsoft Game Studios,3.4,380000,380000, Indie,3500,26000,782000,385000
Braid,2008-08-06,Number None Inc.,3.4,380000,380000, Platform,3500,26000,782000,385000
Braid,2008-08-06, Microsoft Game Studios,3.4,380000,380000, Platform,3500,26000,782000,385000
Braid,2008-08-06,Number None Inc.,3.4,380000,380000, Puzzle,3500,26000,782000,385000
Braid,2008-08-06, Microsoft Game Studios,3.4,380000,380000, Puzzle,3500,26000,782000,385000
Braid,2008-08-06,Number None Inc.,3.4,380000,380000, Strategy,3500,26000,782000,385000
Braid,2008-08-06, Microsoft Game Studios,3.4,380000,380000, Strategy,3500,26000,782000,385000
Metro 2033,2010-03-16,4A Games,3.5,328000,328000,RPG,3700,49000,1100,224000
Metro 2033,2010-03-16, THQ,3.5,328000,328000,RPG,3700,49000,1100,224000
Metro 2033,2010-03-16,4A Games,3.5,328000,328000, Shooter,3700,49000,1100,224000
Metro 2033,2010-03-16, THQ,3.5,328000,328000, Shooter,3700,49000,1100,224000
Another Pokémon Game,2023-02-15,3D: Doom Daddy Digital,3.0,19000,19000,Adventure,59000,2000,24000,22000
Another Pokémon Game,2023-02-15,3D: Doom Daddy Digital,3.0,19000,19000, RPG,59000,2000,24000,22000
Super Mario Party,2018-10-05,Nintendo,2.8,336000,336000,Card & Board Game,5300,34000,241000,185000
Super Mario Party,2018-10-05,Nintendo,2.8,336000,336000, Platform,5300,34000,241000,185000
Super Mario Party,2018-10-05,Nintendo,2.8,336000,336000, Puzzle,5300,34000,241000,185000
Kentucky Route Zero,2013-01-07,Cardboard Computer,4.1,474000,474000,Adventure,1200,128000,1200,842000
Kentucky Route Zero,2013-01-07,Cardboard Computer,4.1,474000,474000, Indie,1200,128000,1200,842000
Kentucky Route Zero,2013-01-07,Cardboard Computer,4.1,474000,474000, Point-and-Click,1200,128000,1200,842000
The Legend of Zelda: Twilight Princess HD,2016-03-04,Nintendo,4.2,447000,447000,Adventure,2500,91000,956000,503000
The Legend of Zelda: Twilight Princess HD,2016-03-04, Nintendo EPD,4.2,447000,447000,Adventure,2500,91000,956000,503000
The Legend of Zelda: Twilight Princess HD,2016-03-04,Nintendo,4.2,447000,447000, Platform,2500,91000,956000,503000
The Legend of Zelda: Twilight Princess HD,2016-03-04, Nintendo EPD,4.2,447000,447000, Platform,2500,91000,956000,503000
The Legend of Zelda: Twilight Princess HD,2016-03-04,Nintendo,4.2,447000,447000, Puzzle,2500,91000,956000,503000
The Legend of Zelda: Twilight Princess HD,2016-03-04, Nintendo EPD,4.2,447000,447000, Puzzle,2500,91000,956000,503000
We Love Katamari,2005-07-06,NOW Production,4.3,429000,429000,Adventure,1400,38000,520000,410000
We Love Katamari,2005-07-06, Namco,4.3,429000,429000,Adventure,1400,38000,520000,410000
We Love Katamari,2005-07-06,NOW Production,4.3,429000,429000, Puzzle,1400,38000,520000,410000
We Love Katamari,2005-07-06, Namco,4.3,429000,429000, Puzzle,1400,38000,520000,410000
Serial Experiments Lain,1998-11-26,Pionner LDC,4.0,173000,173000,Adventure,397000,29000,637000,727000
Kirby's Dream Land 2,1995-03-21,Nintendo,3.2,414000,414000,Platform,2300,41000,480000,146000
Kirby's Dream Land 2,1995-03-21, HAL Laboratory,3.2,414000,414000,Platform,2300,41000,480000,146000
Harvestella,2022-11-04,Square Enix,3.4,103000,103000,Adventure,160000,86000,268000,469000
Harvestella,2022-11-04,Square Enix,3.4,103000,103000, RPG,160000,86000,268000,469000
Harvestella,2022-11-04,Square Enix,3.4,103000,103000, Simulator,160000,86000,268000,469000
Dishonored: Death of the Outsider,2017-09-14,Arkane Studios,3.6,328000,328000,Adventure,1800,41000,1400,352000
Dishonored: Death of the Outsider,2017-09-14, Bethesda Softworks,3.6,328000,328000,Adventure,1800,41000,1400,352000
Dishonored: Death of the Outsider,2017-09-14,Arkane Studios,3.6,328000,328000, RPG,1800,41000,1400,352000
Dishonored: Death of the Outsider,2017-09-14, Bethesda Softworks,3.6,328000,328000, RPG,1800,41000,1400,352000
Life is Strange 2,2018-09-26,"""DONT NOD""",3.3,421000,421000,Adventure,2600,107000,939000,643000
Life is Strange 2,2018-09-26, Square Enix,3.3,421000,421000,Adventure,2600,107000,939000,643000
Banjo-Tooie,2000-11-20,Microsoft Game Studios,3.8,443000,443000,Adventure,3000,29000,1200,485000
Banjo-Tooie,2000-11-20, Rare,3.8,443000,443000,Adventure,3000,29000,1200,485000
Banjo-Tooie,2000-11-20,Microsoft Game Studios,3.8,443000,443000, Platform,3000,29000,1200,485000
Banjo-Tooie,2000-11-20, Rare,3.8,443000,443000, Platform,3000,29000,1200,485000
The Legend of Zelda: Oracle of Ages,2001-02-27,Nintendo,3.7,512000,512000,Adventure,2800,60000,1500,492000
The Legend of Zelda: Oracle of Ages,2001-02-27, Capcom,3.7,512000,512000,Adventure,2800,60000,1500,492000
The Legend of Zelda: Oracle of Ages,2001-02-27,Nintendo,3.7,512000,512000, RPG,2800,60000,1500,492000
The Legend of Zelda: Oracle of Ages,2001-02-27, Capcom,3.7,512000,512000, RPG,2800,60000,1500,492000
Lobotomy Corporation,2018-04-09,Project Moon,4.1,134000,134000,Indie,621000,132000,536000,327000
Lobotomy Corporation,2018-04-09,Project Moon,4.1,134000,134000, Simulator,621000,132000,536000,327000
Saints Row 2,2008-10-14,Volition,3.7,412000,412000,Adventure,3600,56000,803000,191000
Saints Row 2,2008-10-14, THQ,3.7,412000,412000,Adventure,3600,56000,803000,191000
Saints Row 2,2008-10-14,Volition,3.7,412000,412000, Racing,3600,56000,803000,191000
Saints Row 2,2008-10-14, THQ,3.7,412000,412000, Racing,3600,56000,803000,191000
Saints Row 2,2008-10-14,Volition,3.7,412000,412000, Shooter,3600,56000,803000,191000
Saints Row 2,2008-10-14, THQ,3.7,412000,412000, Shooter,3600,56000,803000,191000
Final Fantasy VII Rebirth,2023-12-31,Square Enix,3.7200267022696933,192000,192000,,20000,3000,354000,1100
Castlevania: Bloodlines,1994-03-17,Konami,3.7,447000,447000,Adventure,1800,25000,682000,230000
Castlevania: Bloodlines,1994-03-17,Konami,3.7,447000,447000, Platform,1800,25000,682000,230000
Tiny Tina's Wonderlands,2022-03-25,2K Games,3.4,224000,224000,Adventure,738000,140000,467000,537000
Tiny Tina's Wonderlands,2022-03-25, Gearbox Software,3.4,224000,224000,Adventure,738000,140000,467000,537000
Tiny Tina's Wonderlands,2022-03-25,2K Games,3.4,224000,224000, RPG,738000,140000,467000,537000
Tiny Tina's Wonderlands,2022-03-25, Gearbox Software,3.4,224000,224000, RPG,738000,140000,467000,537000
Tiny Tina's Wonderlands,2022-03-25,2K Games,3.4,224000,224000, Shooter,738000,140000,467000,537000
Tiny Tina's Wonderlands,2022-03-25, Gearbox Software,3.4,224000,224000, Shooter,738000,140000,467000,537000
Utawarerumono: Mask of Truth,2016-09-21,Aquaplus,4.4,182000,182000,Adventure,442000,21000,411000,266000
Utawarerumono: Mask of Truth,2016-09-21, Atlus USA,4.4,182000,182000,Adventure,442000,21000,411000,266000
Utawarerumono: Mask of Truth,2016-09-21,Aquaplus,4.4,182000,182000, RPG,442000,21000,411000,266000
Utawarerumono: Mask of Truth,2016-09-21, Atlus USA,4.4,182000,182000, RPG,442000,21000,411000,266000
Utawarerumono: Mask of Truth,2016-09-21,Aquaplus,4.4,182000,182000, Simulator,442000,21000,411000,266000
Utawarerumono: Mask of Truth,2016-09-21, Atlus USA,4.4,182000,182000, Simulator,442000,21000,411000,266000
Utawarerumono: Mask of Truth,2016-09-21,Aquaplus,4.4,182000,182000, Strategy,442000,21000,411000,266000
Utawarerumono: Mask of Truth,2016-09-21, Atlus USA,4.4,182000,182000, Strategy,442000,21000,411000,266000
Utawarerumono: Mask of Truth,2016-09-21,Aquaplus,4.4,182000,182000, Tactical,442000,21000,411000,266000
Utawarerumono: Mask of Truth,2016-09-21, Atlus USA,4.4,182000,182000, Tactical,442000,21000,411000,266000
Utawarerumono: Mask of Truth,2016-09-21,Aquaplus,4.4,182000,182000, Visual Novel,442000,21000,411000,266000
Utawarerumono: Mask of Truth,2016-09-21, Atlus USA,4.4,182000,182000, Visual Novel,442000,21000,411000,266000
Hitman World of Assassination,2023-01-26,Inlusio Interactive,4.6,38000,38000,Adventure,167000,47000,54000,54000
Hitman World of Assassination,2023-01-26, IO Interactive,4.6,38000,38000,Adventure,167000,47000,54000,54000
Hitman World of Assassination,2023-01-26,Inlusio Interactive,4.6,38000,38000, Shooter,167000,47000,54000,54000
Hitman World of Assassination,2023-01-26, IO Interactive,4.6,38000,38000, Shooter,167000,47000,54000,54000
Hitman World of Assassination,2023-01-26,Inlusio Interactive,4.6,38000,38000, Tactical,167000,47000,54000,54000
Hitman World of Assassination,2023-01-26, IO Interactive,4.6,38000,38000, Tactical,167000,47000,54000,54000
Just Cause 2,2010-03-23,Avalanche Studios,3.2,302000,302000,Adventure,5100,36000,771000,142000
Just Cause 2,2010-03-23, Eidos Interactive,3.2,302000,302000,Adventure,5100,36000,771000,142000
Just Cause 2,2010-03-23,Avalanche Studios,3.2,302000,302000, Racing,5100,36000,771000,142000
Just Cause 2,2010-03-23, Eidos Interactive,3.2,302000,302000, Racing,5100,36000,771000,142000
Just Cause 2,2010-03-23,Avalanche Studios,3.2,302000,302000, Shooter,5100,36000,771000,142000
Just Cause 2,2010-03-23, Eidos Interactive,3.2,302000,302000, Shooter,5100,36000,771000,142000
Lies of P,2023-08-01,NEOWIZ,3.7200267022696933,175000,175000,RPG,5000,0,260000,939000
Lies of P,2023-08-01, Round8 Studio,3.7200267022696933,175000,175000,RPG,5000,0,260000,939000
Final Fantasy V,1992-12-06,Square Enix,3.8,532000,532000,Adventure,2300,78000,1200,460000
Final Fantasy V,1992-12-06,Square Enix,3.8,532000,532000, RPG,2300,78000,1200,460000
Jet Set Radio Future,2002-02-22,Smilebit,4.3,448000,448000,Music,1400,47000,784000,645000
Jet Set Radio Future,2002-02-22, Sega,4.3,448000,448000,Music,1400,47000,784000,645000
Jet Set Radio Future,2002-02-22,Smilebit,4.3,448000,448000, Platform,1400,47000,784000,645000
Jet Set Radio Future,2002-02-22, Sega,4.3,448000,448000, Platform,1400,47000,784000,645000
Jet Set Radio Future,2002-02-22,Smilebit,4.3,448000,448000, Racing,1400,47000,784000,645000
Jet Set Radio Future,2002-02-22, Sega,4.3,448000,448000, Racing,1400,47000,784000,645000
Jet Set Radio Future,2002-02-22,Smilebit,4.3,448000,448000, Sport,1400,47000,784000,645000
Jet Set Radio Future,2002-02-22, Sega,4.3,448000,448000, Sport,1400,47000,784000,645000
Overcooked!,2016-08-03,Ghost Town Games,3.5,376000,376000,Arcade,4600,76000,723000,115000
Overcooked!,2016-08-03, Team17,3.5,376000,376000,Arcade,4600,76000,723000,115000
Overcooked!,2016-08-03,Ghost Town Games,3.5,376000,376000, Indie,4600,76000,723000,115000
Overcooked!,2016-08-03, Team17,3.5,376000,376000, Indie,4600,76000,723000,115000
Overcooked!,2016-08-03,Ghost Town Games,3.5,376000,376000, Simulator,4600,76000,723000,115000
Overcooked!,2016-08-03, Team17,3.5,376000,376000, Simulator,4600,76000,723000,115000
Overcooked!,2016-08-03,Ghost Town Games,3.5,376000,376000, Strategy,4600,76000,723000,115000
Overcooked!,2016-08-03, Team17,3.5,376000,376000, Strategy,4600,76000,723000,115000
Shin Megami Tensei IV: Apocalypse,2016-02-10,Atlus USA,3.6,442000,442000,Adventure,1800,109000,1500,634000
Shin Megami Tensei IV: Apocalypse,2016-02-10, Atlus,3.6,442000,442000,Adventure,1800,109000,1500,634000
Shin Megami Tensei IV: Apocalypse,2016-02-10,Atlus USA,3.6,442000,442000, RPG,1800,109000,1500,634000
Shin Megami Tensei IV: Apocalypse,2016-02-10, Atlus,3.6,442000,442000, RPG,1800,109000,1500,634000
Muse Dash,2018-06-15,X.D. Network Inc.,3.5,185000,185000,Indie,2700,247000,396000,193000
Muse Dash,2018-06-15, PeroPeroGames,3.5,185000,185000,Indie,2700,247000,396000,193000
Muse Dash,2018-06-15,X.D. Network Inc.,3.5,185000,185000, Music,2700,247000,396000,193000
Muse Dash,2018-06-15, PeroPeroGames,3.5,185000,185000, Music,2700,247000,396000,193000
Fire Emblem: Genealogy of the Holy War,1996-05-14,Intelligent Systems Co.,4.0,468000,468000,RPG,1300,81000,836000,385000
Fire Emblem: Genealogy of the Holy War,1996-05-14, Ltd.,4.0,468000,468000,RPG,1300,81000,836000,385000
Fire Emblem: Genealogy of the Holy War,1996-05-14, Nintendo,4.0,468000,468000,RPG,1300,81000,836000,385000
Fire Emblem: Genealogy of the Holy War,1996-05-14,Intelligent Systems Co.,4.0,468000,468000, Strategy,1300,81000,836000,385000
Fire Emblem: Genealogy of the Holy War,1996-05-14, Ltd.,4.0,468000,468000, Strategy,1300,81000,836000,385000
Fire Emblem: Genealogy of the Holy War,1996-05-14, Nintendo,4.0,468000,468000, Strategy,1300,81000,836000,385000
Fire Emblem: Genealogy of the Holy War,1996-05-14,Intelligent Systems Co.,4.0,468000,468000, Turn Based Strategy,1300,81000,836000,385000
Fire Emblem: Genealogy of the Holy War,1996-05-14, Ltd.,4.0,468000,468000, Turn Based Strategy,1300,81000,836000,385000
Fire Emblem: Genealogy of the Holy War,1996-05-14, Nintendo,4.0,468000,468000, Turn Based Strategy,1300,81000,836000,385000
Judas,2025-03-31,Ghost Story Games,3.7200267022696933,90000,90000,Adventure,1000,0,92000,437000
Judas,2025-03-31,Ghost Story Games,3.7200267022696933,90000,90000, Shooter,1000,0,92000,437000
Half-Life: Opposing Force,1999-11-10,Gearbox Software,3.7,298000,298000,Platform,3000,38000,838000,95000
Half-Life: Opposing Force,1999-11-10, Sierra Entertainment,3.7,298000,298000,Platform,3000,38000,838000,95000
Half-Life: Opposing Force,1999-11-10,Gearbox Software,3.7,298000,298000, Puzzle,3000,38000,838000,95000
Half-Life: Opposing Force,1999-11-10, Sierra Entertainment,3.7,298000,298000, Puzzle,3000,38000,838000,95000
Half-Life: Opposing Force,1999-11-10,Gearbox Software,3.7,298000,298000, Shooter,3000,38000,838000,95000
Half-Life: Opposing Force,1999-11-10, Sierra Entertainment,3.7,298000,298000, Shooter,3000,38000,838000,95000
Bloodborne PSX,2022-01-31,LW Media,3.5,106000,106000,Adventure,577000,16000,434000,299000
Bloodborne PSX,2022-01-31,LW Media,3.5,106000,106000, RPG,577000,16000,434000,299000
Prototype,2009-06-09,Activision,3.0,225000,225000,Adventure,4500,30000,643000,314000
Prototype,2009-06-09, Radical Entertainment,3.0,225000,225000,Adventure,4500,30000,643000,314000
Prototype,2009-06-09,Activision,3.0,225000,225000, Brawler,4500,30000,643000,314000
Prototype,2009-06-09, Radical Entertainment,3.0,225000,225000, Brawler,4500,30000,643000,314000
Prototype,2009-06-09,Activision,3.0,225000,225000, Platform,4500,30000,643000,314000
Prototype,2009-06-09, Radical Entertainment,3.0,225000,225000, Platform,4500,30000,643000,314000
Pokémon Gold,1999-11-21,Nintendo,3.8,495000,495000,Adventure,5500,29000,326000,133000
Pokémon Gold,1999-11-21, Game Freak,3.8,495000,495000,Adventure,5500,29000,326000,133000
Pokémon Gold,1999-11-21,Nintendo,3.8,495000,495000, RPG,5500,29000,326000,133000
Pokémon Gold,1999-11-21, Game Freak,3.8,495000,495000, RPG,5500,29000,326000,133000
Pokémon Gold,1999-11-21,Nintendo,3.8,495000,495000, Turn Based Strategy,5500,29000,326000,133000
Pokémon Gold,1999-11-21, Game Freak,3.8,495000,495000, Turn Based Strategy,5500,29000,326000,133000
Valheim,2021-02-02,Iron Gate AB,3.6,210000,210000,Adventure,2500,261000,496000,276000
Valheim,2021-02-02, Coffee Stain Publishing,3.6,210000,210000,Adventure,2500,261000,496000,276000
Valheim,2021-02-02,Iron Gate AB,3.6,210000,210000, Indie,2500,261000,496000,276000
Valheim,2021-02-02, Coffee Stain Publishing,3.6,210000,210000, Indie,2500,261000,496000,276000
Valheim,2021-02-02,Iron Gate AB,3.6,210000,210000, RPG,2500,261000,496000,276000
Valheim,2021-02-02, Coffee Stain Publishing,3.6,210000,210000, RPG,2500,261000,496000,276000
Your Turn To Die: Death Game By Majority,2017-08-28,Nankidai,4.1,221000,221000,Adventure,1300,241000,630000,548000
Your Turn To Die: Death Game By Majority,2017-08-28, 0UP Games,4.1,221000,221000,Adventure,1300,241000,630000,548000
Your Turn To Die: Death Game By Majority,2017-08-28,Nankidai,4.1,221000,221000, Indie,1300,241000,630000,548000
Your Turn To Die: Death Game By Majority,2017-08-28, 0UP Games,4.1,221000,221000, Indie,1300,241000,630000,548000
Your Turn To Die: Death Game By Majority,2017-08-28,Nankidai,4.1,221000,221000, Visual Novel,1300,241000,630000,548000
Your Turn To Die: Death Game By Majority,2017-08-28, 0UP Games,4.1,221000,221000, Visual Novel,1300,241000,630000,548000
Gal Guardians: Demon Purge,2023-02-23,Inti Creates,3.4,39000,39000,Adventure,69000,8000,61000,150000
Gal Guardians: Demon Purge,2023-02-23,Inti Creates,3.4,39000,39000, Platform,69000,8000,61000,150000
Mortal Shell,2020-08-18,Playstack,2.7,192000,192000,Indie,847000,30000,678000,194000
Mortal Shell,2020-08-18, Cold Symmetry,2.7,192000,192000,Indie,847000,30000,678000,194000
Mortal Shell,2020-08-18,Playstack,2.7,192000,192000, RPG,847000,30000,678000,194000
Mortal Shell,2020-08-18, Cold Symmetry,2.7,192000,192000, RPG,847000,30000,678000,194000
Kingdom Come: Deliverance,2018-02-13,Deep Silver,3.6,238000,238000,Adventure,1800,110000,1400,335000
Kingdom Come: Deliverance,2018-02-13, Warhorse Studios,3.6,238000,238000,Adventure,1800,110000,1400,335000
Kingdom Come: Deliverance,2018-02-13,Deep Silver,3.6,238000,238000, RPG,1800,110000,1400,335000
Kingdom Come: Deliverance,2018-02-13, Warhorse Studios,3.6,238000,238000, RPG,1800,110000,1400,335000
Live A Live,1994-09-02,Square,4.2,307000,307000,RPG,555000,36000,738000,491000
Sleeping Dogs: Definitive Edition,2014-10-10,Square Enix,3.8,250000,250000,Adventure,2600,64000,967000,213000
Sleeping Dogs: Definitive Edition,2014-10-10, United Front Games,3.8,250000,250000,Adventure,2600,64000,967000,213000
Sleeping Dogs: Definitive Edition,2014-10-10,Square Enix,3.8,250000,250000, Brawler,2600,64000,967000,213000
Sleeping Dogs: Definitive Edition,2014-10-10, United Front Games,3.8,250000,250000, Brawler,2600,64000,967000,213000
Sleeping Dogs: Definitive Edition,2014-10-10,Square Enix,3.8,250000,250000, Racing,2600,64000,967000,213000
Sleeping Dogs: Definitive Edition,2014-10-10, United Front Games,3.8,250000,250000, Racing,2600,64000,967000,213000
Sleeping Dogs: Definitive Edition,2014-10-10,Square Enix,3.8,250000,250000, Shooter,2600,64000,967000,213000
Sleeping Dogs: Definitive Edition,2014-10-10, United Front Games,3.8,250000,250000, Shooter,2600,64000,967000,213000
Resident Evil 4: Ultimate HD Edition,2014-02-28,Capcom Production Studio 4,4.4,148000,148000,Adventure,889000,56000,151000,35000
Resident Evil 4: Ultimate HD Edition,2014-02-28, Capcom,4.4,148000,148000,Adventure,889000,56000,151000,35000
Resident Evil 4: Ultimate HD Edition,2014-02-28,Capcom Production Studio 4,4.4,148000,148000, Shooter,889000,56000,151000,35000
Resident Evil 4: Ultimate HD Edition,2014-02-28, Capcom,4.4,148000,148000, Shooter,889000,56000,151000,35000
LEGO Builder's Journey,2019-12-20,Light Brick Studio,3.2,138000,138000,Adventure,484000,22000,317000,114000
LEGO Builder's Journey,2019-12-20, The LEGO Group,3.2,138000,138000,Adventure,484000,22000,317000,114000
LEGO Builder's Journey,2019-12-20,Light Brick Studio,3.2,138000,138000, Indie,484000,22000,317000,114000
LEGO Builder's Journey,2019-12-20, The LEGO Group,3.2,138000,138000, Indie,484000,22000,317000,114000
LEGO Builder's Journey,2019-12-20,Light Brick Studio,3.2,138000,138000, Puzzle,484000,22000,317000,114000
LEGO Builder's Journey,2019-12-20, The LEGO Group,3.2,138000,138000, Puzzle,484000,22000,317000,114000
Guilty Gear Xrd: Rev 2,2017-03-30,Arc System Works,4.1,379000,379000,Fighting,3000,118000,314000,175000
Guilty Gear Xrd: Rev 2,2017-03-30, Aksys Games,4.1,379000,379000,Fighting,3000,118000,314000,175000
Super Kiwi 64,2022-12-02,Siactro,3.4,79000,79000,Adventure,239000,5000,70000,75000
Super Kiwi 64,2022-12-02,Siactro,3.4,79000,79000, Arcade,239000,5000,70000,75000
Super Kiwi 64,2022-12-02,Siactro,3.4,79000,79000, Platform,239000,5000,70000,75000
Infamous 2,2011-06-07,Sucker Punch Productions,3.7,409000,409000,Adventure,4400,21000,674000,343000
Infamous 2,2011-06-07, Sony Computer Entertainment,3.7,409000,409000,Adventure,4400,21000,674000,343000
Infamous 2,2011-06-07, Inc. (SCEI),3.7,409000,409000,Adventure,4400,21000,674000,343000
Infamous 2,2011-06-07,Sucker Punch Productions,3.7,409000,409000, Brawler,4400,21000,674000,343000
Infamous 2,2011-06-07, Sony Computer Entertainment,3.7,409000,409000, Brawler,4400,21000,674000,343000
Infamous 2,2011-06-07, Inc. (SCEI),3.7,409000,409000, Brawler,4400,21000,674000,343000
Infamous 2,2011-06-07,Sucker Punch Productions,3.7,409000,409000, Puzzle,4400,21000,674000,343000
Infamous 2,2011-06-07, Sony Computer Entertainment,3.7,409000,409000, Puzzle,4400,21000,674000,343000
Infamous 2,2011-06-07, Inc. (SCEI),3.7,409000,409000, Puzzle,4400,21000,674000,343000
Fallout 3: Game of the Year Edition,2009-10-13,Bethesda Game Studios,3.6,188000,188000,Adventure,2600,67000,694000,123000
Fallout 3: Game of the Year Edition,2009-10-13, Bethesda Softworks,3.6,188000,188000,Adventure,2600,67000,694000,123000
Fallout 3: Game of the Year Edition,2009-10-13,Bethesda Game Studios,3.6,188000,188000, RPG,2600,67000,694000,123000
Fallout 3: Game of the Year Edition,2009-10-13, Bethesda Softworks,3.6,188000,188000, RPG,2600,67000,694000,123000
Fallout 3: Game of the Year Edition,2009-10-13,Bethesda Game Studios,3.6,188000,188000, Shooter,2600,67000,694000,123000
Fallout 3: Game of the Year Edition,2009-10-13, Bethesda Softworks,3.6,188000,188000, Shooter,2600,67000,694000,123000
Melatonin,2022-12-15,Half Asleep,3.7,104000,104000,Arcade,185000,28000,96000,235000
Melatonin,2022-12-15,Half Asleep,3.7,104000,104000, Indie,185000,28000,96000,235000
Melatonin,2022-12-15,Half Asleep,3.7,104000,104000, Music,185000,28000,96000,235000
Melatonin,2022-12-15,Half Asleep,3.7,104000,104000, Puzzle,185000,28000,96000,235000
Gungrave G.O.R.E,2022-11-22,Iggymob,2.1,85000,85000,Adventure,186000,13000,138000,149000
Gungrave G.O.R.E,2022-11-22, Red Entertainment,2.1,85000,85000,Adventure,186000,13000,138000,149000
Gungrave G.O.R.E,2022-11-22,Iggymob,2.1,85000,85000, Fighting,186000,13000,138000,149000
Gungrave G.O.R.E,2022-11-22, Red Entertainment,2.1,85000,85000, Fighting,186000,13000,138000,149000
Gungrave G.O.R.E,2022-11-22,Iggymob,2.1,85000,85000, Shooter,186000,13000,138000,149000
Gungrave G.O.R.E,2022-11-22, Red Entertainment,2.1,85000,85000, Shooter,186000,13000,138000,149000
Gungrave G.O.R.E,2022-11-22,Iggymob,2.1,85000,85000, Simulator,186000,13000,138000,149000
Gungrave G.O.R.E,2022-11-22, Red Entertainment,2.1,85000,85000, Simulator,186000,13000,138000,149000
Gungrave G.O.R.E,2022-11-22,Iggymob,2.1,85000,85000, Strategy,186000,13000,138000,149000
Gungrave G.O.R.E,2022-11-22, Red Entertainment,2.1,85000,85000, Strategy,186000,13000,138000,149000
Like a Dragon Gaiden: The Man Who Erased His Name,2023-12-31,Ryū Ga Gotoku Studios,3.7200267022696933,118000,118000,Adventure,2000,1000,145000,588000
Like a Dragon Gaiden: The Man Who Erased His Name,2023-12-31, Sega,3.7200267022696933,118000,118000,Adventure,2000,1000,145000,588000
Like a Dragon Gaiden: The Man Who Erased His Name,2023-12-31,Ryū Ga Gotoku Studios,3.7200267022696933,118000,118000, Brawler,2000,1000,145000,588000
Like a Dragon Gaiden: The Man Who Erased His Name,2023-12-31, Sega,3.7200267022696933,118000,118000, Brawler,2000,1000,145000,588000
Like a Dragon Gaiden: The Man Who Erased His Name,2023-12-31,Ryū Ga Gotoku Studios,3.7200267022696933,118000,118000, RPG,2000,1000,145000,588000
Like a Dragon Gaiden: The Man Who Erased His Name,2023-12-31, Sega,3.7200267022696933,118000,118000, RPG,2000,1000,145000,588000
Garten of Banban,2023-01-06,Euphoric Brothers,1.2,26000,26000,Adventure,130000,1000,5000,4000
Garten of Banban,2023-01-06,Euphoric Brothers,1.2,26000,26000, Indie,130000,1000,5000,4000
Garten of Banban,2023-01-06,Euphoric Brothers,1.2,26000,26000, Puzzle,130000,1000,5000,4000
Hitman: Blood Money,2006-05-26,IO Interactive,4.0,414000,414000,Shooter,3200,37000,859000,238000
Hitman: Blood Money,2006-05-26, Eidos Interactive,4.0,414000,414000,Shooter,3200,37000,859000,238000
Professor Layton and the Unwound Future,2008-11-27,Level-5,4.3,378000,378000,Point-and-Click,2400,33000,664000,388000
Professor Layton and the Unwound Future,2008-11-27, Nintendo of America,4.3,378000,378000,Point-and-Click,2400,33000,664000,388000
Professor Layton and the Unwound Future,2008-11-27,Level-5,4.3,378000,378000, Puzzle,2400,33000,664000,388000
Professor Layton and the Unwound Future,2008-11-27, Nintendo of America,4.3,378000,378000, Puzzle,2400,33000,664000,388000
Professor Layton and the Unwound Future,2008-11-27,Level-5,4.3,378000,378000, Visual Novel,2400,33000,664000,388000
Professor Layton and the Unwound Future,2008-11-27, Nintendo of America,4.3,378000,378000, Visual Novel,2400,33000,664000,388000
The Dark Pictures Anthology: The Devil in Me,2022-11-18,Supermassive Games,2.9,123000,123000,Adventure,332000,20000,135000,276000
The Dark Pictures Anthology: The Devil in Me,2022-11-18, Bandai Namco Entertainment,2.9,123000,123000,Adventure,332000,20000,135000,276000
Donkey Kong Country: Tropical Freeze,2018-05-04,Nintendo,4.2,373000,373000,Platform,2100,91000,741000,500000
Donkey Kong Country: Tropical Freeze,2018-05-04, Retro Studios,4.2,373000,373000,Platform,2100,91000,741000,500000
Fire Emblem: Thracia 776,1999-09-01,Intelligent Systems Co.,4.1,329000,329000,RPG,820000,65000,771000,329000
Fire Emblem: Thracia 776,1999-09-01, Ltd.,4.1,329000,329000,RPG,820000,65000,771000,329000
Fire Emblem: Thracia 776,1999-09-01, Nintendo,4.1,329000,329000,RPG,820000,65000,771000,329000
Fire Emblem: Thracia 776,1999-09-01,Intelligent Systems Co.,4.1,329000,329000, Strategy,820000,65000,771000,329000
Fire Emblem: Thracia 776,1999-09-01, Ltd.,4.1,329000,329000, Strategy,820000,65000,771000,329000
Fire Emblem: Thracia 776,1999-09-01, Nintendo,4.1,329000,329000, Strategy,820000,65000,771000,329000
Fire Emblem: Thracia 776,1999-09-01,Intelligent Systems Co.,4.1,329000,329000, Tactical,820000,65000,771000,329000
Fire Emblem: Thracia 776,1999-09-01, Ltd.,4.1,329000,329000, Tactical,820000,65000,771000,329000
Fire Emblem: Thracia 776,1999-09-01, Nintendo,4.1,329000,329000, Tactical,820000,65000,771000,329000
Moonlighter,2018-05-29,Digital Sun Games,3.2,280000,280000,Adventure,2200,134000,1200,309000
Moonlighter,2018-05-29, 11 bit studios,3.2,280000,280000,Adventure,2200,134000,1200,309000
Moonlighter,2018-05-29,Digital Sun Games,3.2,280000,280000, Brawler,2200,134000,1200,309000
Moonlighter,2018-05-29, 11 bit studios,3.2,280000,280000, Brawler,2200,134000,1200,309000
Moonlighter,2018-05-29,Digital Sun Games,3.2,280000,280000, Indie,2200,134000,1200,309000
Moonlighter,2018-05-29, 11 bit studios,3.2,280000,280000, Indie,2200,134000,1200,309000
Moonlighter,2018-05-29,Digital Sun Games,3.2,280000,280000, RPG,2200,134000,1200,309000
Moonlighter,2018-05-29, 11 bit studios,3.2,280000,280000, RPG,2200,134000,1200,309000
Moonlighter,2018-05-29,Digital Sun Games,3.2,280000,280000, Simulator,2200,134000,1200,309000
Moonlighter,2018-05-29, 11 bit studios,3.2,280000,280000, Simulator,2200,134000,1200,309000
Pikmin 3,2013-07-13,Nintendo EAD Software Development Group No.4,4.0,388000,388000,Adventure,2700,39000,797000,385000
Pikmin 3,2013-07-13, Nintendo,4.0,388000,388000,Adventure,2700,39000,797000,385000
Pikmin 3,2013-07-13,Nintendo EAD Software Development Group No.4,4.0,388000,388000, Real Time Strategy,2700,39000,797000,385000
Pikmin 3,2013-07-13, Nintendo,4.0,388000,388000, Real Time Strategy,2700,39000,797000,385000
Five Nights at Freddy's 4,2015-07-23,Scottgames,2.8,199000,199000,Adventure,3300,13000,216000,111000
Five Nights at Freddy's 4,2015-07-23, Clickteam,2.8,199000,199000,Adventure,3300,13000,216000,111000
Five Nights at Freddy's 4,2015-07-23,Scottgames,2.8,199000,199000, Indie,3300,13000,216000,111000
Five Nights at Freddy's 4,2015-07-23, Clickteam,2.8,199000,199000, Indie,3300,13000,216000,111000
Five Nights at Freddy's 4,2015-07-23,Scottgames,2.8,199000,199000, Point-and-Click,3300,13000,216000,111000
Five Nights at Freddy's 4,2015-07-23, Clickteam,2.8,199000,199000, Point-and-Click,3300,13000,216000,111000
Five Nights at Freddy's 4,2015-07-23,Scottgames,2.8,199000,199000, Simulator,3300,13000,216000,111000
Five Nights at Freddy's 4,2015-07-23, Clickteam,2.8,199000,199000, Simulator,3300,13000,216000,111000
Five Nights at Freddy's 4,2015-07-23,Scottgames,2.8,199000,199000, Strategy,3300,13000,216000,111000
Five Nights at Freddy's 4,2015-07-23, Clickteam,2.8,199000,199000, Strategy,3300,13000,216000,111000
Chaos;Head Noah,2009-02-26,5pb.,4.0,84000,84000,Adventure,199000,73000,215000,174000
Chaos;Head Noah,2009-02-26,5pb.,4.0,84000,84000, Simulator,199000,73000,215000,174000
Chaos;Head Noah,2009-02-26,5pb.,4.0,84000,84000, Visual Novel,199000,73000,215000,174000
Nier: Automata - The End of Yorha Edition,2022-10-06,Square Enix,4.5,68000,68000,Adventure,370000,59000,240000,147000
Nier: Automata - The End of Yorha Edition,2022-10-06, PlatinumGames,4.5,68000,68000,Adventure,370000,59000,240000,147000
Nier: Automata - The End of Yorha Edition,2022-10-06,Square Enix,4.5,68000,68000, RPG,370000,59000,240000,147000
Nier: Automata - The End of Yorha Edition,2022-10-06, PlatinumGames,4.5,68000,68000, RPG,370000,59000,240000,147000
Phoenix Wright: Ace Attorney - Spirit of Justice,2016-06-09,Capcom,3.7,402000,402000,Adventure,2400,96000,1200,506000
Phoenix Wright: Ace Attorney - Spirit of Justice,2016-06-09,Capcom,3.7,402000,402000, Point-and-Click,2400,96000,1200,506000
Phoenix Wright: Ace Attorney - Spirit of Justice,2016-06-09,Capcom,3.7,402000,402000, Puzzle,2400,96000,1200,506000
Phoenix Wright: Ace Attorney - Spirit of Justice,2016-06-09,Capcom,3.7,402000,402000, RPG,2400,96000,1200,506000
Phoenix Wright: Ace Attorney - Spirit of Justice,2016-06-09,Capcom,3.7,402000,402000, Visual Novel,2400,96000,1200,506000
Crysis,2007-11-13,Crytek Frankfurt,3.2,224000,224000,Adventure,3000,26000,561000,241000
Crysis,2007-11-13, Electronic Arts,3.2,224000,224000,Adventure,3000,26000,561000,241000
Crysis,2007-11-13,Crytek Frankfurt,3.2,224000,224000, Shooter,3000,26000,561000,241000
Crysis,2007-11-13, Electronic Arts,3.2,224000,224000, Shooter,3000,26000,561000,241000
Fallout Shelter,2015-06-14,Bethesda Game Studios,2.4,172000,172000,RPG,5300,44000,214000,38000
Fallout Shelter,2015-06-14, Bethesda Softworks,2.4,172000,172000,RPG,5300,44000,214000,38000
Fallout Shelter,2015-06-14,Bethesda Game Studios,2.4,172000,172000, Simulator,5300,44000,214000,38000
Fallout Shelter,2015-06-14, Bethesda Softworks,2.4,172000,172000, Simulator,5300,44000,214000,38000
Fallout Shelter,2015-06-14,Bethesda Game Studios,2.4,172000,172000, Strategy,5300,44000,214000,38000
Fallout Shelter,2015-06-14, Bethesda Softworks,2.4,172000,172000, Strategy,5300,44000,214000,38000
Sonic and the Secret Rings,2007-02-20,Sega,1.9,362000,362000,Platform,3100,18000,348000,160000
Sonic and the Secret Rings,2007-02-20, Sonic Team,1.9,362000,362000,Platform,3100,18000,348000,160000
FTL: Faster Than Light,2012-09-14,Subset Games,3.8,325000,325000,Indie,3800,64000,902000,202000
FTL: Faster Than Light,2012-09-14,Subset Games,3.8,325000,325000, RPG,3800,64000,902000,202000
FTL: Faster Than Light,2012-09-14,Subset Games,3.8,325000,325000, Simulator,3800,64000,902000,202000
FTL: Faster Than Light,2012-09-14,Subset Games,3.8,325000,325000, Strategy,3800,64000,902000,202000
Mario Party 2,1999-12-17,Hudson Soft,3.7,348000,348000,Card & Board Game,3900,11000,199000,132000
Mario Party 2,1999-12-17, Nintendo,3.7,348000,348000,Card & Board Game,3900,11000,199000,132000
Attack of the Friday Monsters! A Tokyo Tale,2013-07-17,Level-5,3.7,178000,178000,Adventure,393000,22000,385000,298000
Attack of the Friday Monsters! A Tokyo Tale,2013-07-17, Millennium Kitchen,3.7,178000,178000,Adventure,393000,22000,385000,298000
Attack of the Friday Monsters! A Tokyo Tale,2013-07-17,Level-5,3.7,178000,178000, Simulator,393000,22000,385000,298000
Attack of the Friday Monsters! A Tokyo Tale,2013-07-17, Millennium Kitchen,3.7,178000,178000, Simulator,393000,22000,385000,298000
Animal Crossing,2001-12-14,Nintendo,3.9,533000,533000,Simulator,3900,51000,389000,317000
Animal Crossing,2001-12-14, Nintendo EAD,3.9,533000,533000,Simulator,3900,51000,389000,317000
Fire Emblem Fates: Revelation,2015-07-09,Intelligent Systems Co.,2.3,296000,296000,RPG,2500,52000,707000,244000
Fire Emblem Fates: Revelation,2015-07-09, Ltd.,2.3,296000,296000,RPG,2500,52000,707000,244000
Fire Emblem Fates: Revelation,2015-07-09, Nintendo,2.3,296000,296000,RPG,2500,52000,707000,244000
Fire Emblem Fates: Revelation,2015-07-09,Intelligent Systems Co.,2.3,296000,296000, Strategy,2500,52000,707000,244000
Fire Emblem Fates: Revelation,2015-07-09, Ltd.,2.3,296000,296000, Strategy,2500,52000,707000,244000
Fire Emblem Fates: Revelation,2015-07-09, Nintendo,2.3,296000,296000, Strategy,2500,52000,707000,244000
Fire Emblem Fates: Revelation,2015-07-09,Intelligent Systems Co.,2.3,296000,296000, Turn Based Strategy,2500,52000,707000,244000
Fire Emblem Fates: Revelation,2015-07-09, Ltd.,2.3,296000,296000, Turn Based Strategy,2500,52000,707000,244000
Fire Emblem Fates: Revelation,2015-07-09, Nintendo,2.3,296000,296000, Turn Based Strategy,2500,52000,707000,244000
Bloodstained: Curse of the Moon,2018-05-23,Inti Creates,3.6,341000,341000,Adventure,2300,41000,800000,397000
Bloodstained: Curse of the Moon,2018-05-23,Inti Creates,3.6,341000,341000, Indie,2300,41000,800000,397000
Bloodstained: Curse of the Moon,2018-05-23,Inti Creates,3.6,341000,341000, Platform,2300,41000,800000,397000
Final Fantasy XIII-2,2011-12-15,Square Enix,3.3,482000,482000,Adventure,2300,58000,1400,449000
Final Fantasy XIII-2,2011-12-15,Square Enix,3.3,482000,482000, RPG,2300,58000,1400,449000
Agar.io,2015-04-28,Miniclip.com,2.2,81000,81000,Indie,4400,8000,40000,12000
Agar.io,2015-04-28, Matheus Valadares,2.2,81000,81000,Indie,4400,8000,40000,12000
Agar.io,2015-04-28,Miniclip.com,2.2,81000,81000, Strategy,4400,8000,40000,12000
Agar.io,2015-04-28, Matheus Valadares,2.2,81000,81000, Strategy,4400,8000,40000,12000
Fatal Frame II: Crimson Butterfly,2003-11-27,Tecmo Co.,4.2,398000,398000,Adventure,1000,38000,690000,513000
Fatal Frame II: Crimson Butterfly,2003-11-27, Ltd.,4.2,398000,398000,Adventure,1000,38000,690000,513000
Fatal Frame II: Crimson Butterfly,2003-11-27, Ubisoft Entertainment,4.2,398000,398000,Adventure,1000,38000,690000,513000
World of Warcraft,2004-11-23,Blizzard Entertainment,3.5,369000,369000,Adventure,4500,115000,139000,74000
World of Warcraft,2004-11-23,Blizzard Entertainment,3.5,369000,369000, RPG,4500,115000,139000,74000
The Legend of Heroes: Trails of Cold Steel II,2014-09-25,NIS America,3.7,401000,401000,Adventure,1700,45000,707000,319000
The Legend of Heroes: Trails of Cold Steel II,2014-09-25, Nihon Falcom,3.7,401000,401000,Adventure,1700,45000,707000,319000
The Legend of Heroes: Trails of Cold Steel II,2014-09-25,NIS America,3.7,401000,401000, RPG,1700,45000,707000,319000
The Legend of Heroes: Trails of Cold Steel II,2014-09-25, Nihon Falcom,3.7,401000,401000, RPG,1700,45000,707000,319000
The Legend of Heroes: Trails of Cold Steel II,2014-09-25,NIS America,3.7,401000,401000, Turn Based Strategy,1700,45000,707000,319000
The Legend of Heroes: Trails of Cold Steel II,2014-09-25, Nihon Falcom,3.7,401000,401000, Turn Based Strategy,1700,45000,707000,319000
Gang Beasts,2017-12-12,Boneloaf,3.1,207000,207000,Fighting,3200,30000,177000,142000
Gang Beasts,2017-12-12, Double Fine Productions,3.1,207000,207000,Fighting,3200,30000,177000,142000
Gang Beasts,2017-12-12,Boneloaf,3.1,207000,207000, Indie,3200,30000,177000,142000
Gang Beasts,2017-12-12, Double Fine Productions,3.1,207000,207000, Indie,3200,30000,177000,142000
Armored Core 3,2002-04-01,Agetec,3.7,115000,115000,Shooter,297000,19000,273000,142000
Armored Core 3,2002-04-01, FromSoftware,3.7,115000,115000,Shooter,297000,19000,273000,142000
Armored Core 3,2002-04-01,Agetec,3.7,115000,115000, Strategy,297000,19000,273000,142000
Armored Core 3,2002-04-01, FromSoftware,3.7,115000,115000, Strategy,297000,19000,273000,142000
Star Wars: The Force Unleashed II,2010-10-26,LucasArts,2.8,242000,242000,Adventure,4100,18000,597000,268000
Star Wars: The Force Unleashed II,2010-10-26,LucasArts,2.8,242000,242000, Brawler,4100,18000,597000,268000
Star Wars: The Force Unleashed II,2010-10-26,LucasArts,2.8,242000,242000, RPG,4100,18000,597000,268000
Fortnite,2017-07-25,Epic Games,2.8,827000,827000,Adventure,17000,926000,470000,47000
Fortnite,2017-07-25,Epic Games,2.8,827000,827000, RPG,17000,926000,470000,47000
Fortnite,2017-07-25,Epic Games,2.8,827000,827000, Shooter,17000,926000,470000,47000
Fortnite,2017-07-25,Epic Games,2.8,827000,827000, Strategy,17000,926000,470000,47000
Fall Guys,2020-08-04,Devolver Digital,3.0,874000,874000,Indie,16000,654000,618000,271000
Fall Guys,2020-08-04, Mediatonic,3.0,874000,874000,Indie,16000,654000,618000,271000
Fall Guys,2020-08-04,Devolver Digital,3.0,874000,874000, Platform,16000,654000,618000,271000
Fall Guys,2020-08-04, Mediatonic,3.0,874000,874000, Platform,16000,654000,618000,271000
Fall Guys,2020-08-04,Devolver Digital,3.0,874000,874000, Sport,16000,654000,618000,271000
Fall Guys,2020-08-04, Mediatonic,3.0,874000,874000, Sport,16000,654000,618000,271000
It Takes Two,2021-03-25,Hazelight Studios,4.2,1300,1300,Adventure,8100,999000,2500,2100
It Takes Two,2021-03-25, Electronic Arts,4.2,1300,1300,Adventure,8100,999000,2500,2100
It Takes Two,2021-03-25,Hazelight Studios,4.2,1300,1300, Platform,8100,999000,2500,2100
It Takes Two,2021-03-25, Electronic Arts,4.2,1300,1300, Platform,8100,999000,2500,2100
It Takes Two,2021-03-25,Hazelight Studios,4.2,1300,1300, Puzzle,8100,999000,2500,2100
It Takes Two,2021-03-25, Electronic Arts,4.2,1300,1300, Puzzle,8100,999000,2500,2100
BioShock,2007-08-21,2K Games,4.0,1800,1800,Adventure,17000,339000,4000,1200
BioShock,2007-08-21, 2K Boston,4.0,1800,1800,Adventure,17000,339000,4000,1200
BioShock,2007-08-21,2K Games,4.0,1800,1800, RPG,17000,339000,4000,1200
BioShock,2007-08-21, 2K Boston,4.0,1800,1800, RPG,17000,339000,4000,1200
BioShock,2007-08-21,2K Games,4.0,1800,1800, Shooter,17000,339000,4000,1200
BioShock,2007-08-21, 2K Boston,4.0,1800,1800, Shooter,17000,339000,4000,1200
Metal Gear Solid,1998-09-03,Microsoft,4.2,1900,1900,Adventure,12000,287000,3000,1600
Metal Gear Solid,1998-09-03, Konami Computer Entertainment Japan,4.2,1900,1900,Adventure,12000,287000,3000,1600
Metal Gear Solid,1998-09-03,Microsoft,4.2,1900,1900, Tactical,12000,287000,3000,1600
Metal Gear Solid,1998-09-03, Konami Computer Entertainment Japan,4.2,1900,1900, Tactical,12000,287000,3000,1600
Yakuza: Like a Dragon,2020-01-16,Sega,4.3,1600,1600,Adventure,6000,847000,4800,2800
Yakuza: Like a Dragon,2020-01-16, Ryū Ga Gotoku Studios,4.3,1600,1600,Adventure,6000,847000,4800,2800
Yakuza: Like a Dragon,2020-01-16,Sega,4.3,1600,1600, RPG,6000,847000,4800,2800
Yakuza: Like a Dragon,2020-01-16, Ryū Ga Gotoku Studios,4.3,1600,1600, RPG,6000,847000,4800,2800
Yakuza: Like a Dragon,2020-01-16,Sega,4.3,1600,1600, Turn Based Strategy,6000,847000,4800,2800
Yakuza: Like a Dragon,2020-01-16, Ryū Ga Gotoku Studios,4.3,1600,1600, Turn Based Strategy,6000,847000,4800,2800
Animal Crossing: New Horizons,2020-03-19,Nintendo EPD,3.6,1600,1600,Simulator,20000,1800,1300,1100
Animal Crossing: New Horizons,2020-03-19, Nintendo,3.6,1600,1600,Simulator,20000,1800,1300,1100
BioShock Infinite,2013-02-26,Irrational Games,3.5,1500,1500,Adventure,18000,197000,4100,949000
BioShock Infinite,2013-02-26, 2K Games,3.5,1500,1500,Adventure,18000,197000,4100,949000
BioShock Infinite,2013-02-26,Irrational Games,3.5,1500,1500, Shooter,18000,197000,4100,949000
BioShock Infinite,2013-02-26, 2K Games,3.5,1500,1500, Shooter,18000,197000,4100,949000
Splatoon 3,2022-09-09,Nintendo,4.1,840000,840000,Platform,3500,1000,633000,1100
Splatoon 3,2022-09-09,Nintendo,4.1,840000,840000, Shooter,3500,1000,633000,1100
Guilty Gear: Strive,2021-06-11,Bandai Namco Studios,3.9,810000,810000,Fighting,5500,714000,805000,1200
Guilty Gear: Strive,2021-06-11, Arc System Works,3.9,810000,810000,Fighting,5500,714000,805000,1200
Mirror's Edge,2008-11-11,Electronic Arts,3.5,788000,788000,Adventure,12000,117000,2100,813000
Mirror's Edge,2008-11-11, EA Digital Illusions CE,3.5,788000,788000,Adventure,12000,117000,2100,813000
Mirror's Edge,2008-11-11,Electronic Arts,3.5,788000,788000, Platform,12000,117000,2100,813000
Mirror's Edge,2008-11-11, EA Digital Illusions CE,3.5,788000,788000, Platform,12000,117000,2100,813000
Mirror's Edge,2008-11-11,Electronic Arts,3.5,788000,788000, Shooter,12000,117000,2100,813000
Mirror's Edge,2008-11-11, EA Digital Illusions CE,3.5,788000,788000, Shooter,12000,117000,2100,813000
Bayonetta 2,2014-09-20,PlatinumGames,4.1,1100,1100,Brawler,6000,154000,3300,2000
Bayonetta 2,2014-09-20, Nintendo,4.1,1100,1100,Brawler,6000,154000,3300,2000
Sonic Generations,2011-11-01,Sonic Team,3.8,1100,1100,Adventure,9900,133000,1700,480000
Sonic Generations,2011-11-01, Sega,3.8,1100,1100,Adventure,9900,133000,1700,480000
Sonic Generations,2011-11-01,Sonic Team,3.8,1100,1100, Platform,9900,133000,1700,480000
Sonic Generations,2011-11-01, Sega,3.8,1100,1100, Platform,9900,133000,1700,480000
Shin Megami Tensei: Nocturne,2003-02-20,Atlus,4.2,1100,1100,RPG,4100,358000,2500,1300
Shin Megami Tensei: Nocturne,2003-02-20, Ghostlight Ltd.,4.2,1100,1100,RPG,4100,358000,2500,1300
Death's Door,2021-07-20,Devolver Digital,3.8,738000,738000,Adventure,3300,292000,1700,1400
Death's Door,2021-07-20, Acid Nerve,3.8,738000,738000,Adventure,3300,292000,1700,1400
Death's Door,2021-07-20,Devolver Digital,3.8,738000,738000, Brawler,3300,292000,1700,1400
Death's Door,2021-07-20, Acid Nerve,3.8,738000,738000, Brawler,3300,292000,1700,1400
Death's Door,2021-07-20,Devolver Digital,3.8,738000,738000, Indie,3300,292000,1700,1400
Death's Door,2021-07-20, Acid Nerve,3.8,738000,738000, Indie,3300,292000,1700,1400
Death's Door,2021-07-20,Devolver Digital,3.8,738000,738000, RPG,3300,292000,1700,1400
Death's Door,2021-07-20, Acid Nerve,3.8,738000,738000, RPG,3300,292000,1700,1400
Devil May Cry 3: Dante's Awakening - Special Edition,2006-01-24,Capcom,4.4,852000,852000,Adventure,6500,176000,1400,481000
Devil May Cry 3: Dante's Awakening - Special Edition,2006-01-24, Capcom Production Studio 1,4.4,852000,852000,Adventure,6500,176000,1400,481000
Devil May Cry 3: Dante's Awakening - Special Edition,2006-01-24,Capcom,4.4,852000,852000, Brawler,6500,176000,1400,481000
Devil May Cry 3: Dante's Awakening - Special Edition,2006-01-24, Capcom Production Studio 1,4.4,852000,852000, Brawler,6500,176000,1400,481000
Devil May Cry 3: Dante's Awakening - Special Edition,2006-01-24,Capcom,4.4,852000,852000, Shooter,6500,176000,1400,481000
Devil May Cry 3: Dante's Awakening - Special Edition,2006-01-24, Capcom Production Studio 1,4.4,852000,852000, Shooter,6500,176000,1400,481000
Assassin's Creed IV Black Flag,2013-10-29,Ubisoft Montreal,3.7,1200,1200,Adventure,13000,211000,2200,716000
Assassin's Creed IV Black Flag,2013-10-29, Ubisoft Entertainment,3.7,1200,1200,Adventure,13000,211000,2200,716000
Assassin's Creed IV Black Flag,2013-10-29,Ubisoft Montreal,3.7,1200,1200, Platform,13000,211000,2200,716000
Assassin's Creed IV Black Flag,2013-10-29, Ubisoft Entertainment,3.7,1200,1200, Platform,13000,211000,2200,716000
The Legend of Zelda: Twilight Princess,2006-11-19,Nintendo,4.0,899000,899000,Adventure,10000,228000,2500,1300
The Legend of Zelda: Twilight Princess,2006-11-19, Nintendo EAD Software Development Group No.3,4.0,899000,899000,Adventure,10000,228000,2500,1300
The Legend of Zelda: Twilight Princess,2006-11-19,Nintendo,4.0,899000,899000, RPG,10000,228000,2500,1300
The Legend of Zelda: Twilight Princess,2006-11-19, Nintendo EAD Software Development Group No.3,4.0,899000,899000, RPG,10000,228000,2500,1300
Crisis Core: Final Fantasy VII - Reunion,2022-12-13,Square Enix,3.8,409000,409000,RPG,1300,284000,1000,1300
Metroid Prime,2002-11-17,Nintendo,4.3,1400,1400,Adventure,6800,221000,2700,1200
Metroid Prime,2002-11-17, Retro Studios,4.3,1400,1400,Adventure,6800,221000,2700,1200
Metroid Prime,2002-11-17,Nintendo,4.3,1400,1400, Platform,6800,221000,2700,1200
Metroid Prime,2002-11-17, Retro Studios,4.3,1400,1400, Platform,6800,221000,2700,1200
Metroid Prime,2002-11-17,Nintendo,4.3,1400,1400, Shooter,6800,221000,2700,1200
Metroid Prime,2002-11-17, Retro Studios,4.3,1400,1400, Shooter,6800,221000,2700,1200
Sonic the Hedgehog 2,1992-11-21,Sonic Team,3.7,1200,1200,Adventure,10000,56000,883000,228000
Sonic the Hedgehog 2,1992-11-21, Sega,3.7,1200,1200,Adventure,10000,56000,883000,228000
Sonic the Hedgehog 2,1992-11-21,Sonic Team,3.7,1200,1200, Platform,10000,56000,883000,228000
Sonic the Hedgehog 2,1992-11-21, Sega,3.7,1200,1200, Platform,10000,56000,883000,228000
Metal Gear Solid 4: Guns of the Patriots,2008-06-12,Kojima Productions,3.9,1200,1200,Adventure,7700,94000,2500,1300
Metal Gear Solid 4: Guns of the Patriots,2008-06-12, Konami,3.9,1200,1200,Adventure,7700,94000,2500,1300
Metal Gear Solid 4: Guns of the Patriots,2008-06-12,Kojima Productions,3.9,1200,1200, Shooter,7700,94000,2500,1300
Metal Gear Solid 4: Guns of the Patriots,2008-06-12, Konami,3.9,1200,1200, Shooter,7700,94000,2500,1300
Metal Gear Solid 4: Guns of the Patriots,2008-06-12,Kojima Productions,3.9,1200,1200, Tactical,7700,94000,2500,1300
Metal Gear Solid 4: Guns of the Patriots,2008-06-12, Konami,3.9,1200,1200, Tactical,7700,94000,2500,1300
Atomic Heart,2023-02-21,Mundfish,3.0,363000,363000,Adventure,983000,241000,676000,1100
Atomic Heart,2023-02-21, Focus Entertainment,3.0,363000,363000,Adventure,983000,241000,676000,1100
Atomic Heart,2023-02-21,Mundfish,3.0,363000,363000, RPG,983000,241000,676000,1100
Atomic Heart,2023-02-21, Focus Entertainment,3.0,363000,363000, RPG,983000,241000,676000,1100
Atomic Heart,2023-02-21,Mundfish,3.0,363000,363000, Shooter,983000,241000,676000,1100
Atomic Heart,2023-02-21, Focus Entertainment,3.0,363000,363000, Shooter,983000,241000,676000,1100
Minecraft,2017-09-20,Mojang Studios,4.2,571000,571000,Adventure,11000,509000,412000,85000
Minecraft,2017-09-20,Mojang Studios,4.2,571000,571000, Simulator,11000,509000,412000,85000
Resident Evil 5,2009-03-05,Capcom,3.1,1000,1000,Adventure,10000,176000,1600,561000
Resident Evil 5,2009-03-05,Capcom,3.1,1000,1000, Shooter,10000,176000,1600,561000
The World Ends with You,2007-07-26,Square Enix,4.2,1000,1000,Arcade,5200,256000,2800,1500
The World Ends with You,2007-07-26, Ubisoft Entertainment,4.2,1000,1000,Arcade,5200,256000,2800,1500
The World Ends with You,2007-07-26,Square Enix,4.2,1000,1000, RPG,5200,256000,2800,1500
The World Ends with You,2007-07-26, Ubisoft Entertainment,4.2,1000,1000, RPG,5200,256000,2800,1500
A Hat in Time,2017-10-05,Humble Bundle,4.0,898000,898000,Adventure,7200,320000,2700,1600
A Hat in Time,2017-10-05, Gears for Breakfast,4.0,898000,898000,Adventure,7200,320000,2700,1600
A Hat in Time,2017-10-05,Humble Bundle,4.0,898000,898000, Indie,7200,320000,2700,1600
A Hat in Time,2017-10-05, Gears for Breakfast,4.0,898000,898000, Indie,7200,320000,2700,1600
A Hat in Time,2017-10-05,Humble Bundle,4.0,898000,898000, Platform,7200,320000,2700,1600
A Hat in Time,2017-10-05, Gears for Breakfast,4.0,898000,898000, Platform,7200,320000,2700,1600
Scorn,2022-10-14,Ebb Software,3.0,348000,348000,Adventure,1400,100000,747000,934000
Scorn,2022-10-14, Kepler Interactive,3.0,348000,348000,Adventure,1400,100000,747000,934000
Scorn,2022-10-14,Ebb Software,3.0,348000,348000, Indie,1400,100000,747000,934000
Scorn,2022-10-14, Kepler Interactive,3.0,348000,348000, Indie,1400,100000,747000,934000
Scorn,2022-10-14,Ebb Software,3.0,348000,348000, Puzzle,1400,100000,747000,934000
Scorn,2022-10-14, Kepler Interactive,3.0,348000,348000, Puzzle,1400,100000,747000,934000
Fire Emblem: Awakening,2012-04-19,Intelligent Systems Co.,3.8,1200,1200,Adventure,9500,287000,2000,814000
Fire Emblem: Awakening,2012-04-19, Ltd.,3.8,1200,1200,Adventure,9500,287000,2000,814000
Fire Emblem: Awakening,2012-04-19, Nintendo,3.8,1200,1200,Adventure,9500,287000,2000,814000
Fire Emblem: Awakening,2012-04-19,Intelligent Systems Co.,3.8,1200,1200, RPG,9500,287000,2000,814000
Fire Emblem: Awakening,2012-04-19, Ltd.,3.8,1200,1200, RPG,9500,287000,2000,814000
Fire Emblem: Awakening,2012-04-19, Nintendo,3.8,1200,1200, RPG,9500,287000,2000,814000
Fire Emblem: Awakening,2012-04-19,Intelligent Systems Co.,3.8,1200,1200, Strategy,9500,287000,2000,814000
Fire Emblem: Awakening,2012-04-19, Ltd.,3.8,1200,1200, Strategy,9500,287000,2000,814000
Fire Emblem: Awakening,2012-04-19, Nintendo,3.8,1200,1200, Strategy,9500,287000,2000,814000
Cuphead: The Delicious Last Course,2022-06-30,Studio MDHR,4.3,398000,398000,Adventure,2200,154000,989000,951000
Cuphead: The Delicious Last Course,2022-06-30,Studio MDHR,4.3,398000,398000, Indie,2200,154000,989000,951000
Cuphead: The Delicious Last Course,2022-06-30,Studio MDHR,4.3,398000,398000, Platform,2200,154000,989000,951000
Ori and the Will of the Wisps,2020-03-10,Moon Studios,4.3,1200,1200,Adventure,6000,263000,3700,2200
Ori and the Will of the Wisps,2020-03-10, Xbox Game Studios,4.3,1200,1200,Adventure,6000,263000,3700,2200
Ori and the Will of the Wisps,2020-03-10,Moon Studios,4.3,1200,1200, Platform,6000,263000,3700,2200
Ori and the Will of the Wisps,2020-03-10, Xbox Game Studios,4.3,1200,1200, Platform,6000,263000,3700,2200
Mass Effect,2007-11-20,BioWare,3.8,1000,1000,RPG,10000,172000,2000,774000
Mass Effect,2007-11-20, Microsoft Game Studios,3.8,1000,1000,RPG,10000,172000,2000,774000
Mass Effect,2007-11-20,BioWare,3.8,1000,1000, Shooter,10000,172000,2000,774000
Mass Effect,2007-11-20, Microsoft Game Studios,3.8,1000,1000, Shooter,10000,172000,2000,774000
Return of the Obra Dinn,2018-10-18,3909,4.3,1000,1000,Adventure,4700,195000,2600,2400
Return of the Obra Dinn,2018-10-18, Lucas Pope,4.3,1000,1000,Adventure,4700,195000,2600,2400
Return of the Obra Dinn,2018-10-18,3909,4.3,1000,1000, Indie,4700,195000,2600,2400
Return of the Obra Dinn,2018-10-18, Lucas Pope,4.3,1000,1000, Indie,4700,195000,2600,2400
Return of the Obra Dinn,2018-10-18,3909,4.3,1000,1000, Puzzle,4700,195000,2600,2400
Return of the Obra Dinn,2018-10-18, Lucas Pope,4.3,1000,1000, Puzzle,4700,195000,2600,2400
Kingdom Hearts III,2019-01-25,Square Enix,3.5,1100,1100,Adventure,8100,206000,2600,1100
Kingdom Hearts III,2019-01-25, Disney Interactive Studios,3.5,1100,1100,Adventure,8100,206000,2600,1100
Kingdom Hearts III,2019-01-25,Square Enix,3.5,1100,1100, Brawler,8100,206000,2600,1100
Kingdom Hearts III,2019-01-25, Disney Interactive Studios,3.5,1100,1100, Brawler,8100,206000,2600,1100
Kingdom Hearts III,2019-01-25,Square Enix,3.5,1100,1100, RPG,8100,206000,2600,1100
Kingdom Hearts III,2019-01-25, Disney Interactive Studios,3.5,1100,1100, RPG,8100,206000,2600,1100
Fallout 3,2008-10-28,ZeniMax Media,3.4,894000,894000,RPG,12000,162000,2000,589000
Fallout 3,2008-10-28, Bethesda Game Studios,3.4,894000,894000,RPG,12000,162000,2000,589000
Fallout 3,2008-10-28,ZeniMax Media,3.4,894000,894000, Shooter,12000,162000,2000,589000
Fallout 3,2008-10-28, Bethesda Game Studios,3.4,894000,894000, Shooter,12000,162000,2000,589000
Uncharted: Drake's Fortune,2007-11-16,Naughty Dog,3.1,882000,882000,Adventure,12000,98000,1200,460000
Uncharted: Drake's Fortune,2007-11-16, Sony Computer Entertainment,3.1,882000,882000,Adventure,12000,98000,1200,460000
Uncharted: Drake's Fortune,2007-11-16, Inc. (SCEI),3.1,882000,882000,Adventure,12000,98000,1200,460000
Uncharted: Drake's Fortune,2007-11-16,Naughty Dog,3.1,882000,882000, Platform,12000,98000,1200,460000
Uncharted: Drake's Fortune,2007-11-16, Sony Computer Entertainment,3.1,882000,882000, Platform,12000,98000,1200,460000
Uncharted: Drake's Fortune,2007-11-16, Inc. (SCEI),3.1,882000,882000, Platform,12000,98000,1200,460000
Uncharted: Drake's Fortune,2007-11-16,Naughty Dog,3.1,882000,882000, Shooter,12000,98000,1200,460000
Uncharted: Drake's Fortune,2007-11-16, Sony Computer Entertainment,3.1,882000,882000, Shooter,12000,98000,1200,460000
Uncharted: Drake's Fortune,2007-11-16, Inc. (SCEI),3.1,882000,882000, Shooter,12000,98000,1200,460000
"Zero Escape: Nine Hours, Nine Persons, Nine Doors",2009-12-10,Chunsoft,4.2,949000,949000,Adventure,6100,162000,1800,991000
"Zero Escape: Nine Hours, Nine Persons, Nine Doors",2009-12-10, Spike,4.2,949000,949000,Adventure,6100,162000,1800,991000
"Zero Escape: Nine Hours, Nine Persons, Nine Doors",2009-12-10,Chunsoft,4.2,949000,949000, Point-and-Click,6100,162000,1800,991000
"Zero Escape: Nine Hours, Nine Persons, Nine Doors",2009-12-10, Spike,4.2,949000,949000, Point-and-Click,6100,162000,1800,991000
"Zero Escape: Nine Hours, Nine Persons, Nine Doors",2009-12-10,Chunsoft,4.2,949000,949000, Puzzle,6100,162000,1800,991000
"Zero Escape: Nine Hours, Nine Persons, Nine Doors",2009-12-10, Spike,4.2,949000,949000, Puzzle,6100,162000,1800,991000
"Zero Escape: Nine Hours, Nine Persons, Nine Doors",2009-12-10,Chunsoft,4.2,949000,949000, Visual Novel,6100,162000,1800,991000
"Zero Escape: Nine Hours, Nine Persons, Nine Doors",2009-12-10, Spike,4.2,949000,949000, Visual Novel,6100,162000,1800,991000
Lost Judgment,2021-09-24,Ryū Ga Gotoku Studios,4.3,790000,790000,Adventure,1700,192000,1700,1600
Lost Judgment,2021-09-24, Sega,4.3,790000,790000,Adventure,1700,192000,1700,1600
Lost Judgment,2021-09-24,Ryū Ga Gotoku Studios,4.3,790000,790000, Brawler,1700,192000,1700,1600
Lost Judgment,2021-09-24, Sega,4.3,790000,790000, Brawler,1700,192000,1700,1600
Lost Judgment,2021-09-24,Ryū Ga Gotoku Studios,4.3,790000,790000, RPG,1700,192000,1700,1600
Lost Judgment,2021-09-24, Sega,4.3,790000,790000, RPG,1700,192000,1700,1600
Super Mario 3D Land,2011-11-03,Nintendo EAD,3.5,1000,1000,Platform,12000,146000,1000,461000
Super Mario 3D Land,2011-11-03, Nintendo,3.5,1000,1000,Platform,12000,146000,1000,461000
Gris,2018-12-13,Nomada Studio,3.6,911000,911000,Adventure,6600,227000,2700,1500
Gris,2018-12-13, Devolver Digital,3.6,911000,911000,Adventure,6600,227000,2700,1500
Gris,2018-12-13,Nomada Studio,3.6,911000,911000, Indie,6600,227000,2700,1500
Gris,2018-12-13, Devolver Digital,3.6,911000,911000, Indie,6600,227000,2700,1500
Gris,2018-12-13,Nomada Studio,3.6,911000,911000, Platform,6600,227000,2700,1500
Gris,2018-12-13, Devolver Digital,3.6,911000,911000, Platform,6600,227000,2700,1500
Gris,2018-12-13,Nomada Studio,3.6,911000,911000, Puzzle,6600,227000,2700,1500
Gris,2018-12-13, Devolver Digital,3.6,911000,911000, Puzzle,6600,227000,2700,1500
Silent Hill 3,2003-05-23,Konami,4.2,1100,1100,Adventure,4900,156000,2000,1400
Silent Hill 3,2003-05-23, Team Silent,4.2,1100,1100,Adventure,4900,156000,2000,1400
Silent Hill 3,2003-05-23,Konami,4.2,1100,1100, Puzzle,4900,156000,2000,1400
Silent Hill 3,2003-05-23, Team Silent,4.2,1100,1100, Puzzle,4900,156000,2000,1400
Call of Duty: Modern Warfare 2,2009-11-10,Infinity Ward,3.8,1000,1000,Shooter,14000,34000,666000,276000
Call of Duty: Modern Warfare 2,2009-11-10, Activision,3.8,1000,1000,Shooter,14000,34000,666000,276000
The Walking Dead: Season One,2012-04-24,Telltale Games,4.0,1200,1200,Adventure,12000,111000,1100,467000
The Walking Dead: Season One,2012-04-24, Sony Computer Entertainment,4.0,1200,1200,Adventure,12000,111000,1100,467000
The Walking Dead: Season One,2012-04-24,Telltale Games,4.0,1200,1200, Point-and-Click,12000,111000,1100,467000
The Walking Dead: Season One,2012-04-24, Sony Computer Entertainment,4.0,1200,1200, Point-and-Click,12000,111000,1100,467000
Mario Kart DS,2005-11-14,Nintendo EAD Group No. 1,3.8,857000,857000,Racing,15000,36000,417000,159000
Apex Legends,2019-02-04,Respawn Entertainment,3.1,624000,624000,Shooter,12000,669000,463000,82000
Apex Legends,2019-02-04, Electronic Arts,3.1,624000,624000,Shooter,12000,669000,463000,82000
Devil May Cry 2,2003-01-25,Capcom,1.6,620000,620000,Adventure,6400,56000,1600,517000
Devil May Cry 2,2003-01-25, Capcom Production Studio 1,1.6,620000,620000,Adventure,6400,56000,1600,517000
Devil May Cry 2,2003-01-25,Capcom,1.6,620000,620000, Brawler,6400,56000,1600,517000
Devil May Cry 2,2003-01-25, Capcom Production Studio 1,1.6,620000,620000, Brawler,6400,56000,1600,517000
The Legend of Zelda: Ocarina of Time 3D,2011-06-16,Grezzo,4.2,1000,1000,Adventure,11000,314000,1900,572000
The Legend of Zelda: Ocarina of Time 3D,2011-06-16, Nintendo,4.2,1000,1000,Adventure,11000,314000,1900,572000
The Legend of Zelda: Ocarina of Time 3D,2011-06-16,Grezzo,4.2,1000,1000, Puzzle,11000,314000,1900,572000
The Legend of Zelda: Ocarina of Time 3D,2011-06-16, Nintendo,4.2,1000,1000, Puzzle,11000,314000,1900,572000
The Legend of Zelda: Ocarina of Time 3D,2011-06-16,Grezzo,4.2,1000,1000, RPG,11000,314000,1900,572000
The Legend of Zelda: Ocarina of Time 3D,2011-06-16, Nintendo,4.2,1000,1000, RPG,11000,314000,1900,572000
Twelve Minutes,2021-08-19,Annapurna Interactive,2.4,526000,526000,Adventure,4000,63000,738000,801000
Twelve Minutes,2021-08-19, Luis Antonio,2.4,526000,526000,Adventure,4000,63000,738000,801000
Twelve Minutes,2021-08-19,Annapurna Interactive,2.4,526000,526000, Indie,4000,63000,738000,801000
Twelve Minutes,2021-08-19, Luis Antonio,2.4,526000,526000, Indie,4000,63000,738000,801000
Twelve Minutes,2021-08-19,Annapurna Interactive,2.4,526000,526000, Point-and-Click,4000,63000,738000,801000
Twelve Minutes,2021-08-19, Luis Antonio,2.4,526000,526000, Point-and-Click,4000,63000,738000,801000
Twelve Minutes,2021-08-19,Annapurna Interactive,2.4,526000,526000, Puzzle,4000,63000,738000,801000
Twelve Minutes,2021-08-19, Luis Antonio,2.4,526000,526000, Puzzle,4000,63000,738000,801000
Demon's Souls,2009-02-05,FromSoftware,4.1,1200,1200,Adventure,5500,155000,1700,1200
Demon's Souls,2009-02-05, Atlus,4.1,1200,1200,Adventure,5500,155000,1700,1200
Demon's Souls,2009-02-05,FromSoftware,4.1,1200,1200, RPG,5500,155000,1700,1200
Demon's Souls,2009-02-05, Atlus,4.1,1200,1200, RPG,5500,155000,1700,1200
Persona 3 Portable,2009-11-01,Atlus,4.0,825000,825000,Adventure,5500,492000,1800,995000
Persona 3 Portable,2009-11-01, Atlus USA,4.0,825000,825000,Adventure,5500,492000,1800,995000
Persona 3 Portable,2009-11-01,Atlus,4.0,825000,825000, RPG,5500,492000,1800,995000
Persona 3 Portable,2009-11-01, Atlus USA,4.0,825000,825000, RPG,5500,492000,1800,995000
Persona 3 Portable,2009-11-01,Atlus,4.0,825000,825000, Strategy,5500,492000,1800,995000
Persona 3 Portable,2009-11-01, Atlus USA,4.0,825000,825000, Strategy,5500,492000,1800,995000
Persona 3 Portable,2009-11-01,Atlus,4.0,825000,825000, Visual Novel,5500,492000,1800,995000
Persona 3 Portable,2009-11-01, Atlus USA,4.0,825000,825000, Visual Novel,5500,492000,1800,995000
Rayman Legends,2013-08-30,Ubisoft Montpellier,4.0,921000,921000,Adventure,9800,177000,2300,643000
Rayman Legends,2013-08-30, Ubisoft Entertainment,4.0,921000,921000,Adventure,9800,177000,2300,643000
Rayman Legends,2013-08-30,Ubisoft Montpellier,4.0,921000,921000, Platform,9800,177000,2300,643000
Rayman Legends,2013-08-30, Ubisoft Entertainment,4.0,921000,921000, Platform,9800,177000,2300,643000
Uncharted 2: Among Thieves,2009-10-13,Naughty Dog,3.9,1400,1400,Adventure,12000,96000,1500,515000
Uncharted 2: Among Thieves,2009-10-13, Sony Computer Entertainment,3.9,1400,1400,Adventure,12000,96000,1500,515000
Uncharted 2: Among Thieves,2009-10-13,Naughty Dog,3.9,1400,1400, Platform,12000,96000,1500,515000
Uncharted 2: Among Thieves,2009-10-13, Sony Computer Entertainment,3.9,1400,1400, Platform,12000,96000,1500,515000
Uncharted 2: Among Thieves,2009-10-13,Naughty Dog,3.9,1400,1400, Shooter,12000,96000,1500,515000
Uncharted 2: Among Thieves,2009-10-13, Sony Computer Entertainment,3.9,1400,1400, Shooter,12000,96000,1500,515000
Monster Hunter: World,2018-01-26,Capcom,3.8,856000,856000,Adventure,10000,474000,2300,861000
Monster Hunter: World,2018-01-26,Capcom,3.8,856000,856000, RPG,10000,474000,2300,861000
Milk inside a bag of milk inside a bag of milk,2020-08-26,Nikita Kryukov,3.3,503000,503000,Adventure,3200,26000,899000,692000
Milk inside a bag of milk inside a bag of milk,2020-08-26, Nikita Kaf Publishing,3.3,503000,503000,Adventure,3200,26000,899000,692000
Milk inside a bag of milk inside a bag of milk,2020-08-26,Nikita Kryukov,3.3,503000,503000, Indie,3200,26000,899000,692000
Milk inside a bag of milk inside a bag of milk,2020-08-26, Nikita Kaf Publishing,3.3,503000,503000, Indie,3200,26000,899000,692000
Milk inside a bag of milk inside a bag of milk,2020-08-26,Nikita Kryukov,3.3,503000,503000, Visual Novel,3200,26000,899000,692000
Milk inside a bag of milk inside a bag of milk,2020-08-26, Nikita Kaf Publishing,3.3,503000,503000, Visual Novel,3200,26000,899000,692000
The Legend of Zelda: A Link Between Worlds,2013-11-22,Nintendo,4.1,1300,1300,Adventure,10000,168000,2400,1100
The Legend of Zelda: A Link Between Worlds,2013-11-22, Nintendo EAD Software Development Group No.3,4.1,1300,1300,Adventure,10000,168000,2400,1100
The Legend of Zelda: A Link Between Worlds,2013-11-22,Nintendo,4.1,1300,1300, Puzzle,10000,168000,2400,1100
The Legend of Zelda: A Link Between Worlds,2013-11-22, Nintendo EAD Software Development Group No.3,4.1,1300,1300, Puzzle,10000,168000,2400,1100
The Legend of Zelda: A Link Between Worlds,2013-11-22,Nintendo,4.1,1300,1300, RPG,10000,168000,2400,1100
The Legend of Zelda: A Link Between Worlds,2013-11-22, Nintendo EAD Software Development Group No.3,4.1,1300,1300, RPG,10000,168000,2400,1100
Final Fantasy XIV: Endwalker,2021-12-07,Square Enix,4.6,426000,426000,Adventure,2500,454000,683000,391000
Final Fantasy XIV: Endwalker,2021-12-07,Square Enix,4.6,426000,426000, RPG,2500,454000,683000,391000
The Legend of Zelda: The Minish Cap,2004-11-04,Nintendo,3.9,1100,1100,Adventure,8700,280000,2500,911000
The Legend of Zelda: The Minish Cap,2004-11-04, Capcom Production Studio 1,3.9,1100,1100,Adventure,8700,280000,2500,911000
The Legend of Zelda: The Minish Cap,2004-11-04,Nintendo,3.9,1100,1100, RPG,8700,280000,2500,911000
The Legend of Zelda: The Minish Cap,2004-11-04, Capcom Production Studio 1,3.9,1100,1100, RPG,8700,280000,2500,911000
Pokémon Go,2016-07-06,The Pokémon Company,2.7,400000,400000,RPG,14000,575000,197000,22000
Pokémon Go,2016-07-06, Niantic Labs,2.7,400000,400000,RPG,14000,575000,197000,22000
Pokémon Go,2016-07-06,The Pokémon Company,2.7,400000,400000, Simulator,14000,575000,197000,22000
Pokémon Go,2016-07-06, Niantic Labs,2.7,400000,400000, Simulator,14000,575000,197000,22000
Night in the Woods,2017-02-21,Finji,4.0,1100,1100,Adventure,6000,304000,3200,1500
Night in the Woods,2017-02-21, Infinite Fall,4.0,1100,1100,Adventure,6000,304000,3200,1500
Night in the Woods,2017-02-21,Finji,4.0,1100,1100, Indie,6000,304000,3200,1500
Night in the Woods,2017-02-21, Infinite Fall,4.0,1100,1100, Indie,6000,304000,3200,1500
Night in the Woods,2017-02-21,Finji,4.0,1100,1100, Platform,6000,304000,3200,1500
Night in the Woods,2017-02-21, Infinite Fall,4.0,1100,1100, Platform,6000,304000,3200,1500
Shin Megami Tensei IV,2013-05-23,Atlus,4.1,949000,949000,RPG,4300,397000,2500,1100
Shin Megami Tensei IV,2013-05-23, Nintendo,4.1,949000,949000,RPG,4300,397000,2500,1100
Kingdom Hearts II,2005-12-22,Buena Vista Games,4.3,1200,1200,Adventure,9600,137000,1600,652000
Kingdom Hearts II,2005-12-22, Square Enix,4.3,1200,1200,Adventure,9600,137000,1600,652000
Kingdom Hearts II,2005-12-22,Buena Vista Games,4.3,1200,1200, RPG,9600,137000,1600,652000
Kingdom Hearts II,2005-12-22, Square Enix,4.3,1200,1200, RPG,9600,137000,1600,652000
Castlevania: Aria of Sorrow,2003-05-06,Konami Computer Entertainment Tokyo,4.2,1000,1000,Adventure,5100,114000,1700,871000
Castlevania: Aria of Sorrow,2003-05-06, Konami,4.2,1000,1000,Adventure,5100,114000,1700,871000
Castlevania: Aria of Sorrow,2003-05-06,Konami Computer Entertainment Tokyo,4.2,1000,1000, Platform,5100,114000,1700,871000
Castlevania: Aria of Sorrow,2003-05-06, Konami,4.2,1000,1000, Platform,5100,114000,1700,871000
Castlevania: Aria of Sorrow,2003-05-06,Konami Computer Entertainment Tokyo,4.2,1000,1000, RPG,5100,114000,1700,871000
Castlevania: Aria of Sorrow,2003-05-06, Konami,4.2,1000,1000, RPG,5100,114000,1700,871000
Halo: Reach,2010-09-14,Bungie,4.0,1200,1200,Shooter,11000,98000,1200,370000
Halo: Reach,2010-09-14, Microsoft Game Studios,4.0,1200,1200,Shooter,11000,98000,1200,370000
Grand Theft Auto: Vice City,2002-10-27,Rockstar Games,3.8,1000,1000,Adventure,12000,125000,1600,526000
Grand Theft Auto: Vice City,2002-10-27, Rockstar North,3.8,1000,1000,Adventure,12000,125000,1600,526000
Grand Theft Auto: Vice City,2002-10-27,Rockstar Games,3.8,1000,1000, Arcade,12000,125000,1600,526000
Grand Theft Auto: Vice City,2002-10-27, Rockstar North,3.8,1000,1000, Arcade,12000,125000,1600,526000
Grand Theft Auto: Vice City,2002-10-27,Rockstar Games,3.8,1000,1000, Racing,12000,125000,1600,526000
Grand Theft Auto: Vice City,2002-10-27, Rockstar North,3.8,1000,1000, Racing,12000,125000,1600,526000
Grand Theft Auto: Vice City,2002-10-27,Rockstar Games,3.8,1000,1000, Shooter,12000,125000,1600,526000
Grand Theft Auto: Vice City,2002-10-27, Rockstar North,3.8,1000,1000, Shooter,12000,125000,1600,526000
A Short Hike,2019-07-30,adamgryu,4.1,1100,1100,Adventure,5400,91000,1900,1000
A Short Hike,2019-07-30, Whippoorwill,4.1,1100,1100,Adventure,5400,91000,1900,1000
A Short Hike,2019-07-30,adamgryu,4.1,1100,1100, Indie,5400,91000,1900,1000
A Short Hike,2019-07-30, Whippoorwill,4.1,1100,1100, Indie,5400,91000,1900,1000
A Short Hike,2019-07-30,adamgryu,4.1,1100,1100, Platform,5400,91000,1900,1000
A Short Hike,2019-07-30, Whippoorwill,4.1,1100,1100, Platform,5400,91000,1900,1000
The Legend of Zelda: Tears of the Kingdom,2023-05-12,Nintendo,3.7200267022696933,581000,581000,Adventure,72000,6000,1600,5400
The Legend of Zelda: Tears of the Kingdom,2023-05-12, Nintendo EPD Production Group No. 3,3.7200267022696933,581000,581000,Adventure,72000,6000,1600,5400
The Legend of Zelda: Tears of the Kingdom,2023-05-12,Nintendo,3.7200267022696933,581000,581000, RPG,72000,6000,1600,5400
The Legend of Zelda: Tears of the Kingdom,2023-05-12, Nintendo EPD Production Group No. 3,3.7200267022696933,581000,581000, RPG,72000,6000,1600,5400
Assassin's Creed III,2012-10-30,Ubisoft Entertainment,3.0,707000,707000,Adventure,12000,72000,1200,390000
Assassin's Creed III,2012-10-30, Ubisoft Montreal,3.0,707000,707000,Adventure,12000,72000,1200,390000
Assassin's Creed III,2012-10-30,Ubisoft Entertainment,3.0,707000,707000, Strategy,12000,72000,1200,390000
Assassin's Creed III,2012-10-30, Ubisoft Montreal,3.0,707000,707000, Strategy,12000,72000,1200,390000
Castlevania,1986-09-26,Nintendo,3.4,845000,845000,Adventure,5700,58000,869000,365000
Castlevania,1986-09-26, Konami,3.4,845000,845000,Adventure,5700,58000,869000,365000
Castlevania,1986-09-26,Nintendo,3.4,845000,845000, Platform,5700,58000,869000,365000
Castlevania,1986-09-26, Konami,3.4,845000,845000, Platform,5700,58000,869000,365000
Milk outside a bag of milk outside a bag of milk,2021-12-16,Nikita Kryukov,3.7,344000,344000,Adventure,1500,55000,828000,651000
Milk outside a bag of milk outside a bag of milk,2021-12-16,Nikita Kryukov,3.7,344000,344000, Indie,1500,55000,828000,651000
Milk outside a bag of milk outside a bag of milk,2021-12-16,Nikita Kryukov,3.7,344000,344000, Visual Novel,1500,55000,828000,651000
Lisa,2014-12-15,Dingaling,4.3,761000,761000,Adventure,2900,143000,2100,1300
Lisa,2014-12-15,Dingaling,4.3,761000,761000, Indie,2900,143000,2100,1300
Lisa,2014-12-15,Dingaling,4.3,761000,761000, RPG,2900,143000,2100,1300
Crash Bandicoot,1996-09-09,Sony Computer Entertainment,3.5,660000,660000,Platform,8700,58000,702000,288000
Crash Bandicoot,1996-09-09, Naughty Dog,3.5,660000,660000,Platform,8700,58000,702000,288000
The Legend of Zelda: The Wind Waker HD,2013-09-26,Nintendo,4.3,887000,887000,Adventure,6700,183000,1700,910000
The Legend of Zelda: The Wind Waker HD,2013-09-26, Nintendo EAD Software Development Group No.3,4.3,887000,887000,Adventure,6700,183000,1700,910000
The Legend of Zelda: The Wind Waker HD,2013-09-26,Nintendo,4.3,887000,887000, Puzzle,6700,183000,1700,910000
The Legend of Zelda: The Wind Waker HD,2013-09-26, Nintendo EAD Software Development Group No.3,4.3,887000,887000, Puzzle,6700,183000,1700,910000
The Outer Worlds,2019-10-25,Obsidian Entertainment,3.2,582000,582000,Adventure,6600,256000,2400,1300
The Outer Worlds,2019-10-25, Private Division,3.2,582000,582000,Adventure,6600,256000,2400,1300
The Outer Worlds,2019-10-25,Obsidian Entertainment,3.2,582000,582000, RPG,6600,256000,2400,1300
The Outer Worlds,2019-10-25, Private Division,3.2,582000,582000, RPG,6600,256000,2400,1300
The Outer Worlds,2019-10-25,Obsidian Entertainment,3.2,582000,582000, Shooter,6600,256000,2400,1300
The Outer Worlds,2019-10-25, Private Division,3.2,582000,582000, Shooter,6600,256000,2400,1300
The Legend of Zelda: Majora's Mask 3D,2015-02-12,Nintendo,4.1,797000,797000,Adventure,6700,191000,2200,813000
The Legend of Zelda: Majora's Mask 3D,2015-02-12, Nintendo EAD Tokyo,4.1,797000,797000,Adventure,6700,191000,2200,813000
The Legend of Zelda: Majora's Mask 3D,2015-02-12,Nintendo,4.1,797000,797000, RPG,6700,191000,2200,813000
The Legend of Zelda: Majora's Mask 3D,2015-02-12, Nintendo EAD Tokyo,4.1,797000,797000, RPG,6700,191000,2200,813000
The Callisto Protocol,2022-12-02,Krafton,2.9,266000,266000,Adventure,737000,62000,511000,1000
The Callisto Protocol,2022-12-02, Striking Distance Studios,2.9,266000,266000,Adventure,737000,62000,511000,1000
The Callisto Protocol,2022-12-02,Krafton,2.9,266000,266000, Shooter,737000,62000,511000,1000
The Callisto Protocol,2022-12-02, Striking Distance Studios,2.9,266000,266000, Shooter,737000,62000,511000,1000
The Wolf Among Us,2013-10-11,Telltale Games,3.9,837000,837000,Adventure,8100,81000,1500,678000
The Wolf Among Us,2013-10-11,Telltale Games,3.9,837000,837000, Point-and-Click,8100,81000,1500,678000
Dead Space 2,2011-01-25,Electronic Arts,4.0,775000,775000,Adventure,6000,97000,1900,716000
Dead Space 2,2011-01-25, Visceral Games,4.0,775000,775000,Adventure,6000,97000,1900,716000
Dead Space 2,2011-01-25,Electronic Arts,4.0,775000,775000, Shooter,6000,97000,1900,716000
Dead Space 2,2011-01-25, Visceral Games,4.0,775000,775000, Shooter,6000,97000,1900,716000
Super Mario Bros. 2,1988-10-09,Nintendo,3.1,864000,864000,Adventure,8400,40000,767000,189000
Super Mario Bros. 2,1988-10-09, Nintendo EAD,3.1,864000,864000,Adventure,8400,40000,767000,189000
Super Mario Bros. 2,1988-10-09,Nintendo,3.1,864000,864000, Platform,8400,40000,767000,189000
Super Mario Bros. 2,1988-10-09, Nintendo EAD,3.1,864000,864000, Platform,8400,40000,767000,189000
Until Dawn,2015-08-25,Supermassive Games,3.4,812000,812000,Adventure,8000,85000,1200,585000
Until Dawn,2015-08-25, Sony Computer Entertainment,3.4,812000,812000,Adventure,8000,85000,1200,585000
Kid Icarus: Uprising,2012-03-22,Nintendo,4.1,860000,860000,Brawler,5400,140000,1700,924000
Kid Icarus: Uprising,2012-03-22, Project Sora,4.1,860000,860000,Brawler,5400,140000,1700,924000
Kid Icarus: Uprising,2012-03-22,Nintendo,4.1,860000,860000, Shooter,5400,140000,1700,924000
Kid Icarus: Uprising,2012-03-22, Project Sora,4.1,860000,860000, Shooter,5400,140000,1700,924000
Chained Echoes,2022-12-08,Deck13 Spotlight,4.2,191000,191000,Adventure,445000,228000,584000,598000
Chained Echoes,2022-12-08, Ark Heiral,4.2,191000,191000,Adventure,445000,228000,584000,598000
Chained Echoes,2022-12-08,Deck13 Spotlight,4.2,191000,191000, Indie,445000,228000,584000,598000
Chained Echoes,2022-12-08, Ark Heiral,4.2,191000,191000, Indie,445000,228000,584000,598000
Chained Echoes,2022-12-08,Deck13 Spotlight,4.2,191000,191000, RPG,445000,228000,584000,598000
Chained Echoes,2022-12-08, Ark Heiral,4.2,191000,191000, RPG,445000,228000,584000,598000
Chained Echoes,2022-12-08,Deck13 Spotlight,4.2,191000,191000, Strategy,445000,228000,584000,598000
Chained Echoes,2022-12-08, Ark Heiral,4.2,191000,191000, Strategy,445000,228000,584000,598000
Chained Echoes,2022-12-08,Deck13 Spotlight,4.2,191000,191000, Turn Based Strategy,445000,228000,584000,598000
Chained Echoes,2022-12-08, Ark Heiral,4.2,191000,191000, Turn Based Strategy,445000,228000,584000,598000
BioShock Remastered,2016-09-14,2K Games,4.0,509000,509000,Adventure,4800,252000,2200,341000
BioShock Remastered,2016-09-14, 2K Australia,4.0,509000,509000,Adventure,4800,252000,2200,341000
BioShock Remastered,2016-09-14,2K Games,4.0,509000,509000, RPG,4800,252000,2200,341000
BioShock Remastered,2016-09-14, 2K Australia,4.0,509000,509000, RPG,4800,252000,2200,341000
BioShock Remastered,2016-09-14,2K Games,4.0,509000,509000, Shooter,4800,252000,2200,341000
BioShock Remastered,2016-09-14, 2K Australia,4.0,509000,509000, Shooter,4800,252000,2200,341000
Sonic Unleashed,2008-11-20,Sega,3.3,728000,728000,Adventure,6500,118000,995000,476000
Sonic Unleashed,2008-11-20, Sonic Team,3.3,728000,728000,Adventure,6500,118000,995000,476000
Sonic Unleashed,2008-11-20,Sega,3.3,728000,728000, Brawler,6500,118000,995000,476000
Sonic Unleashed,2008-11-20, Sonic Team,3.3,728000,728000, Brawler,6500,118000,995000,476000
Sonic Unleashed,2008-11-20,Sega,3.3,728000,728000, Platform,6500,118000,995000,476000
Sonic Unleashed,2008-11-20, Sonic Team,3.3,728000,728000, Platform,6500,118000,995000,476000
Yakuza 5 Remastered,2019-06-20,Ryū Ga Gotoku Studios,4.1,665000,665000,Adventure,2900,223000,2400,852000
Yakuza 5 Remastered,2019-06-20, Sega,4.1,665000,665000,Adventure,2900,223000,2400,852000
Metal Gear Solid 3: Subsistence,2005-12-22,Konami Computer Entertainment Japan,4.6,641000,641000,Adventure,3700,50000,949000,639000
Metal Gear Solid 3: Subsistence,2005-12-22, Konami,4.6,641000,641000,Adventure,3700,50000,949000,639000
Metal Gear Solid 3: Subsistence,2005-12-22,Konami Computer Entertainment Japan,4.6,641000,641000, Shooter,3700,50000,949000,639000
Metal Gear Solid 3: Subsistence,2005-12-22, Konami,4.6,641000,641000, Shooter,3700,50000,949000,639000
Metal Gear Solid 3: Subsistence,2005-12-22,Konami Computer Entertainment Japan,4.6,641000,641000, Tactical,3700,50000,949000,639000
Metal Gear Solid 3: Subsistence,2005-12-22, Konami,4.6,641000,641000, Tactical,3700,50000,949000,639000
Super Mario World 2: Yoshi's Island,1995-08-05,Nintendo EAD,4.1,1100,1100,Platform,7100,141000,1500,360000
Super Mario World 2: Yoshi's Island,1995-08-05, Nintendo,4.1,1100,1100,Platform,7100,141000,1500,360000
Devil May Cry 4,2008-01-31,Capcom,3.6,511000,511000,Adventure,6500,84000,1700,681000
Devil May Cry 4,2008-01-31, Capcom Production Studio 1,3.6,511000,511000,Adventure,6500,84000,1700,681000
Devil May Cry 4,2008-01-31,Capcom,3.6,511000,511000, Brawler,6500,84000,1700,681000
Devil May Cry 4,2008-01-31, Capcom Production Studio 1,3.6,511000,511000, Brawler,6500,84000,1700,681000
Donut County,2018-08-28,Annapurna Interactive,3.4,695000,695000,Adventure,5600,35000,696000,496000
Donut County,2018-08-28, Ben Esposito,3.4,695000,695000,Adventure,5600,35000,696000,496000
Donut County,2018-08-28,Annapurna Interactive,3.4,695000,695000, Indie,5600,35000,696000,496000
Donut County,2018-08-28, Ben Esposito,3.4,695000,695000, Indie,5600,35000,696000,496000
Donut County,2018-08-28,Annapurna Interactive,3.4,695000,695000, Puzzle,5600,35000,696000,496000
Donut County,2018-08-28, Ben Esposito,3.4,695000,695000, Puzzle,5600,35000,696000,496000
Assassin's Creed Origins,2017-10-26,Ubisoft Montreal,3.4,788000,788000,Adventure,7200,302000,2000,681000
Assassin's Creed Origins,2017-10-26, Ubisoft Entertainment,3.4,788000,788000,Adventure,7200,302000,2000,681000
Assassin's Creed Origins,2017-10-26,Ubisoft Montreal,3.4,788000,788000, RPG,7200,302000,2000,681000
Assassin's Creed Origins,2017-10-26, Ubisoft Entertainment,3.4,788000,788000, RPG,7200,302000,2000,681000
Ghostwire: Tokyo,2022-03-24,Bethesda Softworks,3.1,387000,387000,Adventure,1200,141000,1100,1200
Ghostwire: Tokyo,2022-03-24, Tango Gameworks,3.1,387000,387000,Adventure,1200,141000,1100,1200
Yakuza 4 Remastered,2019-01-17,SEGA of Japan,3.7,655000,655000,Adventure,3500,137000,2100,815000
Yakuza 4 Remastered,2019-01-17, Ryū Ga Gotoku Studios,3.7,655000,655000,Adventure,3500,137000,2100,815000
Yakuza 4 Remastered,2019-01-17,SEGA of Japan,3.7,655000,655000, Brawler,3500,137000,2100,815000
Yakuza 4 Remastered,2019-01-17, Ryū Ga Gotoku Studios,3.7,655000,655000, Brawler,3500,137000,2100,815000
Call of Duty: Modern Warfare II,2022-10-28,Infinity Ward,3.3,347000,347000,Shooter,1600,268000,241000,381000
Call of Duty: Modern Warfare II,2022-10-28, Activision,3.3,347000,347000,Shooter,1600,268000,241000,381000
Crash Bandicoot 4: It's About Time,2020-10-02,Toys for Bob,3.8,699000,699000,Platform,3200,293000,1700,1300
Crash Bandicoot 4: It's About Time,2020-10-02, Activision,3.8,699000,699000,Platform,3200,293000,1700,1300
Grand Theft Auto III,2001-10-22,DMA Design,3.3,711000,711000,Adventure,7800,88000,1300,373000
Grand Theft Auto III,2001-10-22, Rockstar Games,3.3,711000,711000,Adventure,7800,88000,1300,373000
Grand Theft Auto III,2001-10-22,DMA Design,3.3,711000,711000, Racing,7800,88000,1300,373000
Grand Theft Auto III,2001-10-22, Rockstar Games,3.3,711000,711000, Racing,7800,88000,1300,373000
Grand Theft Auto III,2001-10-22,DMA Design,3.3,711000,711000, Shooter,7800,88000,1300,373000
Grand Theft Auto III,2001-10-22, Rockstar Games,3.3,711000,711000, Shooter,7800,88000,1300,373000
Grand Theft Auto III,2001-10-22,DMA Design,3.3,711000,711000, Simulator,7800,88000,1300,373000
Grand Theft Auto III,2001-10-22, Rockstar Games,3.3,711000,711000, Simulator,7800,88000,1300,373000
Dead by Daylight,2016-06-14,Starbreeze publishing AB,3.0,451000,451000,Indie,7100,520000,726000,196000
Dead by Daylight,2016-06-14, Behaviour Interactive,3.0,451000,451000,Indie,7100,520000,726000,196000
Dead by Daylight,2016-06-14,Starbreeze publishing AB,3.0,451000,451000, Strategy,7100,520000,726000,196000
Dead by Daylight,2016-06-14, Behaviour Interactive,3.0,451000,451000, Strategy,7100,520000,726000,196000
Abzu,2016-08-02,505 Games,3.4,714000,714000,Adventure,5400,59000,2100,548000
Abzu,2016-08-02, Giant Squid,3.4,714000,714000,Adventure,5400,59000,2100,548000
Abzu,2016-08-02,505 Games,3.4,714000,714000, Indie,5400,59000,2100,548000
Abzu,2016-08-02, Giant Squid,3.4,714000,714000, Indie,5400,59000,2100,548000
Abzu,2016-08-02,505 Games,3.4,714000,714000, Puzzle,5400,59000,2100,548000
Abzu,2016-08-02, Giant Squid,3.4,714000,714000, Puzzle,5400,59000,2100,548000
Abzu,2016-08-02,505 Games,3.4,714000,714000, Simulator,5400,59000,2100,548000
Abzu,2016-08-02, Giant Squid,3.4,714000,714000, Simulator,5400,59000,2100,548000
Batman: Arkham Origins,2013-10-16,WB Games,3.4,642000,642000,Adventure,7800,125000,1700,632000
Batman: Arkham Origins,2013-10-16, WB Games Montréal,3.4,642000,642000,Adventure,7800,125000,1700,632000
Batman: Arkham Origins,2013-10-16,WB Games,3.4,642000,642000, Brawler,7800,125000,1700,632000
Batman: Arkham Origins,2013-10-16, WB Games Montréal,3.4,642000,642000, Brawler,7800,125000,1700,632000
Splatoon 2,2017-07-21,Nintendo,3.8,736000,736000,Platform,8900,215000,697000,419000
Splatoon 2,2017-07-21, Nintendo EPD,3.8,736000,736000,Platform,8900,215000,697000,419000
Splatoon 2,2017-07-21,Nintendo,3.8,736000,736000, Shooter,8900,215000,697000,419000
Splatoon 2,2017-07-21, Nintendo EPD,3.8,736000,736000, Shooter,8900,215000,697000,419000
Pokémon HeartGold,2009-09-12,The Pokémon Company,4.2,892000,892000,Adventure,9500,128000,749000,331000
Pokémon HeartGold,2009-09-12, Game Freak,4.2,892000,892000,Adventure,9500,128000,749000,331000
Pokémon HeartGold,2009-09-12,The Pokémon Company,4.2,892000,892000, RPG,9500,128000,749000,331000
Pokémon HeartGold,2009-09-12, Game Freak,4.2,892000,892000, RPG,9500,128000,749000,331000
Pokémon HeartGold,2009-09-12,The Pokémon Company,4.2,892000,892000, Turn Based Strategy,9500,128000,749000,331000
Pokémon HeartGold,2009-09-12, Game Freak,4.2,892000,892000, Turn Based Strategy,9500,128000,749000,331000
Kena: Bridge of Spirits,2021-09-20,Ember Lab,3.6,491000,491000,Adventure,2000,204000,1400,1700
Kena: Bridge of Spirits,2021-09-20,Ember Lab,3.6,491000,491000, Indie,2000,204000,1400,1700
Final Fantasy VIII,1999-02-11,Square,3.6,982000,982000,Adventure,5100,182000,2400,715000
Final Fantasy VIII,1999-02-11, Square Enix,3.6,982000,982000,Adventure,5100,182000,2400,715000
Final Fantasy VIII,1999-02-11,Square,3.6,982000,982000, RPG,5100,182000,2400,715000
Final Fantasy VIII,1999-02-11, Square Enix,3.6,982000,982000, RPG,5100,182000,2400,715000
The Elder Scrolls IV: Oblivion,2006-03-20,Bethesda Game Studios,3.7,725000,725000,Adventure,8100,183000,1900,563000
The Elder Scrolls IV: Oblivion,2006-03-20, 2K Games,3.7,725000,725000,Adventure,8100,183000,1900,563000
The Elder Scrolls IV: Oblivion,2006-03-20,Bethesda Game Studios,3.7,725000,725000, RPG,8100,183000,1900,563000
The Elder Scrolls IV: Oblivion,2006-03-20, 2K Games,3.7,725000,725000, RPG,8100,183000,1900,563000
The Silver Case,2016-10-07,NIS America,4.2,641000,641000,Adventure,1400,162000,1200,714000
The Silver Case,2016-10-07, Grasshopper Manufacture,4.2,641000,641000,Adventure,1400,162000,1200,714000
The Silver Case,2016-10-07,NIS America,4.2,641000,641000, Puzzle,1400,162000,1200,714000
The Silver Case,2016-10-07, Grasshopper Manufacture,4.2,641000,641000, Puzzle,1400,162000,1200,714000
The Silver Case,2016-10-07,NIS America,4.2,641000,641000, Visual Novel,1400,162000,1200,714000
The Silver Case,2016-10-07, Grasshopper Manufacture,4.2,641000,641000, Visual Novel,1400,162000,1200,714000
Marvel's Spider-Man Remastered,2020-11-12,Insomniac Games,4.2,335000,335000,Adventure,2800,206000,574000,472000
Marvel's Spider-Man Remastered,2020-11-12, Sony Interactive Entertainment,4.2,335000,335000,Adventure,2800,206000,574000,472000
Marvel's Spider-Man Remastered,2020-11-12,Insomniac Games,4.2,335000,335000, Brawler,2800,206000,574000,472000
Marvel's Spider-Man Remastered,2020-11-12, Sony Interactive Entertainment,4.2,335000,335000, Brawler,2800,206000,574000,472000
Alan Wake,2010-05-14,Microsoft Game Studios,3.6,702000,702000,Adventure,6200,96000,2000,741000
Alan Wake,2010-05-14, Remedy Entertainment,3.6,702000,702000,Adventure,6200,96000,2000,741000
Alan Wake,2010-05-14,Microsoft Game Studios,3.6,702000,702000, Shooter,6200,96000,2000,741000
Alan Wake,2010-05-14, Remedy Entertainment,3.6,702000,702000, Shooter,6200,96000,2000,741000
A Way Out,2018-03-23,Electronic Arts,3.6,620000,620000,Adventure,6400,127000,945000,668000
A Way Out,2018-03-23, Hazelight Studios,3.6,620000,620000,Adventure,6400,127000,945000,668000
LEGO Batman: The Video Game,2008-04-18,WB Games,3.6,643000,643000,Adventure,8800,82000,920000,152000
LEGO Batman: The Video Game,2008-04-18," ""Travellers Tales""",3.6,643000,643000,Adventure,8800,82000,920000,152000
LEGO Batman: The Video Game,2008-04-18,WB Games,3.6,643000,643000, Brawler,8800,82000,920000,152000
LEGO Batman: The Video Game,2008-04-18," ""Travellers Tales""",3.6,643000,643000, Brawler,8800,82000,920000,152000
LEGO Batman: The Video Game,2008-04-18,WB Games,3.6,643000,643000, Platform,8800,82000,920000,152000
LEGO Batman: The Video Game,2008-04-18," ""Travellers Tales""",3.6,643000,643000, Platform,8800,82000,920000,152000
Borderlands 3,2019-09-13,2K Games,3.2,530000,530000,RPG,5700,356000,2200,681000
Borderlands 3,2019-09-13, Gearbox Software,3.2,530000,530000,RPG,5700,356000,2200,681000
Borderlands 3,2019-09-13,2K Games,3.2,530000,530000, Shooter,5700,356000,2200,681000
Borderlands 3,2019-09-13, Gearbox Software,3.2,530000,530000, Shooter,5700,356000,2200,681000
Dragon Ball FighterZ,2018-01-26,Arc System Works,3.7,603000,603000,Fighting,7800,258000,715000,325000
Dragon Ball FighterZ,2018-01-26, Bandai Namco Entertainment,3.7,603000,603000,Fighting,7800,258000,715000,325000
Ico,2001-09-24,Team Ico,4.0,671000,671000,Adventure,3500,83000,1800,1200
Ico,2001-09-24, Sony Computer Entertainment,4.0,671000,671000,Adventure,3500,83000,1800,1200
Ico,2001-09-24, Inc. (SCEI),4.0,671000,671000,Adventure,3500,83000,1800,1200
Ico,2001-09-24,Team Ico,4.0,671000,671000, Platform,3500,83000,1800,1200
Ico,2001-09-24, Sony Computer Entertainment,4.0,671000,671000, Platform,3500,83000,1800,1200
Ico,2001-09-24, Inc. (SCEI),4.0,671000,671000, Platform,3500,83000,1800,1200
Ico,2001-09-24,Team Ico,4.0,671000,671000, Puzzle,3500,83000,1800,1200
Ico,2001-09-24, Sony Computer Entertainment,4.0,671000,671000, Puzzle,3500,83000,1800,1200
Ico,2001-09-24, Inc. (SCEI),4.0,671000,671000, Puzzle,3500,83000,1800,1200
Shin Megami Tensei III: Nocturne - HD Remaster,2020-10-28,Ghostlight Ltd.,4.0,457000,457000,RPG,1800,387000,2000,1300
Shin Megami Tensei III: Nocturne - HD Remaster,2020-10-28, Atlus,4.0,457000,457000,RPG,1800,387000,2000,1300
Shin Megami Tensei III: Nocturne - HD Remaster,2020-10-28,Ghostlight Ltd.,4.0,457000,457000, Turn Based Strategy,1800,387000,2000,1300
Shin Megami Tensei III: Nocturne - HD Remaster,2020-10-28, Atlus,4.0,457000,457000, Turn Based Strategy,1800,387000,2000,1300
The Witness,2016-01-26,Thekla,3.6,651000,651000,Adventure,5300,186000,2100,643000
The Witness,2016-01-26, Inc,3.6,651000,651000,Adventure,5300,186000,2100,643000
The Witness,2016-01-26,Thekla,3.6,651000,651000, Indie,5300,186000,2100,643000
The Witness,2016-01-26, Inc,3.6,651000,651000, Indie,5300,186000,2100,643000
The Witness,2016-01-26,Thekla,3.6,651000,651000, Puzzle,5300,186000,2100,643000
The Witness,2016-01-26, Inc,3.6,651000,651000, Puzzle,5300,186000,2100,643000
Animal Crossing: New Leaf,2012-11-08,Nintendo,4.0,813000,813000,Simulator,9900,156000,586000,383000
Animal Crossing: New Leaf,2012-11-08, Nintendo EAD Group No. 2,4.0,813000,813000,Simulator,9900,156000,586000,383000
Wo Long: Fallen Dynasty,2023-03-03,Koei Tecmo Games,3.5,284000,284000,Adventure,513000,241000,390000,727000
Wo Long: Fallen Dynasty,2023-03-03, Team NINJA,3.5,284000,284000,Adventure,513000,241000,390000,727000
Wo Long: Fallen Dynasty,2023-03-03,Koei Tecmo Games,3.5,284000,284000, RPG,513000,241000,390000,727000
Wo Long: Fallen Dynasty,2023-03-03, Team NINJA,3.5,284000,284000, RPG,513000,241000,390000,727000
Final Fantasy VII Remake Intergrade,2021-06-10,Square Enix,4.2,445000,445000,Adventure,2400,297000,1400,790000
Final Fantasy VII Remake Intergrade,2021-06-10,Square Enix,4.2,445000,445000, RPG,2400,297000,1400,790000
Sonic Adventure 2,2001-06-23,Sega,3.6,842000,842000,Adventure,5100,89000,1000,342000
Sonic Adventure 2,2001-06-23, Sonic Team USA,3.6,842000,842000,Adventure,5100,89000,1000,342000
Sonic Adventure 2,2001-06-23,Sega,3.6,842000,842000, Platform,5100,89000,1000,342000
Sonic Adventure 2,2001-06-23, Sonic Team USA,3.6,842000,842000, Platform,5100,89000,1000,342000
Destiny 2,2017-09-06,Activision,2.9,507000,507000,Adventure,8700,524000,845000,103000
Destiny 2,2017-09-06, Bungie,2.9,507000,507000,Adventure,8700,524000,845000,103000
Destiny 2,2017-09-06,Activision,2.9,507000,507000, RPG,8700,524000,845000,103000
Destiny 2,2017-09-06, Bungie,2.9,507000,507000, RPG,8700,524000,845000,103000
Destiny 2,2017-09-06,Activision,2.9,507000,507000, Shooter,8700,524000,845000,103000
Destiny 2,2017-09-06, Bungie,2.9,507000,507000, Shooter,8700,524000,845000,103000
Kirby's Dream Land,1992-04-27,HAL Laboratory,3.2,691000,691000,Platform,5300,22000,411000,178000
Kirby's Dream Land,1992-04-27, Nintendo,3.2,691000,691000,Platform,5300,22000,411000,178000
Mario Kart 8,2014-05-29,Nintendo,3.9,643000,643000,Arcade,9300,40000,225000,121000
Mario Kart 8,2014-05-29, Nintendo EAD Group No. 1,3.9,643000,643000,Arcade,9300,40000,225000,121000
Mario Kart 8,2014-05-29,Nintendo,3.9,643000,643000, Racing,9300,40000,225000,121000
Mario Kart 8,2014-05-29, Nintendo EAD Group No. 1,3.9,643000,643000, Racing,9300,40000,225000,121000
Xenoblade Chronicles,2010-06-10,Nintendo,4.2,828000,828000,Adventure,3900,142000,1300,732000
Xenoblade Chronicles,2010-06-10, Monolith Soft,4.2,828000,828000,Adventure,3900,142000,1300,732000
Xenoblade Chronicles,2010-06-10,Nintendo,4.2,828000,828000, RPG,3900,142000,1300,732000
Xenoblade Chronicles,2010-06-10, Monolith Soft,4.2,828000,828000, RPG,3900,142000,1300,732000
The Forgotten City,2021-07-28,Modern Storyteller,3.9,471000,471000,Adventure,1700,53000,818000,701000
The Forgotten City,2021-07-28, Dear Villagers,3.9,471000,471000,Adventure,1700,53000,818000,701000
The Forgotten City,2021-07-28,Modern Storyteller,3.9,471000,471000, Indie,1700,53000,818000,701000
The Forgotten City,2021-07-28, Dear Villagers,3.9,471000,471000, Indie,1700,53000,818000,701000
The Forgotten City,2021-07-28,Modern Storyteller,3.9,471000,471000, RPG,1700,53000,818000,701000
The Forgotten City,2021-07-28, Dear Villagers,3.9,471000,471000, RPG,1700,53000,818000,701000
Untitled Goose Game,2019-09-20,House House,3.6,642000,642000,Adventure,6500,137000,1300,1200
Untitled Goose Game,2019-09-20, Panic,3.6,642000,642000,Adventure,6500,137000,1300,1200
Untitled Goose Game,2019-09-20,House House,3.6,642000,642000, Indie,6500,137000,1300,1200
Untitled Goose Game,2019-09-20, Panic,3.6,642000,642000, Indie,6500,137000,1300,1200
Untitled Goose Game,2019-09-20,House House,3.6,642000,642000, Puzzle,6500,137000,1300,1200
Untitled Goose Game,2019-09-20, Panic,3.6,642000,642000, Puzzle,6500,137000,1300,1200
Untitled Goose Game,2019-09-20,House House,3.6,642000,642000, Simulator,6500,137000,1300,1200
Untitled Goose Game,2019-09-20, Panic,3.6,642000,642000, Simulator,6500,137000,1300,1200
Sonic Adventure 2: Battle,2001-12-20,Sonic Team,3.7,742000,742000,Adventure,6800,78000,771000,248000
Sonic Adventure 2: Battle,2001-12-20, Sega,3.7,742000,742000,Adventure,6800,78000,771000,248000
Sonic Adventure 2: Battle,2001-12-20,Sonic Team,3.7,742000,742000, Platform,6800,78000,771000,248000
Sonic Adventure 2: Battle,2001-12-20, Sega,3.7,742000,742000, Platform,6800,78000,771000,248000
Saints Row: The Third,2011-11-15,Volition,3.4,482000,482000,Adventure,9400,74000,879000,210000
Saints Row: The Third,2011-11-15, THQ,3.4,482000,482000,Adventure,9400,74000,879000,210000
Saints Row: The Third,2011-11-15,Volition,3.4,482000,482000, Racing,9400,74000,879000,210000
Saints Row: The Third,2011-11-15, THQ,3.4,482000,482000, Racing,9400,74000,879000,210000
Saints Row: The Third,2011-11-15,Volition,3.4,482000,482000, Shooter,9400,74000,879000,210000
Saints Row: The Third,2011-11-15, THQ,3.4,482000,482000, Shooter,9400,74000,879000,210000
Call of Duty: Black Ops III,2015-11-06,Activision,3.1,550000,550000,Adventure,8200,78000,625000,185000
Call of Duty: Black Ops III,2015-11-06, Treyarch,3.1,550000,550000,Adventure,8200,78000,625000,185000
Call of Duty: Black Ops III,2015-11-06,Activision,3.1,550000,550000, Shooter,8200,78000,625000,185000
Call of Duty: Black Ops III,2015-11-06, Treyarch,3.1,550000,550000, Shooter,8200,78000,625000,185000
Pokémon Red,1996-02-27,Nintendo,3.4,734000,734000,Adventure,8800,57000,425000,154000
Pokémon Red,1996-02-27, Game Freak,3.4,734000,734000,Adventure,8800,57000,425000,154000
Pokémon Red,1996-02-27,Nintendo,3.4,734000,734000, RPG,8800,57000,425000,154000
Pokémon Red,1996-02-27, Game Freak,3.4,734000,734000, RPG,8800,57000,425000,154000
Pokémon Red,1996-02-27,Nintendo,3.4,734000,734000, Turn Based Strategy,8800,57000,425000,154000
Pokémon Red,1996-02-27, Game Freak,3.4,734000,734000, Turn Based Strategy,8800,57000,425000,154000
Tinykin,2022-08-30,Splashteam,4.0,416000,416000,Adventure,753000,39000,276000,376000
Tinykin,2022-08-30, tinyBuild,4.0,416000,416000,Adventure,753000,39000,276000,376000
Tinykin,2022-08-30,Splashteam,4.0,416000,416000, Arcade,753000,39000,276000,376000
Tinykin,2022-08-30, tinyBuild,4.0,416000,416000, Arcade,753000,39000,276000,376000
Tinykin,2022-08-30,Splashteam,4.0,416000,416000, Indie,753000,39000,276000,376000
Tinykin,2022-08-30, tinyBuild,4.0,416000,416000, Indie,753000,39000,276000,376000
Tinykin,2022-08-30,Splashteam,4.0,416000,416000, Platform,753000,39000,276000,376000
Tinykin,2022-08-30, tinyBuild,4.0,416000,416000, Platform,753000,39000,276000,376000
Tinykin,2022-08-30,Splashteam,4.0,416000,416000, Puzzle,753000,39000,276000,376000
Tinykin,2022-08-30, tinyBuild,4.0,416000,416000, Puzzle,753000,39000,276000,376000
Tinykin,2022-08-30,Splashteam,4.0,416000,416000, RPG,753000,39000,276000,376000
Tinykin,2022-08-30, tinyBuild,4.0,416000,416000, RPG,753000,39000,276000,376000
Dragon's Dogma: Dark Arisen,2013-04-23,Capcom,3.8,458000,458000,Adventure,3300,215000,2200,469000
Dragon's Dogma: Dark Arisen,2013-04-23,Capcom,3.8,458000,458000, RPG,3300,215000,2200,469000
Brawlhalla,2014-04-30,Ubisoft,2.6,295000,295000,Arcade,6900,146000,294000,36000
Brawlhalla,2014-04-30, Blue Mammoth Games,2.6,295000,295000,Arcade,6900,146000,294000,36000
Brawlhalla,2014-04-30,Ubisoft,2.6,295000,295000, Fighting,6900,146000,294000,36000
Brawlhalla,2014-04-30, Blue Mammoth Games,2.6,295000,295000, Fighting,6900,146000,294000,36000
Brawlhalla,2014-04-30,Ubisoft,2.6,295000,295000, Indie,6900,146000,294000,36000
Brawlhalla,2014-04-30, Blue Mammoth Games,2.6,295000,295000, Indie,6900,146000,294000,36000
Brawlhalla,2014-04-30,Ubisoft,2.6,295000,295000, Platform,6900,146000,294000,36000
Brawlhalla,2014-04-30, Blue Mammoth Games,2.6,295000,295000, Platform,6900,146000,294000,36000
Pokémon Unite,2021-07-20,Timi,2.7,285000,285000,MOBA,4500,263000,184000,65000
Pokémon Unite,2021-07-20, The Pokémon Company,2.7,285000,285000,MOBA,4500,263000,184000,65000
Black Mesa,2020-03-06,Crowbar Collective,4.1,459000,459000,Adventure,3700,200000,1500,600000
Black Mesa,2020-03-06,Crowbar Collective,4.1,459000,459000, Indie,3700,200000,1500,600000
Black Mesa,2020-03-06,Crowbar Collective,4.1,459000,459000, Platform,3700,200000,1500,600000
Black Mesa,2020-03-06,Crowbar Collective,4.1,459000,459000, Shooter,3700,200000,1500,600000
The Messenger,2018-08-30,Sabotage,3.8,613000,613000,Adventure,3700,157000,1700,702000
The Messenger,2018-08-30, Devolver Digital,3.8,613000,613000,Adventure,3700,157000,1700,702000
The Messenger,2018-08-30,Sabotage,3.8,613000,613000, Arcade,3700,157000,1700,702000
The Messenger,2018-08-30, Devolver Digital,3.8,613000,613000, Arcade,3700,157000,1700,702000
The Messenger,2018-08-30,Sabotage,3.8,613000,613000, Indie,3700,157000,1700,702000
The Messenger,2018-08-30, Devolver Digital,3.8,613000,613000, Indie,3700,157000,1700,702000
The Messenger,2018-08-30,Sabotage,3.8,613000,613000, Platform,3700,157000,1700,702000
The Messenger,2018-08-30, Devolver Digital,3.8,613000,613000, Platform,3700,157000,1700,702000
Jet Set Radio,2012-09-18,BlitWorks,3.7,504000,504000,Platform,3500,112000,1900,671000
Jet Set Radio,2012-09-18, Sega,3.7,504000,504000,Platform,3500,112000,1900,671000
Pathologic 2,2019-05-23,Ice-Pick Lodge,4.3,513000,513000,Adventure,1300,155000,1800,1300
Pathologic 2,2019-05-23, tinyBuild,4.3,513000,513000,Adventure,1300,155000,1800,1300
Pathologic 2,2019-05-23,Ice-Pick Lodge,4.3,513000,513000, Indie,1300,155000,1800,1300
Pathologic 2,2019-05-23, tinyBuild,4.3,513000,513000, Indie,1300,155000,1800,1300
Pathologic 2,2019-05-23,Ice-Pick Lodge,4.3,513000,513000, RPG,1300,155000,1800,1300
Pathologic 2,2019-05-23, tinyBuild,4.3,513000,513000, RPG,1300,155000,1800,1300
Tactics Ogre: Reborn,2022-11-11,Square Enix,4.1,206000,206000,RPG,279000,137000,599000,620000
Tactics Ogre: Reborn,2022-11-11,Square Enix,4.1,206000,206000, Simulator,279000,137000,599000,620000
Tactics Ogre: Reborn,2022-11-11,Square Enix,4.1,206000,206000, Strategy,279000,137000,599000,620000
Tactics Ogre: Reborn,2022-11-11,Square Enix,4.1,206000,206000, Tactical,279000,137000,599000,620000
Hyper Light Drifter,2016-03-31,Heart Machine,3.8,599000,599000,Adventure,4000,160000,2600,981000
Hyper Light Drifter,2016-03-31,Heart Machine,3.8,599000,599000, Indie,4000,160000,2600,981000
Hyper Light Drifter,2016-03-31,Heart Machine,3.8,599000,599000, Platform,4000,160000,2600,981000
Hyper Light Drifter,2016-03-31,Heart Machine,3.8,599000,599000, RPG,4000,160000,2600,981000
Left 4 Dead,2008-11-17,Certain Affinity,3.6,488000,488000,Shooter,8600,35000,772000,213000
Left 4 Dead,2008-11-17, Valve,3.6,488000,488000,Shooter,8600,35000,772000,213000
The 25th Ward: The Silver Case,2018-03-13,NIS America,4.4,482000,482000,Adventure,751000,68000,1000,738000
The 25th Ward: The Silver Case,2018-03-13, Grasshopper Manufacture,4.4,482000,482000,Adventure,751000,68000,1000,738000
The 25th Ward: The Silver Case,2018-03-13,NIS America,4.4,482000,482000, Puzzle,751000,68000,1000,738000
The 25th Ward: The Silver Case,2018-03-13, Grasshopper Manufacture,4.4,482000,482000, Puzzle,751000,68000,1000,738000
The 25th Ward: The Silver Case,2018-03-13,NIS America,4.4,482000,482000, Visual Novel,751000,68000,1000,738000
The 25th Ward: The Silver Case,2018-03-13, Grasshopper Manufacture,4.4,482000,482000, Visual Novel,751000,68000,1000,738000
Darkest Dungeon,2016-01-19,Red Hook Studios,3.6,476000,476000,Adventure,5200,328000,2300,504000
Darkest Dungeon,2016-01-19,Red Hook Studios,3.6,476000,476000, Indie,5200,328000,2300,504000
Darkest Dungeon,2016-01-19,Red Hook Studios,3.6,476000,476000, RPG,5200,328000,2300,504000
Darkest Dungeon,2016-01-19,Red Hook Studios,3.6,476000,476000, Strategy,5200,328000,2300,504000
Darkest Dungeon,2016-01-19,Red Hook Studios,3.6,476000,476000, Turn Based Strategy,5200,328000,2300,504000
Roblox,2006-09-01,Roblox Corporation,2.8,187000,187000,Adventure,5100,213000,102000,14000
Roblox,2006-09-01,Roblox Corporation,2.8,187000,187000, Platform,5100,213000,102000,14000
Roblox,2006-09-01,Roblox Corporation,2.8,187000,187000, Simulator,5100,213000,102000,14000
The Last Guardian,2016-12-06,Team Ico,3.7,658000,658000,Adventure,3200,83000,2300,1300
The Last Guardian,2016-12-06, Sony Interactive Entertainment,3.7,658000,658000,Adventure,3200,83000,2300,1300
The Last Guardian,2016-12-06,Team Ico,3.7,658000,658000, Platform,3200,83000,2300,1300
The Last Guardian,2016-12-06, Sony Interactive Entertainment,3.7,658000,658000, Platform,3200,83000,2300,1300
The Last Guardian,2016-12-06,Team Ico,3.7,658000,658000, Puzzle,3200,83000,2300,1300
The Last Guardian,2016-12-06, Sony Interactive Entertainment,3.7,658000,658000, Puzzle,3200,83000,2300,1300
Drakengard 3,2013-12-19,Access Games,3.8,503000,503000,Adventure,1900,128000,1400,946000
Drakengard 3,2013-12-19, Square Enix,3.8,503000,503000,Adventure,1900,128000,1400,946000
Drakengard 3,2013-12-19,Access Games,3.8,503000,503000, Brawler,1900,128000,1400,946000
Drakengard 3,2013-12-19, Square Enix,3.8,503000,503000, Brawler,1900,128000,1400,946000
Drakengard 3,2013-12-19,Access Games,3.8,503000,503000, RPG,1900,128000,1400,946000
Drakengard 3,2013-12-19, Square Enix,3.8,503000,503000, RPG,1900,128000,1400,946000
Drakengard 3,2013-12-19,Access Games,3.8,503000,503000, Strategy,1900,128000,1400,946000
Drakengard 3,2013-12-19, Square Enix,3.8,503000,503000, Strategy,1900,128000,1400,946000
Half-Life 2: Episode One,2006-06-01,Valve,3.7,469000,469000,Shooter,7000,39000,1600,262000
Half-Life 2: Episode One,2006-06-01, CyberFront,3.7,469000,469000,Shooter,7000,39000,1600,262000
Assassin's Creed Revelations,2011-11-14,Ubisoft Montreal,3.3,628000,628000,Adventure,8700,64000,1000,343000
Assassin's Creed Revelations,2011-11-14, Ubisoft Entertainment,3.3,628000,628000,Adventure,8700,64000,1000,343000
Half-Life 2: Episode Two,2007-10-09,CyberFront,4.1,517000,517000,Puzzle,6900,43000,1800,301000
Half-Life 2: Episode Two,2007-10-09, Valve,4.1,517000,517000,Puzzle,6900,43000,1800,301000
Half-Life 2: Episode Two,2007-10-09,CyberFront,4.1,517000,517000, Shooter,6900,43000,1800,301000
Half-Life 2: Episode Two,2007-10-09, Valve,4.1,517000,517000, Shooter,6900,43000,1800,301000
Mega Man,1987-12-17,Capcom,2.8,639000,639000,Adventure,5400,26000,452000,152000
Mega Man,1987-12-17,Capcom,2.8,639000,639000, Platform,5400,26000,452000,152000
PowerWash Simulator,2021-05-19,Square Enix,3.7,304000,304000,Indie,1700,242000,255000,274000
PowerWash Simulator,2021-05-19, FuturLab,3.7,304000,304000,Indie,1700,242000,255000,274000
PowerWash Simulator,2021-05-19,Square Enix,3.7,304000,304000, Simulator,1700,242000,255000,274000
PowerWash Simulator,2021-05-19, FuturLab,3.7,304000,304000, Simulator,1700,242000,255000,274000
Cave Story,2004-12-20,Studio Pixel,4.2,543000,543000,Adventure,3700,87000,1300,693000
Cave Story,2004-12-20,Studio Pixel,4.2,543000,543000, Indie,3700,87000,1300,693000
Cave Story,2004-12-20,Studio Pixel,4.2,543000,543000, Platform,3700,87000,1300,693000
Cave Story,2004-12-20,Studio Pixel,4.2,543000,543000, Shooter,3700,87000,1300,693000
Final Fantasy XIV: Shadowbringers,2019-07-02,Square Enix,4.6,401000,401000,RPG,3000,192000,517000,267000
Days Gone,2019-04-26,SIE Bend Studio,3.2,610000,610000,Adventure,3900,212000,1800,644000
Days Gone,2019-04-26, Sony Interactive Entertainment,3.2,610000,610000,Adventure,3900,212000,1800,644000
Days Gone,2019-04-26,SIE Bend Studio,3.2,610000,610000, Shooter,3900,212000,1800,644000
Days Gone,2019-04-26, Sony Interactive Entertainment,3.2,610000,610000, Shooter,3900,212000,1800,644000
Tom Clancy's Rainbow Six Siege,2015-12-01,Ubisoft Entertainment,3.2,424000,424000,Shooter,7900,302000,381000,139000
Tom Clancy's Rainbow Six Siege,2015-12-01, Ubisoft Montreal,3.2,424000,424000,Shooter,7900,302000,381000,139000
Tom Clancy's Rainbow Six Siege,2015-12-01,Ubisoft Entertainment,3.2,424000,424000, Tactical,7900,302000,381000,139000
Tom Clancy's Rainbow Six Siege,2015-12-01, Ubisoft Montreal,3.2,424000,424000, Tactical,7900,302000,381000,139000
Trek to Yomi,2022-05-05,Devolver Digital,2.7,262000,262000,Adventure,1000,67000,457000,446000
Trek to Yomi,2022-05-05, Leonard Menchiari,2.7,262000,262000,Adventure,1000,67000,457000,446000
Trek to Yomi,2022-05-05,Devolver Digital,2.7,262000,262000, Brawler,1000,67000,457000,446000
Trek to Yomi,2022-05-05, Leonard Menchiari,2.7,262000,262000, Brawler,1000,67000,457000,446000
Trek to Yomi,2022-05-05,Devolver Digital,2.7,262000,262000, Indie,1000,67000,457000,446000
Trek to Yomi,2022-05-05, Leonard Menchiari,2.7,262000,262000, Indie,1000,67000,457000,446000
Sonic CD,1993-09-23,Sonic Team,3.4,629000,629000,Platform,4900,43000,656000,223000
Sonic CD,1993-09-23, Sega,3.4,629000,629000,Platform,4900,43000,656000,223000
Mario Kart: Double Dash!!,2003-11-07,Nintendo EAD,3.9,808000,808000,Racing,8400,31000,449000,265000
Mario Kart: Double Dash!!,2003-11-07, Nintendo,3.9,808000,808000,Racing,8400,31000,449000,265000
Rayman Origins,2011-11-15,Ubisoft Montpellier,3.8,547000,547000,Adventure,6200,85000,1200,417000
Rayman Origins,2011-11-15, Ubisoft Entertainment,3.8,547000,547000,Adventure,6200,85000,1200,417000
Rayman Origins,2011-11-15,Ubisoft Montpellier,3.8,547000,547000, Platform,6200,85000,1200,417000
Rayman Origins,2011-11-15, Ubisoft Entertainment,3.8,547000,547000, Platform,6200,85000,1200,417000
Klonoa Phantasy Reverie Series,2022-07-08,MONKEYCRAFT Co. Ltd,3.8,197000,197000,Adventure,647000,119000,563000,782000
Klonoa Phantasy Reverie Series,2022-07-08, Bandai Namco Entertainment,3.8,197000,197000,Adventure,647000,119000,563000,782000
Klonoa Phantasy Reverie Series,2022-07-08,MONKEYCRAFT Co. Ltd,3.8,197000,197000, Platform,647000,119000,563000,782000
Klonoa Phantasy Reverie Series,2022-07-08, Bandai Namco Entertainment,3.8,197000,197000, Platform,647000,119000,563000,782000
Hitman 2,2018-11-13,WB Games,4.0,605000,605000,Adventure,5000,164000,1800,607000
Hitman 2,2018-11-13, IO Interactive,4.0,605000,605000,Adventure,5000,164000,1800,607000
Hitman 2,2018-11-13,WB Games,4.0,605000,605000, Shooter,5000,164000,1800,607000
Hitman 2,2018-11-13, IO Interactive,4.0,605000,605000, Shooter,5000,164000,1800,607000
Hitman 2,2018-11-13,WB Games,4.0,605000,605000, Tactical,5000,164000,1800,607000
Hitman 2,2018-11-13, IO Interactive,4.0,605000,605000, Tactical,5000,164000,1800,607000
Max Payne 3,2012-05-15,Rockstar Games,3.7,593000,593000,Shooter,5600,43000,1000,518000
Max Payne 3,2012-05-15, Rockstar Vancouver,3.7,593000,593000,Shooter,5600,43000,1000,518000
Catherine: Full Body,2019-02-14,Atlus,3.8,451000,451000,Adventure,2600,152000,1700,1200
Catherine: Full Body,2019-02-14, Studio Zero,3.8,451000,451000,Adventure,2600,152000,1700,1200
Catherine: Full Body,2019-02-14,Atlus,3.8,451000,451000, Platform,2600,152000,1700,1200
Catherine: Full Body,2019-02-14, Studio Zero,3.8,451000,451000, Platform,2600,152000,1700,1200
Catherine: Full Body,2019-02-14,Atlus,3.8,451000,451000, Puzzle,2600,152000,1700,1200
Catherine: Full Body,2019-02-14, Studio Zero,3.8,451000,451000, Puzzle,2600,152000,1700,1200
Catherine: Full Body,2019-02-14,Atlus,3.8,451000,451000, Simulator,2600,152000,1700,1200
Catherine: Full Body,2019-02-14, Studio Zero,3.8,451000,451000, Simulator,2600,152000,1700,1200
Catherine: Full Body,2019-02-14,Atlus,3.8,451000,451000, Strategy,2600,152000,1700,1200
Catherine: Full Body,2019-02-14, Studio Zero,3.8,451000,451000, Strategy,2600,152000,1700,1200
Kirby: Planet Robobot,2016-04-28,HAL Laboratory,4.2,669000,669000,Adventure,3600,82000,1000,644000
Kirby: Planet Robobot,2016-04-28, Nintendo,4.2,669000,669000,Adventure,3600,82000,1000,644000
Kirby: Planet Robobot,2016-04-28,HAL Laboratory,4.2,669000,669000, Platform,3600,82000,1000,644000
Kirby: Planet Robobot,2016-04-28, Nintendo,4.2,669000,669000, Platform,3600,82000,1000,644000
Battlefield 1,2016-10-21,EA Digital Illusions CE,3.4,513000,513000,Shooter,7200,108000,741000,150000
Battlefield 1,2016-10-21, Electronic Arts,3.4,513000,513000,Shooter,7200,108000,741000,150000
Kirby’s Return to Dream Land Deluxe,2023-02-24,Nintendo,4.2,230000,230000,Adventure,408000,159000,246000,513000
Kirby’s Return to Dream Land Deluxe,2023-02-24,Nintendo,4.2,230000,230000, Platform,408000,159000,246000,513000
Persona 2: Eternal Punishment,2000-06-29,Atlus,4.1,594000,594000,Adventure,1600,107000,2000,993000
Persona 2: Eternal Punishment,2000-06-29,Atlus,4.1,594000,594000, RPG,1600,107000,2000,993000
Star Wars Battlefront II,2017-11-17,EA Digital Illusions CE,3.1,534000,534000,Adventure,7800,128000,826000,140000
Star Wars Battlefront II,2017-11-17, Electronic Arts,3.1,534000,534000,Adventure,7800,128000,826000,140000
Star Wars Battlefront II,2017-11-17,EA Digital Illusions CE,3.1,534000,534000, Shooter,7800,128000,826000,140000
Star Wars Battlefront II,2017-11-17, Electronic Arts,3.1,534000,534000, Shooter,7800,128000,826000,140000
Super Paper Mario,2007-04-09,Nintendo,3.8,688000,688000,Adventure,6200,76000,1500,572000
Super Paper Mario,2007-04-09, Intelligent Systems,3.8,688000,688000,Adventure,6200,76000,1500,572000
Super Paper Mario,2007-04-09,Nintendo,3.8,688000,688000, Platform,6200,76000,1500,572000
Super Paper Mario,2007-04-09, Intelligent Systems,3.8,688000,688000, Platform,6200,76000,1500,572000
Super Paper Mario,2007-04-09,Nintendo,3.8,688000,688000, RPG,6200,76000,1500,572000
Super Paper Mario,2007-04-09, Intelligent Systems,3.8,688000,688000, RPG,6200,76000,1500,572000
The Great Ace Attorney 2: Resolve,2017-08-03,Capcom,4.6,386000,386000,Adventure,1100,75000,771000,468000
The Great Ace Attorney 2: Resolve,2017-08-03,Capcom,4.6,386000,386000, Point-and-Click,1100,75000,771000,468000
The Great Ace Attorney 2: Resolve,2017-08-03,Capcom,4.6,386000,386000, Puzzle,1100,75000,771000,468000
The Great Ace Attorney 2: Resolve,2017-08-03,Capcom,4.6,386000,386000, Visual Novel,1100,75000,771000,468000
Bugsnax,2020-11-12,Young Horses,3.6,625000,625000,Adventure,2700,141000,1300,671000
Bugsnax,2020-11-12,Young Horses,3.6,625000,625000, Indie,2700,141000,1300,671000
Bugsnax,2020-11-12,Young Horses,3.6,625000,625000, Puzzle,2700,141000,1300,671000
Star Wars: Battlefront II,2005-10-31,Pandemic Studios,4.0,650000,650000,Shooter,7700,35000,520000,189000
Star Wars: Battlefront II,2005-10-31, LucasArts,4.0,650000,650000,Shooter,7700,35000,520000,189000
Pokémon Shield,2019-11-15,The Pokémon Company,2.9,548000,548000,Adventure,6300,193000,514000,253000
Pokémon Shield,2019-11-15, Game Freak,2.9,548000,548000,Adventure,6300,193000,514000,253000
Pokémon Shield,2019-11-15,The Pokémon Company,2.9,548000,548000, RPG,6300,193000,514000,253000
Pokémon Shield,2019-11-15, Game Freak,2.9,548000,548000, RPG,6300,193000,514000,253000
Pokémon Shield,2019-11-15,The Pokémon Company,2.9,548000,548000, Turn Based Strategy,6300,193000,514000,253000
Pokémon Shield,2019-11-15, Game Freak,2.9,548000,548000, Turn Based Strategy,6300,193000,514000,253000
Super Castlevania IV,1991-10-31,Konami,3.7,627000,627000,Adventure,3700,45000,863000,271000
Super Castlevania IV,1991-10-31,Konami,3.7,627000,627000, Platform,3700,45000,863000,271000
Brothers: A Tale of Two Sons,2013-08-07,Starbreeze Studios,3.5,511000,511000,Adventure,4000,28000,1300,334000
Brothers: A Tale of Two Sons,2013-08-07, Spike ChunSoft,3.5,511000,511000,Adventure,4000,28000,1300,334000
Brothers: A Tale of Two Sons,2013-08-07,Starbreeze Studios,3.5,511000,511000, Indie,4000,28000,1300,334000
Brothers: A Tale of Two Sons,2013-08-07, Spike ChunSoft,3.5,511000,511000, Indie,4000,28000,1300,334000
Brothers: A Tale of Two Sons,2013-08-07,Starbreeze Studios,3.5,511000,511000, Puzzle,4000,28000,1300,334000
Brothers: A Tale of Two Sons,2013-08-07, Spike ChunSoft,3.5,511000,511000, Puzzle,4000,28000,1300,334000
Call of Duty: Modern Warfare,2019-10-25,Infinity Ward,3.4,525000,525000,Shooter,5100,84000,431000,339000
Call of Duty: Modern Warfare,2019-10-25, Activision,3.4,525000,525000,Shooter,5100,84000,431000,339000
GoldenEye 007,1997-08-23,Nintendo,3.6,610000,610000,Shooter,4500,60000,646000,334000
GoldenEye 007,1997-08-23, Rare,3.6,610000,610000,Shooter,4500,60000,646000,334000
"WarioWare, Inc.: Mega Microgames!",2003-03-21,Nintendo R&D1,3.9,523000,523000,Arcade,3500,43000,374000,227000
"WarioWare, Inc.: Mega Microgames!",2003-03-21, Nintendo,3.9,523000,523000,Arcade,3500,43000,374000,227000
Evil West,2022-11-22,Focus Entertainment,3.3,148000,148000,Adventure,335000,38000,293000,510000
Evil West,2022-11-22, Flying Wild Hog,3.3,148000,148000,Adventure,335000,38000,293000,510000
Evil West,2022-11-22,Focus Entertainment,3.3,148000,148000, Brawler,335000,38000,293000,510000
Evil West,2022-11-22, Flying Wild Hog,3.3,148000,148000, Brawler,335000,38000,293000,510000
Evil West,2022-11-22,Focus Entertainment,3.3,148000,148000, Shooter,335000,38000,293000,510000
Evil West,2022-11-22, Flying Wild Hog,3.3,148000,148000, Shooter,335000,38000,293000,510000
Gravity Rush 2,2017-01-18,SIE Japan Studio,3.9,516000,516000,Adventure,2100,122000,1900,1000
Gravity Rush 2,2017-01-18, Sony Interactive Entertainment,3.9,516000,516000,Adventure,2100,122000,1900,1000
Gravity Rush 2,2017-01-18,SIE Japan Studio,3.9,516000,516000, Platform,2100,122000,1900,1000
Gravity Rush 2,2017-01-18, Sony Interactive Entertainment,3.9,516000,516000, Platform,2100,122000,1900,1000
Metroid Prime 2: Echoes,2004-11-15,Retro Studios,4.0,606000,606000,Adventure,3000,75000,1800,588000
Metroid Prime 2: Echoes,2004-11-15, Nintendo,4.0,606000,606000,Adventure,3000,75000,1800,588000
Metroid Prime 2: Echoes,2004-11-15,Retro Studios,4.0,606000,606000, Platform,3000,75000,1800,588000
Metroid Prime 2: Echoes,2004-11-15, Nintendo,4.0,606000,606000, Platform,3000,75000,1800,588000
Metroid Prime 2: Echoes,2004-11-15,Retro Studios,4.0,606000,606000, Shooter,3000,75000,1800,588000
Metroid Prime 2: Echoes,2004-11-15, Nintendo,4.0,606000,606000, Shooter,3000,75000,1800,588000
The Forest,2018-04-30,Endnight Games Ltd,3.2,293000,293000,Adventure,4500,143000,597000,291000
The Forest,2018-04-30,Endnight Games Ltd,3.2,293000,293000, Indie,4500,143000,597000,291000
The Forest,2018-04-30,Endnight Games Ltd,3.2,293000,293000, Puzzle,4500,143000,597000,291000
The Forest,2018-04-30,Endnight Games Ltd,3.2,293000,293000, Simulator,4500,143000,597000,291000
CrossCode,2018-09-20,Deck13 Interactive,4.0,351000,351000,Adventure,1500,213000,1500,741000
CrossCode,2018-09-20, Radical Fish Games,4.0,351000,351000,Adventure,1500,213000,1500,741000
CrossCode,2018-09-20,Deck13 Interactive,4.0,351000,351000, Indie,1500,213000,1500,741000
CrossCode,2018-09-20, Radical Fish Games,4.0,351000,351000, Indie,1500,213000,1500,741000
CrossCode,2018-09-20,Deck13 Interactive,4.0,351000,351000, Puzzle,1500,213000,1500,741000
CrossCode,2018-09-20, Radical Fish Games,4.0,351000,351000, Puzzle,1500,213000,1500,741000
CrossCode,2018-09-20,Deck13 Interactive,4.0,351000,351000, RPG,1500,213000,1500,741000
CrossCode,2018-09-20, Radical Fish Games,4.0,351000,351000, RPG,1500,213000,1500,741000
Sekiro: Shadows Die Twice - GOTY Edition,2020-10-28,Activision,4.6,173000,173000,Adventure,1400,153000,461000,373000
Sekiro: Shadows Die Twice - GOTY Edition,2020-10-28, FromSoftware,4.6,173000,173000,Adventure,1400,153000,461000,373000
Sekiro: Shadows Die Twice - GOTY Edition,2020-10-28,Activision,4.6,173000,173000, Brawler,1400,153000,461000,373000
Sekiro: Shadows Die Twice - GOTY Edition,2020-10-28, FromSoftware,4.6,173000,173000, Brawler,1400,153000,461000,373000
Sekiro: Shadows Die Twice - GOTY Edition,2020-10-28,Activision,4.6,173000,173000, RPG,1400,153000,461000,373000
Sekiro: Shadows Die Twice - GOTY Edition,2020-10-28, FromSoftware,4.6,173000,173000, RPG,1400,153000,461000,373000
Saints Row IV,2013-08-19,Volition,3.1,386000,386000,Adventure,7200,64000,775000,176000
Saints Row IV,2013-08-19, Deep Silver,3.1,386000,386000,Adventure,7200,64000,775000,176000
Saints Row IV,2013-08-19,Volition,3.1,386000,386000, Shooter,7200,64000,775000,176000
Saints Row IV,2013-08-19, Deep Silver,3.1,386000,386000, Shooter,7200,64000,775000,176000
Fallout 2,1998-10-29,Black Isle Studios,4.1,532000,532000,RPG,2400,72000,2100,493000
Fallout 2,1998-10-29, Interplay Entertainment,4.1,532000,532000,RPG,2400,72000,2100,493000
Fallout 2,1998-10-29,Black Isle Studios,4.1,532000,532000, Turn Based Strategy,2400,72000,2100,493000
Fallout 2,1998-10-29, Interplay Entertainment,4.1,532000,532000, Turn Based Strategy,2400,72000,2100,493000
Chrono Cross,1999-11-18,Square,4.0,554000,554000,RPG,1700,60000,1500,768000
Fire Emblem: Path of Radiance,2005-04-20,Intelligent Systems Co.,4.2,703000,703000,RPG,2900,155000,1500,716000
Fire Emblem: Path of Radiance,2005-04-20, Ltd.,4.2,703000,703000,RPG,2900,155000,1500,716000
Fire Emblem: Path of Radiance,2005-04-20, Nintendo,4.2,703000,703000,RPG,2900,155000,1500,716000
Fire Emblem: Path of Radiance,2005-04-20,Intelligent Systems Co.,4.2,703000,703000, Strategy,2900,155000,1500,716000
Fire Emblem: Path of Radiance,2005-04-20, Ltd.,4.2,703000,703000, Strategy,2900,155000,1500,716000
Fire Emblem: Path of Radiance,2005-04-20, Nintendo,4.2,703000,703000, Strategy,2900,155000,1500,716000
Fire Emblem: Path of Radiance,2005-04-20,Intelligent Systems Co.,4.2,703000,703000, Tactical,2900,155000,1500,716000
Fire Emblem: Path of Radiance,2005-04-20, Ltd.,4.2,703000,703000, Tactical,2900,155000,1500,716000
Fire Emblem: Path of Radiance,2005-04-20, Nintendo,4.2,703000,703000, Tactical,2900,155000,1500,716000
Fire Emblem: Path of Radiance,2005-04-20,Intelligent Systems Co.,4.2,703000,703000, Turn Based Strategy,2900,155000,1500,716000
Fire Emblem: Path of Radiance,2005-04-20, Ltd.,4.2,703000,703000, Turn Based Strategy,2900,155000,1500,716000
Fire Emblem: Path of Radiance,2005-04-20, Nintendo,4.2,703000,703000, Turn Based Strategy,2900,155000,1500,716000
Kingdom Hearts Final Mix,2002-12-26,Square,3.8,428000,428000,RPG,3700,104000,452000,162000
Kingdom Hearts Final Mix,2002-12-26, Squaresoft,3.8,428000,428000,RPG,3700,104000,452000,162000
Professor Layton and the Curious Village,2007-02-15,Nintendo,3.7,439000,439000,Point-and-Click,4200,128000,879000,407000
Professor Layton and the Curious Village,2007-02-15, Level-5,3.7,439000,439000,Point-and-Click,4200,128000,879000,407000
Professor Layton and the Curious Village,2007-02-15,Nintendo,3.7,439000,439000, Puzzle,4200,128000,879000,407000
Professor Layton and the Curious Village,2007-02-15, Level-5,3.7,439000,439000, Puzzle,4200,128000,879000,407000
Professor Layton and the Curious Village,2007-02-15,Nintendo,3.7,439000,439000, Visual Novel,4200,128000,879000,407000
Professor Layton and the Curious Village,2007-02-15, Level-5,3.7,439000,439000, Visual Novel,4200,128000,879000,407000
Ys VIII: Lacrimosa of Dana,2016-07-21,NIS America,4.2,620000,620000,Adventure,1900,131000,1100,575000
Ys VIII: Lacrimosa of Dana,2016-07-21, Nihon Falcom,4.2,620000,620000,Adventure,1900,131000,1100,575000
Ys VIII: Lacrimosa of Dana,2016-07-21,NIS America,4.2,620000,620000, RPG,1900,131000,1100,575000
Ys VIII: Lacrimosa of Dana,2016-07-21, Nihon Falcom,4.2,620000,620000, RPG,1900,131000,1100,575000
Hotel Dusk: Room 215,2007-01-22,Nintendo,4.0,439000,439000,Adventure,1600,87000,1300,838000
Hotel Dusk: Room 215,2007-01-22, Cing,4.0,439000,439000,Adventure,1600,87000,1300,838000
Hotel Dusk: Room 215,2007-01-22,Nintendo,4.0,439000,439000, Point-and-Click,1600,87000,1300,838000
Hotel Dusk: Room 215,2007-01-22, Cing,4.0,439000,439000, Point-and-Click,1600,87000,1300,838000
Hotel Dusk: Room 215,2007-01-22,Nintendo,4.0,439000,439000, Puzzle,1600,87000,1300,838000
Hotel Dusk: Room 215,2007-01-22, Cing,4.0,439000,439000, Puzzle,1600,87000,1300,838000
Hotel Dusk: Room 215,2007-01-22,Nintendo,4.0,439000,439000, Visual Novel,1600,87000,1300,838000
Hotel Dusk: Room 215,2007-01-22, Cing,4.0,439000,439000, Visual Novel,1600,87000,1300,838000
Postal 2,2003-04-13,Running with Scissors,3.4,338000,338000,Adventure,3400,67000,739000,183000
Postal 2,2003-04-13, Whiptail Interactive,3.4,338000,338000,Adventure,3400,67000,739000,183000
Postal 2,2003-04-13,Running with Scissors,3.4,338000,338000, Indie,3400,67000,739000,183000
Postal 2,2003-04-13, Whiptail Interactive,3.4,338000,338000, Indie,3400,67000,739000,183000
Postal 2,2003-04-13,Running with Scissors,3.4,338000,338000, Shooter,3400,67000,739000,183000
Postal 2,2003-04-13, Whiptail Interactive,3.4,338000,338000, Shooter,3400,67000,739000,183000
Fez,2012-04-13,Microsoft Studios,3.6,493000,493000,Adventure,4400,90000,1500,561000
Fez,2012-04-13,Microsoft Studios,3.6,493000,493000, Indie,4400,90000,1500,561000
Fez,2012-04-13,Microsoft Studios,3.6,493000,493000, Platform,4400,90000,1500,561000
Fez,2012-04-13,Microsoft Studios,3.6,493000,493000, Puzzle,4400,90000,1500,561000
Marvel's Midnight Suns,2022-12-02,Firaxis Games,3.9,172000,172000,RPG,280000,145000,277000,459000
Marvel's Midnight Suns,2022-12-02, 2K Games,3.9,172000,172000,RPG,280000,145000,277000,459000
Marvel's Midnight Suns,2022-12-02,Firaxis Games,3.9,172000,172000, Strategy,280000,145000,277000,459000
Marvel's Midnight Suns,2022-12-02, 2K Games,3.9,172000,172000, Strategy,280000,145000,277000,459000
Marvel's Midnight Suns,2022-12-02,Firaxis Games,3.9,172000,172000, Tactical,280000,145000,277000,459000
Marvel's Midnight Suns,2022-12-02, 2K Games,3.9,172000,172000, Tactical,280000,145000,277000,459000
Streets of Rage 4,2020-04-30,Lizardcube,3.9,620000,620000,Arcade,2900,80000,693000,538000
Streets of Rage 4,2020-04-30, DotEmu,3.9,620000,620000,Arcade,2900,80000,693000,538000
Streets of Rage 4,2020-04-30,Lizardcube,3.9,620000,620000, Brawler,2900,80000,693000,538000
Streets of Rage 4,2020-04-30, DotEmu,3.9,620000,620000, Brawler,2900,80000,693000,538000
Streets of Rage 4,2020-04-30,Lizardcube,3.9,620000,620000, Fighting,2900,80000,693000,538000
Streets of Rage 4,2020-04-30, DotEmu,3.9,620000,620000, Fighting,2900,80000,693000,538000
Streets of Rage 4,2020-04-30,Lizardcube,3.9,620000,620000, Indie,2900,80000,693000,538000
Streets of Rage 4,2020-04-30, DotEmu,3.9,620000,620000, Indie,2900,80000,693000,538000
Shin Megami Tensei: Persona,2009-10-22,Atlus,2.9,416000,416000,RPG,2500,161000,1600,797000
Kirby's Return to Dream Land,2011-10-24,HAL Laboratory,4.0,509000,509000,Adventure,4100,58000,675000,409000
Kirby's Return to Dream Land,2011-10-24, Nintendo,4.0,509000,509000,Adventure,4100,58000,675000,409000
Kirby's Return to Dream Land,2011-10-24,HAL Laboratory,4.0,509000,509000, Platform,4100,58000,675000,409000
Kirby's Return to Dream Land,2011-10-24, Nintendo,4.0,509000,509000, Platform,4100,58000,675000,409000
BioShock 2 Remastered,2016-09-14,2K Games,3.7,295000,295000,RPG,2400,71000,2000,246000
BioShock 2 Remastered,2016-09-14, 2K Australia,3.7,295000,295000,RPG,2400,71000,2000,246000
BioShock 2 Remastered,2016-09-14,2K Games,3.7,295000,295000, Shooter,2400,71000,2000,246000
BioShock 2 Remastered,2016-09-14, 2K Australia,3.7,295000,295000, Shooter,2400,71000,2000,246000
God of War: Chains of Olympus,2008-03-04,Sony Computer Entertainment,3.2,396000,396000,Adventure,4000,31000,599000,300000
God of War: Chains of Olympus,2008-03-04, Inc. (SCEI),3.2,396000,396000,Adventure,4000,31000,599000,300000
God of War: Chains of Olympus,2008-03-04, Ready at Dawn,3.2,396000,396000,Adventure,4000,31000,599000,300000
God of War: Chains of Olympus,2008-03-04,Sony Computer Entertainment,3.2,396000,396000, Brawler,4000,31000,599000,300000
God of War: Chains of Olympus,2008-03-04, Inc. (SCEI),3.2,396000,396000, Brawler,4000,31000,599000,300000
God of War: Chains of Olympus,2008-03-04, Ready at Dawn,3.2,396000,396000, Brawler,4000,31000,599000,300000
Splatoon,2015-05-28,Nintendo EAD Group No. 2,3.7,509000,509000,Platform,6100,28000,320000,227000
Splatoon,2015-05-28, Nintendo,3.7,509000,509000,Platform,6100,28000,320000,227000
Splatoon,2015-05-28,Nintendo EAD Group No. 2,3.7,509000,509000, Shooter,6100,28000,320000,227000
Splatoon,2015-05-28, Nintendo,3.7,509000,509000, Shooter,6100,28000,320000,227000
Nickelodeon All-Star Brawl,2021-10-05,Ludosity,2.5,251000,251000,Arcade,1900,51000,280000,172000
Nickelodeon All-Star Brawl,2021-10-05, Game Mill Entertainment,2.5,251000,251000,Arcade,1900,51000,280000,172000
Nickelodeon All-Star Brawl,2021-10-05,Ludosity,2.5,251000,251000, Fighting,1900,51000,280000,172000
Nickelodeon All-Star Brawl,2021-10-05, Game Mill Entertainment,2.5,251000,251000, Fighting,1900,51000,280000,172000
The Great Ace Attorney: Adventures,2015-07-09,Capcom,4.1,385000,385000,Adventure,1600,141000,838000,586000
The Great Ace Attorney: Adventures,2015-07-09,Capcom,4.1,385000,385000, Point-and-Click,1600,141000,838000,586000
The Great Ace Attorney: Adventures,2015-07-09,Capcom,4.1,385000,385000, Puzzle,1600,141000,838000,586000
The Great Ace Attorney: Adventures,2015-07-09,Capcom,4.1,385000,385000, Visual Novel,1600,141000,838000,586000
Sonic Rush,2005-11-15,Sonic Team,3.6,536000,536000,Platform,4600,61000,671000,292000
Sonic Rush,2005-11-15, Sega,3.6,536000,536000,Platform,4600,61000,671000,292000
Chrono Trigger,2008-11-20,Square Enix,4.4,295000,295000,Adventure,2400,135000,1300,499000
Street Fighter V,2016-02-15,Capcom,3.0,377000,377000,Arcade,5000,109000,482000,166000
Street Fighter V,2016-02-15,Capcom,3.0,377000,377000, Fighting,5000,109000,482000,166000
Somerville,2022-11-15,Jumpship,2.8,169000,169000,Adventure,442000,20000,200000,377000
Bully: Scholarship Edition,2008-02-04,Rockstar Games,4.0,330000,330000,Adventure,3900,92000,1000,457000
Bully: Scholarship Edition,2008-02-04, Rockstar Toronto,4.0,330000,330000,Adventure,3900,92000,1000,457000
Borderlands: The Pre-Sequel,2014-10-14,Take-Two Interactive,2.9,375000,375000,RPG,5300,100000,1900,238000
Borderlands: The Pre-Sequel,2014-10-14, Gearbox Software,2.9,375000,375000,RPG,5300,100000,1900,238000
Borderlands: The Pre-Sequel,2014-10-14,Take-Two Interactive,2.9,375000,375000, Shooter,5300,100000,1900,238000
Borderlands: The Pre-Sequel,2014-10-14, Gearbox Software,2.9,375000,375000, Shooter,5300,100000,1900,238000
Star Wars Jedi: Survivor,2023-04-28,Respawn Entertainment,3.7200267022696933,250000,250000,Adventure,13000,2000,367000,1400
Star Wars Jedi: Survivor,2023-04-28, Electronic Arts,3.7200267022696933,250000,250000,Adventure,13000,2000,367000,1400
Alice: Madness Returns,2011-06-14,Electronic Arts,3.5,358000,358000,Adventure,2800,113000,1200,636000
Alice: Madness Returns,2011-06-14, Spicy Horse Games,3.5,358000,358000,Adventure,2800,113000,1200,636000
Alice: Madness Returns,2011-06-14,Electronic Arts,3.5,358000,358000, Brawler,2800,113000,1200,636000
Alice: Madness Returns,2011-06-14, Spicy Horse Games,3.5,358000,358000, Brawler,2800,113000,1200,636000
Alice: Madness Returns,2011-06-14,Electronic Arts,3.5,358000,358000, Platform,2800,113000,1200,636000
Alice: Madness Returns,2011-06-14, Spicy Horse Games,3.5,358000,358000, Platform,2800,113000,1200,636000
Super Mario 3D All-Stars,2020-09-18,Nintendo,3.5,422000,422000,Adventure,4700,391000,1600,319000
Super Mario 3D All-Stars,2020-09-18, Nintendo EPD,3.5,422000,422000,Adventure,4700,391000,1600,319000
Super Mario 3D All-Stars,2020-09-18,Nintendo,3.5,422000,422000, Platform,4700,391000,1600,319000
Super Mario 3D All-Stars,2020-09-18, Nintendo EPD,3.5,422000,422000, Platform,4700,391000,1600,319000
S.T.A.L.K.E.R.: Shadow of Chernobyl,2007-03-20,GSC Game World,3.9,426000,426000,RPG,2500,119000,1400,583000
S.T.A.L.K.E.R.: Shadow of Chernobyl,2007-03-20, THQ,3.9,426000,426000,RPG,2500,119000,1400,583000
S.T.A.L.K.E.R.: Shadow of Chernobyl,2007-03-20,GSC Game World,3.9,426000,426000, Shooter,2500,119000,1400,583000
S.T.A.L.K.E.R.: Shadow of Chernobyl,2007-03-20, THQ,3.9,426000,426000, Shooter,2500,119000,1400,583000
JoJo’s Bizarre Adventure: All-Star Battle R,2022-09-01,Bandai Namco Entertainment,3.4,122000,122000,Adventure,796000,71000,191000,372000
JoJo’s Bizarre Adventure: All-Star Battle R,2022-09-01, CyberConnect2,3.4,122000,122000,Adventure,796000,71000,191000,372000
JoJo’s Bizarre Adventure: All-Star Battle R,2022-09-01,Bandai Namco Entertainment,3.4,122000,122000, Fighting,796000,71000,191000,372000
JoJo’s Bizarre Adventure: All-Star Battle R,2022-09-01, CyberConnect2,3.4,122000,122000, Fighting,796000,71000,191000,372000
Geometry Dash,2013-08-12,RobTop Games,3.1,197000,197000,Adventure,5100,95000,181000,42000
Geometry Dash,2013-08-12,RobTop Games,3.1,197000,197000, Arcade,5100,95000,181000,42000
Geometry Dash,2013-08-12,RobTop Games,3.1,197000,197000, Indie,5100,95000,181000,42000
Geometry Dash,2013-08-12,RobTop Games,3.1,197000,197000, Music,5100,95000,181000,42000
Geometry Dash,2013-08-12,RobTop Games,3.1,197000,197000, Platform,5100,95000,181000,42000
Mario + Rabbids Sparks of Hope,2022-10-20,Ubisoft Entertainment,3.9,253000,253000,Adventure,356000,145000,394000,645000
Mario + Rabbids Sparks of Hope,2022-10-20, Ubisoft Paris,3.9,253000,253000,Adventure,356000,145000,394000,645000
Mario + Rabbids Sparks of Hope,2022-10-20,Ubisoft Entertainment,3.9,253000,253000, Strategy,356000,145000,394000,645000
Mario + Rabbids Sparks of Hope,2022-10-20, Ubisoft Paris,3.9,253000,253000, Strategy,356000,145000,394000,645000
Mario + Rabbids Sparks of Hope,2022-10-20,Ubisoft Entertainment,3.9,253000,253000, Tactical,356000,145000,394000,645000
Mario + Rabbids Sparks of Hope,2022-10-20, Ubisoft Paris,3.9,253000,253000, Tactical,356000,145000,394000,645000
Mario + Rabbids Sparks of Hope,2022-10-20,Ubisoft Entertainment,3.9,253000,253000, Turn Based Strategy,356000,145000,394000,645000
Mario + Rabbids Sparks of Hope,2022-10-20, Ubisoft Paris,3.9,253000,253000, Turn Based Strategy,356000,145000,394000,645000
Back 4 Blood,2021-10-12,Warner Bros. Interactive Entertainment,2.5,284000,284000,Shooter,2900,137000,489000,335000
Back 4 Blood,2021-10-12, Turtle Rock Studios,2.5,284000,284000,Shooter,2900,137000,489000,335000
Half-Life: Alyx,2020-03-23,Valve,4.6,515000,515000,Adventure,1900,210000,1200,1400
Half-Life: Alyx,2020-03-23,Valve,4.6,515000,515000, Puzzle,1900,210000,1200,1400
Half-Life: Alyx,2020-03-23,Valve,4.6,515000,515000, Shooter,1900,210000,1200,1400
Hyper Demon,2022-09-19,Sorath,4.1,99000,99000,Indie,245000,26000,231000,268000
Hyper Demon,2022-09-19,Sorath,4.1,99000,99000, Shooter,245000,26000,231000,268000
Mortal Kombat,2011-04-19,NetherRealm Studios,3.6,468000,468000,Fighting,6600,19000,289000,120000
Mortal Kombat,2011-04-19, WB Games,3.6,468000,468000,Fighting,6600,19000,289000,120000
Resident Evil,1996-03-22,Capcom,3.7,688000,688000,Adventure,3400,41000,577000,323000
Resident Evil,1996-03-22, Capcom Planning Room 2,3.7,688000,688000,Adventure,3400,41000,577000,323000
Resident Evil,1996-03-22,Capcom,3.7,688000,688000, Puzzle,3400,41000,577000,323000
Resident Evil,1996-03-22, Capcom Planning Room 2,3.7,688000,688000, Puzzle,3400,41000,577000,323000
Call of Duty: Ghosts,2013-11-05,Neversoft Entertainment,2.4,411000,411000,Shooter,6500,9000,353000,150000
Call of Duty: Ghosts,2013-11-05, Activision,2.4,411000,411000,Shooter,6500,9000,353000,150000
Ridge Racer Type 4,1998-12-03,Namco,4.2,465000,465000,Racing,1000,33000,436000,316000
Lil Gator Game,2022-12-14,Playtonic Friends,4.1,137000,137000,Adventure,247000,22000,167000,314000
Lil Gator Game,2022-12-14, Scott Slucher,4.1,137000,137000,Adventure,247000,22000,167000,314000
Lil Gator Game,2022-12-14,Playtonic Friends,4.1,137000,137000, Indie,247000,22000,167000,314000
Lil Gator Game,2022-12-14, Scott Slucher,4.1,137000,137000, Indie,247000,22000,167000,314000
Lil Gator Game,2022-12-14,Playtonic Friends,4.1,137000,137000, Platform,247000,22000,167000,314000
Lil Gator Game,2022-12-14, Scott Slucher,4.1,137000,137000, Platform,247000,22000,167000,314000
Oxenfree,2016-01-14,Night School Studio,3.6,592000,592000,Adventure,3900,70000,1700,449000
Oxenfree,2016-01-14,Night School Studio,3.6,592000,592000, Indie,3900,70000,1700,449000
Overcooked! 2,2018-08-07,Ghost Town Games,3.6,414000,414000,Arcade,4900,227000,889000,184000
Overcooked! 2,2018-08-07, Team17,3.6,414000,414000,Arcade,4900,227000,889000,184000
Overcooked! 2,2018-08-07,Ghost Town Games,3.6,414000,414000, Indie,4900,227000,889000,184000
Overcooked! 2,2018-08-07, Team17,3.6,414000,414000, Indie,4900,227000,889000,184000
Overcooked! 2,2018-08-07,Ghost Town Games,3.6,414000,414000, Simulator,4900,227000,889000,184000
Overcooked! 2,2018-08-07, Team17,3.6,414000,414000, Simulator,4900,227000,889000,184000
Overcooked! 2,2018-08-07,Ghost Town Games,3.6,414000,414000, Strategy,4900,227000,889000,184000
Overcooked! 2,2018-08-07, Team17,3.6,414000,414000, Strategy,4900,227000,889000,184000
Overcooked! 2,2018-08-07,Ghost Town Games,3.6,414000,414000, Tactical,4900,227000,889000,184000
Overcooked! 2,2018-08-07, Team17,3.6,414000,414000, Tactical,4900,227000,889000,184000
Before Your Eyes,2021-04-08,GoodbyeWorld Games,4.2,421000,421000,Adventure,1200,25000,584000,631000
Before Your Eyes,2021-04-08, Skybound Games,4.2,421000,421000,Adventure,1200,25000,584000,631000
Before Your Eyes,2021-04-08,GoodbyeWorld Games,4.2,421000,421000, Indie,1200,25000,584000,631000
Before Your Eyes,2021-04-08, Skybound Games,4.2,421000,421000, Indie,1200,25000,584000,631000
Sly Cooper and the Thievius Raccoonus,2002-09-23,Sucker Punch Productions,3.7,525000,525000,Adventure,3700,44000,772000,391000
Sly Cooper and the Thievius Raccoonus,2002-09-23, Sony Computer Entertainment,3.7,525000,525000,Adventure,3700,44000,772000,391000
Sly Cooper and the Thievius Raccoonus,2002-09-23,Sucker Punch Productions,3.7,525000,525000, Platform,3700,44000,772000,391000
Sly Cooper and the Thievius Raccoonus,2002-09-23, Sony Computer Entertainment,3.7,525000,525000, Platform,3700,44000,772000,391000
Nobody Saves the World,2022-01-18,Drinkbox Studios,3.5,256000,256000,Adventure,949000,99000,399000,385000
Nobody Saves the World,2022-01-18,Drinkbox Studios,3.5,256000,256000, Brawler,949000,99000,399000,385000
Nobody Saves the World,2022-01-18,Drinkbox Studios,3.5,256000,256000, Indie,949000,99000,399000,385000
Nobody Saves the World,2022-01-18,Drinkbox Studios,3.5,256000,256000, RPG,949000,99000,399000,385000
Crazy Taxi,1999-02-12,Sega,3.6,425000,425000,Arcade,4800,19000,556000,227000
Crazy Taxi,1999-02-12, Hitmaker,3.6,425000,425000,Arcade,4800,19000,556000,227000
Crazy Taxi,1999-02-12,Sega,3.6,425000,425000, Racing,4800,19000,556000,227000
Crazy Taxi,1999-02-12, Hitmaker,3.6,425000,425000, Racing,4800,19000,556000,227000
Chrono Cross: The Radical Dreamers Edition,2022-04-07,Square Enix,3.6,130000,130000,Adventure,358000,65000,775000,763000
Chrono Cross: The Radical Dreamers Edition,2022-04-07,Square Enix,3.6,130000,130000, RPG,358000,65000,775000,763000
Spore,2008-09-04,Maxis,3.3,238000,238000,Adventure,6000,34000,427000,170000
Spore,2008-09-04, Electronic Arts,3.3,238000,238000,Adventure,6000,34000,427000,170000
Spore,2008-09-04,Maxis,3.3,238000,238000, Real Time Strategy,6000,34000,427000,170000
Spore,2008-09-04, Electronic Arts,3.3,238000,238000, Real Time Strategy,6000,34000,427000,170000
Spore,2008-09-04,Maxis,3.3,238000,238000, RPG,6000,34000,427000,170000
Spore,2008-09-04, Electronic Arts,3.3,238000,238000, RPG,6000,34000,427000,170000
Spore,2008-09-04,Maxis,3.3,238000,238000, Simulator,6000,34000,427000,170000
Spore,2008-09-04, Electronic Arts,3.3,238000,238000, Simulator,6000,34000,427000,170000
Spore,2008-09-04,Maxis,3.3,238000,238000, Strategy,6000,34000,427000,170000
Spore,2008-09-04, Electronic Arts,3.3,238000,238000, Strategy,6000,34000,427000,170000
Dwarf Fortress,2022-12-06,Bay 12 Games,4.6,48000,48000,Indie,225000,80000,181000,195000
Dwarf Fortress,2022-12-06, Kitfox Games,4.6,48000,48000,Indie,225000,80000,181000,195000
Dwarf Fortress,2022-12-06,Bay 12 Games,4.6,48000,48000, RPG,225000,80000,181000,195000
Dwarf Fortress,2022-12-06, Kitfox Games,4.6,48000,48000, RPG,225000,80000,181000,195000
Dwarf Fortress,2022-12-06,Bay 12 Games,4.6,48000,48000, Simulator,225000,80000,181000,195000
Dwarf Fortress,2022-12-06, Kitfox Games,4.6,48000,48000, Simulator,225000,80000,181000,195000
Dwarf Fortress,2022-12-06,Bay 12 Games,4.6,48000,48000, Strategy,225000,80000,181000,195000
Dwarf Fortress,2022-12-06, Kitfox Games,4.6,48000,48000, Strategy,225000,80000,181000,195000
Klonoa 2: Lunatea's Veil,2001-03-22,Namco,4.2,379000,379000,Adventure,1100,31000,573000,399000
Klonoa 2: Lunatea's Veil,2001-03-22,Namco,4.2,379000,379000, Platform,1100,31000,573000,399000
Klonoa 2: Lunatea's Veil,2001-03-22,Namco,4.2,379000,379000, Sport,1100,31000,573000,399000
Pokémon Blue,1996-10-15,Nintendo,3.6,549000,549000,Adventure,5900,50000,287000,101000
Pokémon Blue,1996-10-15, Game Freak,3.6,549000,549000,Adventure,5900,50000,287000,101000
Pokémon Blue,1996-10-15,Nintendo,3.6,549000,549000, RPG,5900,50000,287000,101000
Pokémon Blue,1996-10-15, Game Freak,3.6,549000,549000, RPG,5900,50000,287000,101000
Pokémon Blue,1996-10-15,Nintendo,3.6,549000,549000, Turn Based Strategy,5900,50000,287000,101000
Pokémon Blue,1996-10-15, Game Freak,3.6,549000,549000, Turn Based Strategy,5900,50000,287000,101000
Planescape: Torment,1999-12-12,Interplay Entertainment,4.3,417000,417000,RPG,1100,74000,1100,518000
Planescape: Torment,1999-12-12, Black Isle Studios,4.3,417000,417000,RPG,1100,74000,1100,518000
Planescape: Torment,1999-12-12,Interplay Entertainment,4.3,417000,417000, Strategy,1100,74000,1100,518000
Planescape: Torment,1999-12-12, Black Isle Studios,4.3,417000,417000, Strategy,1100,74000,1100,518000
Far Cry 3: Blood Dragon,2013-05-01,Ubisoft Montreal,3.4,329000,329000,Adventure,4400,15000,946000,275000
Far Cry 3: Blood Dragon,2013-05-01,Ubisoft Montreal,3.4,329000,329000, Shooter,4400,15000,946000,275000
BattleBlock Theater,2013-04-03,Microsoft Studios,3.5,272000,272000,Adventure,5500,83000,750000,163000
BattleBlock Theater,2013-04-03, The Behemoth,3.5,272000,272000,Adventure,5500,83000,750000,163000
BattleBlock Theater,2013-04-03,Microsoft Studios,3.5,272000,272000, Indie,5500,83000,750000,163000
BattleBlock Theater,2013-04-03, The Behemoth,3.5,272000,272000, Indie,5500,83000,750000,163000
BattleBlock Theater,2013-04-03,Microsoft Studios,3.5,272000,272000, Platform,5500,83000,750000,163000
BattleBlock Theater,2013-04-03, The Behemoth,3.5,272000,272000, Platform,5500,83000,750000,163000
BattleBlock Theater,2013-04-03,Microsoft Studios,3.5,272000,272000, Puzzle,5500,83000,750000,163000
BattleBlock Theater,2013-04-03, The Behemoth,3.5,272000,272000, Puzzle,5500,83000,750000,163000
The Beginner's Guide,2015-10-01,Everything Unlimited Ltd.,4.0,443000,443000,Adventure,2700,7000,415000,484000
The Beginner's Guide,2015-10-01,Everything Unlimited Ltd.,4.0,443000,443000, Indie,2700,7000,415000,484000
We Love Katamari Reroll + Royal Reverie,2023-06-02,Bandai Namco Entertainment,3.7200267022696933,51000,51000,Adventure,3000,0,74000,291000
We Love Katamari Reroll + Royal Reverie,2023-06-02, MONKEYCRAFT Co. Ltd,3.7200267022696933,51000,51000,Adventure,3000,0,74000,291000
We Love Katamari Reroll + Royal Reverie,2023-06-02,Bandai Namco Entertainment,3.7200267022696933,51000,51000, Puzzle,3000,0,74000,291000
We Love Katamari Reroll + Royal Reverie,2023-06-02, MONKEYCRAFT Co. Ltd,3.7200267022696933,51000,51000, Puzzle,3000,0,74000,291000
Naruto Shippuden: Ultimate Ninja Storm 4,2016-02-04,Bandai Namco Entertainment,3.5,264000,264000,Adventure,4800,45000,366000,134000
Naruto Shippuden: Ultimate Ninja Storm 4,2016-02-04, CyberConnect2,3.5,264000,264000,Adventure,4800,45000,366000,134000
Naruto Shippuden: Ultimate Ninja Storm 4,2016-02-04,Bandai Namco Entertainment,3.5,264000,264000, Fighting,4800,45000,366000,134000
Naruto Shippuden: Ultimate Ninja Storm 4,2016-02-04, CyberConnect2,3.5,264000,264000, Fighting,4800,45000,366000,134000
Mega Man 3,1990-09-28,Capcom,3.4,599000,599000,Adventure,3800,25000,470000,140000
Mega Man 3,1990-09-28,Capcom,3.4,599000,599000, Platform,3800,25000,470000,140000
Ni no Kuni: Wrath of the White Witch,2011-11-17,Namco Bandai Games,3.7,438000,438000,Adventure,2400,161000,1700,682000
Ni no Kuni: Wrath of the White Witch,2011-11-17, Level-5,3.7,438000,438000,Adventure,2400,161000,1700,682000
Ni no Kuni: Wrath of the White Witch,2011-11-17,Namco Bandai Games,3.7,438000,438000, RPG,2400,161000,1700,682000
Ni no Kuni: Wrath of the White Witch,2011-11-17, Level-5,3.7,438000,438000, RPG,2400,161000,1700,682000
Fortnite: Chapter 4,2022-12-04,Epic Games,3.5,70000,70000,RPG,365000,77000,9000,2000
Fortnite: Chapter 4,2022-12-04,Epic Games,3.5,70000,70000, Shooter,365000,77000,9000,2000
Fortnite: Chapter 4,2022-12-04,Epic Games,3.5,70000,70000, Strategy,365000,77000,9000,2000
Danganronpa Another Episode: Ultra Despair Girls,2015-09-01,Spike ChunSoft,2.7,276000,276000,Adventure,3400,92000,797000,355000
Danganronpa Another Episode: Ultra Despair Girls,2015-09-01, NIS America,2.7,276000,276000,Adventure,3400,92000,797000,355000
Danganronpa Another Episode: Ultra Despair Girls,2015-09-01,Spike ChunSoft,2.7,276000,276000, Brawler,3400,92000,797000,355000
Danganronpa Another Episode: Ultra Despair Girls,2015-09-01, NIS America,2.7,276000,276000, Brawler,3400,92000,797000,355000
Danganronpa Another Episode: Ultra Despair Girls,2015-09-01,Spike ChunSoft,2.7,276000,276000, Puzzle,3400,92000,797000,355000
Danganronpa Another Episode: Ultra Despair Girls,2015-09-01, NIS America,2.7,276000,276000, Puzzle,3400,92000,797000,355000
Danganronpa Another Episode: Ultra Despair Girls,2015-09-01,Spike ChunSoft,2.7,276000,276000, Shooter,3400,92000,797000,355000
Danganronpa Another Episode: Ultra Despair Girls,2015-09-01, NIS America,2.7,276000,276000, Shooter,3400,92000,797000,355000
The Artful Escape,2021-09-09,Annapurna Interactive,3.3,346000,346000,Adventure,1100,38000,381000,353000
The Artful Escape,2021-09-09, Beethoven & Dinosaur,3.3,346000,346000,Adventure,1100,38000,381000,353000
The Artful Escape,2021-09-09,Annapurna Interactive,3.3,346000,346000, Indie,1100,38000,381000,353000
The Artful Escape,2021-09-09, Beethoven & Dinosaur,3.3,346000,346000, Indie,1100,38000,381000,353000
The Artful Escape,2021-09-09,Annapurna Interactive,3.3,346000,346000, Music,1100,38000,381000,353000
The Artful Escape,2021-09-09, Beethoven & Dinosaur,3.3,346000,346000, Music,1100,38000,381000,353000
The Artful Escape,2021-09-09,Annapurna Interactive,3.3,346000,346000, Platform,1100,38000,381000,353000
The Artful Escape,2021-09-09, Beethoven & Dinosaur,3.3,346000,346000, Platform,1100,38000,381000,353000
Dishonored: Definitive Edition,2013-10-08,Arkane Studios,4.1,229000,229000,Adventure,1600,55000,691000,140000
Dishonored: Definitive Edition,2013-10-08, Zenimax Europe,4.1,229000,229000,Adventure,1600,55000,691000,140000
Dishonored: Definitive Edition,2013-10-08,Arkane Studios,4.1,229000,229000, Shooter,1600,55000,691000,140000
Dishonored: Definitive Edition,2013-10-08, Zenimax Europe,4.1,229000,229000, Shooter,1600,55000,691000,140000
Pac-Man World Re-Pac,2022-08-25,Bandai Namco Games,3.5,161000,161000,Adventure,368000,25000,191000,294000
Pac-Man World Re-Pac,2022-08-25, NOW Production,3.5,161000,161000,Adventure,368000,25000,191000,294000
Pac-Man World Re-Pac,2022-08-25,Bandai Namco Games,3.5,161000,161000, Arcade,368000,25000,191000,294000
Pac-Man World Re-Pac,2022-08-25, NOW Production,3.5,161000,161000, Arcade,368000,25000,191000,294000
Pac-Man World Re-Pac,2022-08-25,Bandai Namco Games,3.5,161000,161000, Platform,368000,25000,191000,294000
Pac-Man World Re-Pac,2022-08-25, NOW Production,3.5,161000,161000, Platform,368000,25000,191000,294000
Pac-Man World Re-Pac,2022-08-25,Bandai Namco Games,3.5,161000,161000, Racing,368000,25000,191000,294000
Pac-Man World Re-Pac,2022-08-25, NOW Production,3.5,161000,161000, Racing,368000,25000,191000,294000
Pac-Man World Re-Pac,2022-08-25,Bandai Namco Games,3.5,161000,161000, Shooter,368000,25000,191000,294000
Pac-Man World Re-Pac,2022-08-25, NOW Production,3.5,161000,161000, Shooter,368000,25000,191000,294000
Ib,2022-04-11,kouri,4.0,114000,114000,Adventure,787000,13000,322000,453000
Ib,2022-04-11, PLAYISM,4.0,114000,114000,Adventure,787000,13000,322000,453000
Ib,2022-04-11,kouri,4.0,114000,114000, Indie,787000,13000,322000,453000
Ib,2022-04-11, PLAYISM,4.0,114000,114000, Indie,787000,13000,322000,453000
Ib,2022-04-11,kouri,4.0,114000,114000, Puzzle,787000,13000,322000,453000
Ib,2022-04-11, PLAYISM,4.0,114000,114000, Puzzle,787000,13000,322000,453000
Ib,2022-04-11,kouri,4.0,114000,114000, RPG,787000,13000,322000,453000
Ib,2022-04-11, PLAYISM,4.0,114000,114000, RPG,787000,13000,322000,453000
Castlevania: Circle of the Moon,2001-03-21,Konami,3.0,362000,362000,Adventure,2100,62000,742000,272000
Castlevania: Circle of the Moon,2001-03-21,Konami,3.0,362000,362000, Platform,2100,62000,742000,272000
Castlevania: Circle of the Moon,2001-03-21,Konami,3.0,362000,362000, RPG,2100,62000,742000,272000
Higurashi: When They Cry,2002-08-10,07th Expansion,4.2,311000,311000,Adventure,1100,97000,545000,435000
Higurashi: When They Cry,2002-08-10, MangaGamer,4.2,311000,311000,Adventure,1100,97000,545000,435000
Higurashi: When They Cry,2002-08-10,07th Expansion,4.2,311000,311000, Visual Novel,1100,97000,545000,435000
Higurashi: When They Cry,2002-08-10, MangaGamer,4.2,311000,311000, Visual Novel,1100,97000,545000,435000
Life is Strange: Before the Storm,2017-08-31,Square Enix,3.3,468000,468000,Adventure,4000,66000,765000,359000
Life is Strange: Before the Storm,2017-08-31, Deck Nine,3.3,468000,468000,Adventure,4000,66000,765000,359000
Darkwood,2017-08-17,Acid Wizard Studio,3.9,262000,262000,Adventure,836000,97000,1000,406000
Darkwood,2017-08-17, Crunching Koalas,3.9,262000,262000,Adventure,836000,97000,1000,406000
Darkwood,2017-08-17,Acid Wizard Studio,3.9,262000,262000, Indie,836000,97000,1000,406000
Darkwood,2017-08-17, Crunching Koalas,3.9,262000,262000, Indie,836000,97000,1000,406000
Darkwood,2017-08-17,Acid Wizard Studio,3.9,262000,262000, RPG,836000,97000,1000,406000
Darkwood,2017-08-17, Crunching Koalas,3.9,262000,262000, RPG,836000,97000,1000,406000
Beyond Good & Evil,2003-11-11,Ubisoft Shanghai,3.9,436000,436000,Adventure,2300,35000,1500,629000
Beyond Good & Evil,2003-11-11, Ubisoft,3.9,436000,436000,Adventure,2300,35000,1500,629000
Beyond Good & Evil,2003-11-11,Ubisoft Shanghai,3.9,436000,436000, Shooter,2300,35000,1500,629000
Beyond Good & Evil,2003-11-11, Ubisoft,3.9,436000,436000, Shooter,2300,35000,1500,629000
Metroid II: Return of Samus,1991-08-26,Nintendo,3.1,445000,445000,Adventure,2100,39000,595000,193000
Metroid II: Return of Samus,1991-08-26, Nintendo R&D1,3.1,445000,445000,Adventure,2100,39000,595000,193000
Metroid II: Return of Samus,1991-08-26,Nintendo,3.1,445000,445000, Platform,2100,39000,595000,193000
Metroid II: Return of Samus,1991-08-26, Nintendo R&D1,3.1,445000,445000, Platform,2100,39000,595000,193000
Metroid II: Return of Samus,1991-08-26,Nintendo,3.1,445000,445000, Shooter,2100,39000,595000,193000
Metroid II: Return of Samus,1991-08-26, Nintendo R&D1,3.1,445000,445000, Shooter,2100,39000,595000,193000
Shenmue,1999-12-29,Sega AM2,3.8,496000,496000,Adventure,1600,61000,993000,494000
Shenmue,1999-12-29, Sega,3.8,496000,496000,Adventure,1600,61000,993000,494000
Shenmue,1999-12-29,Sega AM2,3.8,496000,496000, Brawler,1600,61000,993000,494000
Shenmue,1999-12-29, Sega,3.8,496000,496000, Brawler,1600,61000,993000,494000
Shenmue,1999-12-29,Sega AM2,3.8,496000,496000, RPG,1600,61000,993000,494000
Shenmue,1999-12-29, Sega,3.8,496000,496000, RPG,1600,61000,993000,494000
Shenmue,1999-12-29,Sega AM2,3.8,496000,496000, Simulator,1600,61000,993000,494000
Shenmue,1999-12-29, Sega,3.8,496000,496000, Simulator,1600,61000,993000,494000
Project Zomboid,2013-11-08,The Indie Stone,3.6,133000,133000,Indie,1700,205000,319000,212000
Project Zomboid,2013-11-08,The Indie Stone,3.6,133000,133000, RPG,1700,205000,319000,212000
Project Zomboid,2013-11-08,The Indie Stone,3.6,133000,133000, Simulator,1700,205000,319000,212000
Crash Team Racing,1999-09-30,Naughty Dog,4.0,455000,455000,Racing,4800,18000,327000,165000
Crash Team Racing,1999-09-30, Sony Computer Entertainment,4.0,455000,455000,Racing,4800,18000,327000,165000
Crash Team Racing,1999-09-30, Inc. (SCEI),4.0,455000,455000,Racing,4800,18000,327000,165000
Carrion,2020-07-23,Phobia Game Studio,3.3,432000,432000,Adventure,2800,83000,729000,601000
Carrion,2020-07-23, Devolver Digital,3.3,432000,432000,Adventure,2800,83000,729000,601000
Carrion,2020-07-23,Phobia Game Studio,3.3,432000,432000, Indie,2800,83000,729000,601000
Carrion,2020-07-23, Devolver Digital,3.3,432000,432000, Indie,2800,83000,729000,601000
Carrion,2020-07-23,Phobia Game Studio,3.3,432000,432000, Platform,2800,83000,729000,601000
Carrion,2020-07-23, Devolver Digital,3.3,432000,432000, Platform,2800,83000,729000,601000
Gears of War 2,2008-11-07,Microsoft Game Studios,3.7,504000,504000,Shooter,4600,31000,522000,225000
Gears of War 2,2008-11-07, Epic Games,3.7,504000,504000,Shooter,4600,31000,522000,225000
Phoenix Wright: Ace Attorney - Dual Destinies,2013-07-25,Capcom,3.4,430000,430000,Adventure,3300,105000,1100,497000
Phoenix Wright: Ace Attorney - Dual Destinies,2013-07-25,Capcom,3.4,430000,430000, Puzzle,3300,105000,1100,497000
Phoenix Wright: Ace Attorney - Dual Destinies,2013-07-25,Capcom,3.4,430000,430000, RPG,3300,105000,1100,497000
Phoenix Wright: Ace Attorney - Dual Destinies,2013-07-25,Capcom,3.4,430000,430000, Simulator,3300,105000,1100,497000
Phoenix Wright: Ace Attorney - Dual Destinies,2013-07-25,Capcom,3.4,430000,430000, Visual Novel,3300,105000,1100,497000
The Legend of Zelda: Oracle of Seasons,2001-02-27,Nintendo,3.7,544000,544000,Adventure,3100,65000,1600,489000
The Legend of Zelda: Oracle of Seasons,2001-02-27, Capcom,3.7,544000,544000,Adventure,3100,65000,1600,489000
The Legend of Zelda: Oracle of Seasons,2001-02-27,Nintendo,3.7,544000,544000, RPG,3100,65000,1600,489000
The Legend of Zelda: Oracle of Seasons,2001-02-27, Capcom,3.7,544000,544000, RPG,3100,65000,1600,489000
Wild Hearts,2023-02-16,Omega Force,3.2,103000,103000,Adventure,73000,45000,108000,246000
Wild Hearts,2023-02-16, Electronic Arts,3.2,103000,103000,Adventure,73000,45000,108000,246000
God of War: Ascension,2013-03-12,Sony Computer Entertainment,2.9,318000,318000,Adventure,2700,27000,625000,351000
God of War: Ascension,2013-03-12, Inc. (SCEI),2.9,318000,318000,Adventure,2700,27000,625000,351000
God of War: Ascension,2013-03-12, SIE Santa Monica Studio,2.9,318000,318000,Adventure,2700,27000,625000,351000
God of War: Ascension,2013-03-12,Sony Computer Entertainment,2.9,318000,318000, Brawler,2700,27000,625000,351000
God of War: Ascension,2013-03-12, Inc. (SCEI),2.9,318000,318000, Brawler,2700,27000,625000,351000
God of War: Ascension,2013-03-12, SIE Santa Monica Studio,2.9,318000,318000, Brawler,2700,27000,625000,351000
Xenosaga Episode III: Also sprach Zarathustra,2006-07-06,Namco Bandai Games,4.3,399000,399000,Adventure,762000,23000,908000,448000
Xenosaga Episode III: Also sprach Zarathustra,2006-07-06, Monolith Soft,4.3,399000,399000,Adventure,762000,23000,908000,448000
Xenosaga Episode III: Also sprach Zarathustra,2006-07-06,Namco Bandai Games,4.3,399000,399000, RPG,762000,23000,908000,448000
Xenosaga Episode III: Also sprach Zarathustra,2006-07-06, Monolith Soft,4.3,399000,399000, RPG,762000,23000,908000,448000
Kirby's Dream Land 3,1997-11-27,Nintendo,3.4,469000,469000,Adventure,2600,49000,750000,179000
Kirby's Dream Land 3,1997-11-27, HAL Laboratory,3.4,469000,469000,Adventure,2600,49000,750000,179000
Kirby's Dream Land 3,1997-11-27,Nintendo,3.4,469000,469000, Platform,2600,49000,750000,179000
Kirby's Dream Land 3,1997-11-27, HAL Laboratory,3.4,469000,469000, Platform,2600,49000,750000,179000
Castlevania: Harmony of Dissonance,2002-06-06,Konami Computer Entertainment Tokyo,3.2,399000,399000,Adventure,2000,51000,802000,288000
Castlevania: Harmony of Dissonance,2002-06-06,Konami Computer Entertainment Tokyo,3.2,399000,399000, Platform,2000,51000,802000,288000
Castlevania: Harmony of Dissonance,2002-06-06,Konami Computer Entertainment Tokyo,3.2,399000,399000, RPG,2000,51000,802000,288000
Shantae and the Pirate's Curse,2014-10-22,WayForward Technologies,3.8,392000,392000,Adventure,2200,72000,1100,449000
Shantae and the Pirate's Curse,2014-10-22, Intergrow,3.8,392000,392000,Adventure,2200,72000,1100,449000
Shantae and the Pirate's Curse,2014-10-22,WayForward Technologies,3.8,392000,392000, Indie,2200,72000,1100,449000
Shantae and the Pirate's Curse,2014-10-22, Intergrow,3.8,392000,392000, Indie,2200,72000,1100,449000
Shantae and the Pirate's Curse,2014-10-22,WayForward Technologies,3.8,392000,392000, Platform,2200,72000,1100,449000
Shantae and the Pirate's Curse,2014-10-22, Intergrow,3.8,392000,392000, Platform,2200,72000,1100,449000
Shantae and the Pirate's Curse,2014-10-22,WayForward Technologies,3.8,392000,392000, RPG,2200,72000,1100,449000
Shantae and the Pirate's Curse,2014-10-22, Intergrow,3.8,392000,392000, RPG,2200,72000,1100,449000
Happy Wheels,2010-06-04,Fancy Force,2.8,124000,124000,Adventure,5100,3000,61000,21000
Happy Wheels,2010-06-04,Fancy Force,2.8,124000,124000, Platform,5100,3000,61000,21000
Happy Wheels,2010-06-04,Fancy Force,2.8,124000,124000, Racing,5100,3000,61000,21000
Guilty Gear XX Accent Core Plus R,2012-09-20,Arc System Works,4.1,423000,423000,Arcade,2500,142000,301000,142000
Guilty Gear XX Accent Core Plus R,2012-09-20,Arc System Works,4.1,423000,423000, Fighting,2500,142000,301000,142000
Fire Emblem Fates: Birthright,2015-06-25,Intelligent Systems Co.,2.7,405000,405000,RPG,4300,107000,801000,260000
Fire Emblem Fates: Birthright,2015-06-25, Ltd.,2.7,405000,405000,RPG,4300,107000,801000,260000
Fire Emblem Fates: Birthright,2015-06-25, Nintendo,2.7,405000,405000,RPG,4300,107000,801000,260000
Fire Emblem Fates: Birthright,2015-06-25,Intelligent Systems Co.,2.7,405000,405000, Strategy,4300,107000,801000,260000
Fire Emblem Fates: Birthright,2015-06-25, Ltd.,2.7,405000,405000, Strategy,4300,107000,801000,260000
Fire Emblem Fates: Birthright,2015-06-25, Nintendo,2.7,405000,405000, Strategy,4300,107000,801000,260000
Fire Emblem Fates: Birthright,2015-06-25,Intelligent Systems Co.,2.7,405000,405000, Turn Based Strategy,4300,107000,801000,260000
Fire Emblem Fates: Birthright,2015-06-25, Ltd.,2.7,405000,405000, Turn Based Strategy,4300,107000,801000,260000
Fire Emblem Fates: Birthright,2015-06-25, Nintendo,2.7,405000,405000, Turn Based Strategy,4300,107000,801000,260000
Final Fantasy IV,1991-07-19,Square Enix,3.7,530000,530000,RPG,2700,60000,964000,379000
Final Fantasy IV,1991-07-19, Square,3.7,530000,530000,RPG,2700,60000,964000,379000
Devil May Cry 5: Special Edition,2020-11-10,Capcom Development Division 1,4.5,265000,265000,Brawler,1000,70000,416000,286000
Devil May Cry 5: Special Edition,2020-11-10, Capcom,4.5,265000,265000,Brawler,1000,70000,416000,286000
Castlevania III: Dracula's Curse,1990-09-01,Konami,3.6,501000,501000,Adventure,2400,36000,606000,217000
Castlevania III: Dracula's Curse,1990-09-01, Palcom,3.6,501000,501000,Adventure,2400,36000,606000,217000
Castlevania III: Dracula's Curse,1990-09-01,Konami,3.6,501000,501000, Platform,2400,36000,606000,217000
Castlevania III: Dracula's Curse,1990-09-01, Palcom,3.6,501000,501000, Platform,2400,36000,606000,217000
Gloomwood,2022-09-05,New Blood Interactive,4.0,141000,141000,Adventure,265000,36000,338000,459000
Gloomwood,2022-09-05, David Szymanski,4.0,141000,141000,Adventure,265000,36000,338000,459000
Gloomwood,2022-09-05,New Blood Interactive,4.0,141000,141000, Indie,265000,36000,338000,459000
Gloomwood,2022-09-05, David Szymanski,4.0,141000,141000, Indie,265000,36000,338000,459000
Gloomwood,2022-09-05,New Blood Interactive,4.0,141000,141000, Shooter,265000,36000,338000,459000
Gloomwood,2022-09-05, David Szymanski,4.0,141000,141000, Shooter,265000,36000,338000,459000
Call of Duty: Advanced Warfare,2014-11-03,Activision,2.5,415000,415000,Shooter,5200,13000,308000,151000
Call of Duty: Advanced Warfare,2014-11-03, Sledgehammer Games,2.5,415000,415000,Shooter,5200,13000,308000,151000
The Legend of Heroes: Trails of Cold Steel,2013-09-26,XSEED Games,3.7,499000,499000,Adventure,2100,129000,1000,461000
The Legend of Heroes: Trails of Cold Steel,2013-09-26, Nihon Falcom,3.7,499000,499000,Adventure,2100,129000,1000,461000
The Legend of Heroes: Trails of Cold Steel,2013-09-26,XSEED Games,3.7,499000,499000, RPG,2100,129000,1000,461000
The Legend of Heroes: Trails of Cold Steel,2013-09-26, Nihon Falcom,3.7,499000,499000, RPG,2100,129000,1000,461000
The Legend of Heroes: Trails of Cold Steel,2013-09-26,XSEED Games,3.7,499000,499000, Turn Based Strategy,2100,129000,1000,461000
The Legend of Heroes: Trails of Cold Steel,2013-09-26, Nihon Falcom,3.7,499000,499000, Turn Based Strategy,2100,129000,1000,461000
Metal Gear Solid 3: Snake Eater HD Edition,2011-11-08,Konami Digital Entertainment,4.6,293000,293000,Adventure,2500,34000,554000,244000
Metal Gear Solid 3: Snake Eater HD Edition,2011-11-08,Konami Digital Entertainment,4.6,293000,293000, Shooter,2500,34000,554000,244000
Mario Kart: Super Circuit,2001-07-21,Nintendo,2.8,389000,389000,Racing,3700,24000,256000,101000
Pokémon Shining Pearl,2021-11-18,Nintendo,2.9,281000,281000,Adventure,1900,203000,444000,199000
Pokémon Shining Pearl,2021-11-18, ILCA,2.9,281000,281000,Adventure,1900,203000,444000,199000
Pokémon Shining Pearl,2021-11-18, Inc.,2.9,281000,281000,Adventure,1900,203000,444000,199000
Pokémon Shining Pearl,2021-11-18,Nintendo,2.9,281000,281000, RPG,1900,203000,444000,199000
Pokémon Shining Pearl,2021-11-18, ILCA,2.9,281000,281000, RPG,1900,203000,444000,199000
Pokémon Shining Pearl,2021-11-18, Inc.,2.9,281000,281000, RPG,1900,203000,444000,199000
Pokémon Shining Pearl,2021-11-18,Nintendo,2.9,281000,281000, Turn Based Strategy,1900,203000,444000,199000
Pokémon Shining Pearl,2021-11-18, ILCA,2.9,281000,281000, Turn Based Strategy,1900,203000,444000,199000
Pokémon Shining Pearl,2021-11-18, Inc.,2.9,281000,281000, Turn Based Strategy,1900,203000,444000,199000
PUBG: Battlegrounds,2017-12-20,Bluehole Studio,2.4,299000,299000,Shooter,5200,46000,253000,32000
PUBG: Battlegrounds,2017-12-20, PUBG Corp,2.4,299000,299000,Shooter,5200,46000,253000,32000
Earthblade,2024-12-31,Extremely OK Games,3.7200267022696933,83000,83000,Adventure,0,1000,103000,529000
Earthblade,2024-12-31,Extremely OK Games,3.7200267022696933,83000,83000, Indie,0,1000,103000,529000
Earthblade,2024-12-31,Extremely OK Games,3.7200267022696933,83000,83000, RPG,0,1000,103000,529000
Tetris,1989-05-14,Nintendo,4.0,197000,197000,Puzzle,2500,18000,76000,21000
Rule of Rose,2006-01-19,Atlus USA,3.8,394000,394000,Adventure,727000,33000,796000,770000
Rule of Rose,2006-01-19, Punchline,3.8,394000,394000,Adventure,727000,33000,796000,770000
Rule of Rose,2006-01-19,Atlus USA,3.8,394000,394000, Puzzle,727000,33000,796000,770000
Rule of Rose,2006-01-19, Punchline,3.8,394000,394000, Puzzle,727000,33000,796000,770000
Lollipop Chainsaw,2012-06-12,Grasshopper Manufacture,3.4,295000,295000,Brawler,1600,32000,717000,695000
Lollipop Chainsaw,2012-06-12, WB Games,3.4,295000,295000,Brawler,1600,32000,717000,695000
Pokémon LeafGreen,2004-01-29,Nintendo,3.8,413000,413000,Adventure,5900,62000,326000,128000
Pokémon LeafGreen,2004-01-29, Game Freak,3.8,413000,413000,Adventure,5900,62000,326000,128000
Pokémon LeafGreen,2004-01-29,Nintendo,3.8,413000,413000, RPG,5900,62000,326000,128000
Pokémon LeafGreen,2004-01-29, Game Freak,3.8,413000,413000, RPG,5900,62000,326000,128000
Pokémon LeafGreen,2004-01-29,Nintendo,3.8,413000,413000, Turn Based Strategy,5900,62000,326000,128000
Pokémon LeafGreen,2004-01-29, Game Freak,3.8,413000,413000, Turn Based Strategy,5900,62000,326000,128000
Bowser's Fury,2021-02-12,Nintendo,3.9,497000,497000,Adventure,2100,35000,466000,314000
Bowser's Fury,2021-02-12, Nintendo EAD Tokyo,3.9,497000,497000,Adventure,2100,35000,466000,314000
Bowser's Fury,2021-02-12,Nintendo,3.9,497000,497000, Platform,2100,35000,466000,314000
Bowser's Fury,2021-02-12, Nintendo EAD Tokyo,3.9,497000,497000, Platform,2100,35000,466000,314000
ZeroRanger,2018-09-28,System Erasure,4.3,317000,317000,Arcade,561000,30000,422000,356000
ZeroRanger,2018-09-28,System Erasure,4.3,317000,317000, Indie,561000,30000,422000,356000
ZeroRanger,2018-09-28,System Erasure,4.3,317000,317000, Shooter,561000,30000,422000,356000
Labyrinth of Galleria: The Moon Society,2020-11-26,Nippon Ichi Software,4.3,49000,49000,Adventure,67000,26000,120000,193000
Labyrinth of Galleria: The Moon Society,2020-11-26, NIS America,4.3,49000,49000,Adventure,67000,26000,120000,193000
Labyrinth of Galleria: The Moon Society,2020-11-26,Nippon Ichi Software,4.3,49000,49000, RPG,67000,26000,120000,193000
Labyrinth of Galleria: The Moon Society,2020-11-26, NIS America,4.3,49000,49000, RPG,67000,26000,120000,193000
Labyrinth of Galleria: The Moon Society,2020-11-26,Nippon Ichi Software,4.3,49000,49000, Strategy,67000,26000,120000,193000
Labyrinth of Galleria: The Moon Society,2020-11-26, NIS America,4.3,49000,49000, Strategy,67000,26000,120000,193000
Street Fighter II,1991-02-01,Capcom,3.5,433000,433000,Arcade,4300,11000,158000,99000
Street Fighter II,1991-02-01, U.S. Gold,3.5,433000,433000,Arcade,4300,11000,158000,99000
Street Fighter II,1991-02-01,Capcom,3.5,433000,433000, Fighting,4300,11000,158000,99000
Street Fighter II,1991-02-01, U.S. Gold,3.5,433000,433000, Fighting,4300,11000,158000,99000
Resident Evil: Revelations,2012-01-26,Tose,3.2,469000,469000,Adventure,2900,55000,939000,297000
Resident Evil: Revelations,2012-01-26, Capcom,3.2,469000,469000,Adventure,2900,55000,939000,297000
Resident Evil: Revelations,2012-01-26,Tose,3.2,469000,469000, Shooter,2900,55000,939000,297000
Resident Evil: Revelations,2012-01-26, Capcom,3.2,469000,469000, Shooter,2900,55000,939000,297000
Shin Megami Tensei,1992-10-30,Atlus,3.3,433000,433000,RPG,1300,146000,868000,455000
Tomb Raider,1996-10-25,Eidos Interactive,3.3,395000,395000,Adventure,2700,45000,773000,263000
Tomb Raider,1996-10-25, Core Design,3.3,395000,395000,Adventure,2700,45000,773000,263000
Tomb Raider,1996-10-25,Eidos Interactive,3.3,395000,395000, Platform,2700,45000,773000,263000
Tomb Raider,1996-10-25, Core Design,3.3,395000,395000, Platform,2700,45000,773000,263000
Tomb Raider,1996-10-25,Eidos Interactive,3.3,395000,395000, Puzzle,2700,45000,773000,263000
Tomb Raider,1996-10-25, Core Design,3.3,395000,395000, Puzzle,2700,45000,773000,263000
Tomb Raider,1996-10-25,Eidos Interactive,3.3,395000,395000, Shooter,2700,45000,773000,263000
Tomb Raider,1996-10-25, Core Design,3.3,395000,395000, Shooter,2700,45000,773000,263000
FIFA 23,2022-09-29,EA Sports,2.6,47000,47000,Simulator,523000,112000,27000,36000
FIFA 23,2022-09-29, EA Vancouver,2.6,47000,47000,Simulator,523000,112000,27000,36000
FIFA 23,2022-09-29,EA Sports,2.6,47000,47000, Sport,523000,112000,27000,36000
FIFA 23,2022-09-29, EA Vancouver,2.6,47000,47000, Sport,523000,112000,27000,36000
Battlefield: Bad Company 2,2010-03-02,EA Digital Illusions CE,3.6,288000,288000,Adventure,4200,23000,349000,119000
Battlefield: Bad Company 2,2010-03-02, Electronic Arts,3.6,288000,288000,Adventure,4200,23000,349000,119000
Battlefield: Bad Company 2,2010-03-02,EA Digital Illusions CE,3.6,288000,288000, Shooter,4200,23000,349000,119000
Battlefield: Bad Company 2,2010-03-02, Electronic Arts,3.6,288000,288000, Shooter,4200,23000,349000,119000
Battlefield: Bad Company 2,2010-03-02,EA Digital Illusions CE,3.6,288000,288000, Simulator,4200,23000,349000,119000
Battlefield: Bad Company 2,2010-03-02, Electronic Arts,3.6,288000,288000, Simulator,4200,23000,349000,119000
Battlefield: Bad Company 2,2010-03-02,EA Digital Illusions CE,3.6,288000,288000, Strategy,4200,23000,349000,119000
Battlefield: Bad Company 2,2010-03-02, Electronic Arts,3.6,288000,288000, Strategy,4200,23000,349000,119000
The Walking Dead: A New Frontier,2016-12-20,Telltale Games,2.8,345000,345000,Adventure,2900,19000,423000,181000
The Walking Dead: A New Frontier,2016-12-20, Skybound Games,2.8,345000,345000,Adventure,2900,19000,423000,181000
The Walking Dead: A New Frontier,2016-12-20,Telltale Games,2.8,345000,345000, Point-and-Click,2900,19000,423000,181000
The Walking Dead: A New Frontier,2016-12-20, Skybound Games,2.8,345000,345000, Point-and-Click,2900,19000,423000,181000
Ninja Gaiden Black,2005-09-20,Team NINJA,4.3,294000,294000,Adventure,992000,41000,495000,343000
Ninja Gaiden Black,2005-09-20, Tecmo,4.3,294000,294000,Adventure,992000,41000,495000,343000
Ninja Gaiden Black,2005-09-20,Team NINJA,4.3,294000,294000, Brawler,992000,41000,495000,343000
Ninja Gaiden Black,2005-09-20, Tecmo,4.3,294000,294000, Brawler,992000,41000,495000,343000
Sid Meier's Civilization V,2010-09-21,2K Games,3.9,320000,320000,Simulator,5400,56000,369000,140000
Sid Meier's Civilization V,2010-09-21, Firaxis Games,3.9,320000,320000,Simulator,5400,56000,369000,140000
Sid Meier's Civilization V,2010-09-21,2K Games,3.9,320000,320000, Strategy,5400,56000,369000,140000
Sid Meier's Civilization V,2010-09-21, Firaxis Games,3.9,320000,320000, Strategy,5400,56000,369000,140000
Sid Meier's Civilization V,2010-09-21,2K Games,3.9,320000,320000, Turn Based Strategy,5400,56000,369000,140000
Sid Meier's Civilization V,2010-09-21, Firaxis Games,3.9,320000,320000, Turn Based Strategy,5400,56000,369000,140000
World of Horror,2020-02-20,Ysbryd Games,3.7,257000,257000,Adventure,871000,59000,796000,949000
World of Horror,2020-02-20, panstasz,3.7,257000,257000,Adventure,871000,59000,796000,949000
World of Horror,2020-02-20,Ysbryd Games,3.7,257000,257000, Indie,871000,59000,796000,949000
World of Horror,2020-02-20, panstasz,3.7,257000,257000, Indie,871000,59000,796000,949000
World of Horror,2020-02-20,Ysbryd Games,3.7,257000,257000, Point-and-Click,871000,59000,796000,949000
World of Horror,2020-02-20, panstasz,3.7,257000,257000, Point-and-Click,871000,59000,796000,949000
World of Horror,2020-02-20,Ysbryd Games,3.7,257000,257000, RPG,871000,59000,796000,949000
World of Horror,2020-02-20, panstasz,3.7,257000,257000, RPG,871000,59000,796000,949000
World of Horror,2020-02-20,Ysbryd Games,3.7,257000,257000, Turn Based Strategy,871000,59000,796000,949000
World of Horror,2020-02-20, panstasz,3.7,257000,257000, Turn Based Strategy,871000,59000,796000,949000
Fire Emblem: Shadow Dragon,2008-08-07,Intelligent Systems Co.,3.2,361000,361000,RPG,1900,78000,808000,235000
Fire Emblem: Shadow Dragon,2008-08-07, Ltd.,3.2,361000,361000,RPG,1900,78000,808000,235000
Fire Emblem: Shadow Dragon,2008-08-07, Nintendo,3.2,361000,361000,RPG,1900,78000,808000,235000
Fire Emblem: Shadow Dragon,2008-08-07,Intelligent Systems Co.,3.2,361000,361000, Strategy,1900,78000,808000,235000
Fire Emblem: Shadow Dragon,2008-08-07, Ltd.,3.2,361000,361000, Strategy,1900,78000,808000,235000
Fire Emblem: Shadow Dragon,2008-08-07, Nintendo,3.2,361000,361000, Strategy,1900,78000,808000,235000
Fire Emblem: Shadow Dragon,2008-08-07,Intelligent Systems Co.,3.2,361000,361000, Tactical,1900,78000,808000,235000
Fire Emblem: Shadow Dragon,2008-08-07, Ltd.,3.2,361000,361000, Tactical,1900,78000,808000,235000
Fire Emblem: Shadow Dragon,2008-08-07, Nintendo,3.2,361000,361000, Tactical,1900,78000,808000,235000
Fire Emblem: Shadow Dragon,2008-08-07,Intelligent Systems Co.,3.2,361000,361000, Turn Based Strategy,1900,78000,808000,235000
Fire Emblem: Shadow Dragon,2008-08-07, Ltd.,3.2,361000,361000, Turn Based Strategy,1900,78000,808000,235000
Fire Emblem: Shadow Dragon,2008-08-07, Nintendo,3.2,361000,361000, Turn Based Strategy,1900,78000,808000,235000
Tomodachi Life,2013-04-18,Nintendo SPD Group No. 1,3.7,281000,281000,Adventure,3400,59000,180000,133000
Tomodachi Life,2013-04-18, Nintendo,3.7,281000,281000,Adventure,3400,59000,180000,133000
Tomodachi Life,2013-04-18,Nintendo SPD Group No. 1,3.7,281000,281000, Simulator,3400,59000,180000,133000
Tomodachi Life,2013-04-18, Nintendo,3.7,281000,281000, Simulator,3400,59000,180000,133000
Downwell,2015-10-14,Devolver Digital,3.5,363000,363000,Adventure,3700,60000,659000,219000
Downwell,2015-10-14, Moppin,3.5,363000,363000,Adventure,3700,60000,659000,219000
Downwell,2015-10-14,Devolver Digital,3.5,363000,363000, Arcade,3700,60000,659000,219000
Downwell,2015-10-14, Moppin,3.5,363000,363000, Arcade,3700,60000,659000,219000
Downwell,2015-10-14,Devolver Digital,3.5,363000,363000, Indie,3700,60000,659000,219000
Downwell,2015-10-14, Moppin,3.5,363000,363000, Indie,3700,60000,659000,219000
Downwell,2015-10-14,Devolver Digital,3.5,363000,363000, Platform,3700,60000,659000,219000
Downwell,2015-10-14, Moppin,3.5,363000,363000, Platform,3700,60000,659000,219000
Downwell,2015-10-14,Devolver Digital,3.5,363000,363000, Shooter,3700,60000,659000,219000
Downwell,2015-10-14, Moppin,3.5,363000,363000, Shooter,3700,60000,659000,219000
SpongeBob SquarePants: Battle For Bikini Bottom,2003-10-31,Heavy Iron Studios,3.8,326000,326000,Adventure,3400,22000,370000,216000
SpongeBob SquarePants: Battle For Bikini Bottom,2003-10-31, THQ,3.8,326000,326000,Adventure,3400,22000,370000,216000
SpongeBob SquarePants: Battle For Bikini Bottom,2003-10-31,Heavy Iron Studios,3.8,326000,326000, Platform,3400,22000,370000,216000
SpongeBob SquarePants: Battle For Bikini Bottom,2003-10-31, THQ,3.8,326000,326000, Platform,3400,22000,370000,216000
LEGO Harry Potter: Years 1-4,2010-06-25,WB Games,3.2,349000,349000,Adventure,4100,53000,449000,113000
LEGO Harry Potter: Years 1-4,2010-06-25," ""Travellers Tales""",3.2,349000,349000,Adventure,4100,53000,449000,113000
LEGO Harry Potter: Years 1-4,2010-06-25,WB Games,3.2,349000,349000, Platform,4100,53000,449000,113000
LEGO Harry Potter: Years 1-4,2010-06-25," ""Travellers Tales""",3.2,349000,349000, Platform,4100,53000,449000,113000
LEGO Harry Potter: Years 1-4,2010-06-25,WB Games,3.2,349000,349000, Puzzle,4100,53000,449000,113000
LEGO Harry Potter: Years 1-4,2010-06-25," ""Travellers Tales""",3.2,349000,349000, Puzzle,4100,53000,449000,113000
Dragon Quest V: Hand of the Heavenly Bride,2008-07-17,Chunsoft,4.2,371000,371000,RPG,1400,85000,1000,478000
Dragon Quest V: Hand of the Heavenly Bride,2008-07-17, Square Enix,4.2,371000,371000,RPG,1400,85000,1000,478000
Fear & Hunger,2018-12-11,Miro Haverinen,3.8,48000,48000,Indie,110000,39000,167000,185000
Fear & Hunger,2018-12-11, Happy Paintings,3.8,48000,48000,Indie,110000,39000,167000,185000
Fear & Hunger,2018-12-11,Miro Haverinen,3.8,48000,48000, RPG,110000,39000,167000,185000
Fear & Hunger,2018-12-11, Happy Paintings,3.8,48000,48000, RPG,110000,39000,167000,185000
For Honor,2017-02-13,Ubisoft Entertainment,2.8,236000,236000,Brawler,4100,56000,579000,91000
For Honor,2017-02-13, Ubisoft Montreal,2.8,236000,236000,Brawler,4100,56000,579000,91000
For Honor,2017-02-13,Ubisoft Entertainment,2.8,236000,236000, Fighting,4100,56000,579000,91000
For Honor,2017-02-13, Ubisoft Montreal,2.8,236000,236000, Fighting,4100,56000,579000,91000
Sonic Lost World,2013-10-18,Nintendo,2.5,395000,395000,Adventure,2500,34000,498000,214000
Sonic Lost World,2013-10-18, Sonic Team,2.5,395000,395000,Adventure,2500,34000,498000,214000
Sonic Lost World,2013-10-18,Nintendo,2.5,395000,395000, Platform,2500,34000,498000,214000
Sonic Lost World,2013-10-18, Sonic Team,2.5,395000,395000, Platform,2500,34000,498000,214000
Bug Fables: The Everlasting Sapling,2019-11-21,DANGEN Entertainment,4.1,357000,357000,Adventure,1000,146000,1100,535000
Bug Fables: The Everlasting Sapling,2019-11-21, Moonsprout Games,4.1,357000,357000,Adventure,1000,146000,1100,535000
Bug Fables: The Everlasting Sapling,2019-11-21,DANGEN Entertainment,4.1,357000,357000, Indie,1000,146000,1100,535000
Bug Fables: The Everlasting Sapling,2019-11-21, Moonsprout Games,4.1,357000,357000, Indie,1000,146000,1100,535000
Bug Fables: The Everlasting Sapling,2019-11-21,DANGEN Entertainment,4.1,357000,357000, RPG,1000,146000,1100,535000
Bug Fables: The Everlasting Sapling,2019-11-21, Moonsprout Games,4.1,357000,357000, RPG,1000,146000,1100,535000
Bug Fables: The Everlasting Sapling,2019-11-21,DANGEN Entertainment,4.1,357000,357000, Turn Based Strategy,1000,146000,1100,535000
Bug Fables: The Everlasting Sapling,2019-11-21, Moonsprout Games,4.1,357000,357000, Turn Based Strategy,1000,146000,1100,535000
Hyrule Warriors: Age of Calamity,2020-11-19,Koei Tecmo,3.5,531000,531000,Adventure,2700,308000,1100,695000
Hyrule Warriors: Age of Calamity,2020-11-19, Omega Force,3.5,531000,531000,Adventure,2700,308000,1100,695000
Hyrule Warriors: Age of Calamity,2020-11-19,Koei Tecmo,3.5,531000,531000, Brawler,2700,308000,1100,695000
Hyrule Warriors: Age of Calamity,2020-11-19, Omega Force,3.5,531000,531000, Brawler,2700,308000,1100,695000
Hyrule Warriors: Age of Calamity,2020-11-19,Koei Tecmo,3.5,531000,531000, Fighting,2700,308000,1100,695000
Hyrule Warriors: Age of Calamity,2020-11-19, Omega Force,3.5,531000,531000, Fighting,2700,308000,1100,695000
LEGO Batman 3: Beyond Gotham,2014-11-11,"""Travellers Tales""",3.1,373000,373000,Adventure,2900,37000,801000,113000
LEGO Batman 3: Beyond Gotham,2014-11-11, WB Games,3.1,373000,373000,Adventure,2900,37000,801000,113000
LEGO Batman 3: Beyond Gotham,2014-11-11,"""Travellers Tales""",3.1,373000,373000, Platform,2900,37000,801000,113000
LEGO Batman 3: Beyond Gotham,2014-11-11, WB Games,3.1,373000,373000, Platform,2900,37000,801000,113000
LEGO Batman 3: Beyond Gotham,2014-11-11,"""Travellers Tales""",3.1,373000,373000, Puzzle,2900,37000,801000,113000
LEGO Batman 3: Beyond Gotham,2014-11-11, WB Games,3.1,373000,373000, Puzzle,2900,37000,801000,113000
Moonscars,2022-09-27,Black Mermaid,2.9,97000,97000,Adventure,248000,24000,179000,212000
Moonscars,2022-09-27, Humble Games,2.9,97000,97000,Adventure,248000,24000,179000,212000
Moonscars,2022-09-27,Black Mermaid,2.9,97000,97000, Brawler,248000,24000,179000,212000
Moonscars,2022-09-27, Humble Games,2.9,97000,97000, Brawler,248000,24000,179000,212000
Moonscars,2022-09-27,Black Mermaid,2.9,97000,97000, Indie,248000,24000,179000,212000
Moonscars,2022-09-27, Humble Games,2.9,97000,97000, Indie,248000,24000,179000,212000
Moonscars,2022-09-27,Black Mermaid,2.9,97000,97000, Platform,248000,24000,179000,212000
Moonscars,2022-09-27, Humble Games,2.9,97000,97000, Platform,248000,24000,179000,212000
The Witcher 3: Wild Hunt - Hearts of Stone,2015-10-12,CD Projekt RED,4.4,159000,159000,Adventure,3100,39000,487000,106000
The Witcher 3: Wild Hunt - Hearts of Stone,2015-10-12,CD Projekt RED,4.4,159000,159000, RPG,3100,39000,487000,106000
Remnant: From the Ashes,2019-08-20,Gunfire Games,3.2,304000,304000,Adventure,2100,71000,1000,180000
Remnant: From the Ashes,2019-08-20, Perfect World Entertainment,3.2,304000,304000,Adventure,2100,71000,1000,180000
Remnant: From the Ashes,2019-08-20,Gunfire Games,3.2,304000,304000, RPG,2100,71000,1000,180000
Remnant: From the Ashes,2019-08-20, Perfect World Entertainment,3.2,304000,304000, RPG,2100,71000,1000,180000
Remnant: From the Ashes,2019-08-20,Gunfire Games,3.2,304000,304000, Shooter,2100,71000,1000,180000
Remnant: From the Ashes,2019-08-20, Perfect World Entertainment,3.2,304000,304000, Shooter,2100,71000,1000,180000
Halo 5: Guardians,2015-10-27,343 Industries,2.5,500000,500000,Shooter,3500,31000,602000,257000
Halo 5: Guardians,2015-10-27, Microsoft Studios,2.5,500000,500000,Shooter,3500,31000,602000,257000
Hearthstone,2014-03-11,Blizzard Entertainment,2.9,212000,212000,Card & Board Game,5500,105000,128000,24000
Hearthstone,2014-03-11,Blizzard Entertainment,2.9,212000,212000, Strategy,5500,105000,128000,24000
Hearthstone,2014-03-11,Blizzard Entertainment,2.9,212000,212000, Turn Based Strategy,5500,105000,128000,24000
Ultimate Spider-Man,2005-09-21,Activision,3.6,300000,300000,Brawler,3700,25000,382000,280000
Ultimate Spider-Man,2005-09-21, Beenox,3.6,300000,300000,Brawler,3700,25000,382000,280000
Chop Goblins,2022-12-12,David Szymanski,3.5,56000,56000,Indie,195000,4000,42000,38000
Chop Goblins,2022-12-12,David Szymanski,3.5,56000,56000, Shooter,195000,4000,42000,38000
Secret of Mana,1993-08-06,Square Enix,3.3,413000,413000,RPG,1900,57000,1300,511000
Secret of Mana,1993-08-06, Square,3.3,413000,413000,RPG,1900,57000,1300,511000
428: Shibuya Scramble,2008-12-04,Chunsoft,4.2,249000,249000,Adventure,676000,87000,1000,588000
428: Shibuya Scramble,2008-12-04, Sega,4.2,249000,249000,Adventure,676000,87000,1000,588000
428: Shibuya Scramble,2008-12-04,Chunsoft,4.2,249000,249000, Visual Novel,676000,87000,1000,588000
428: Shibuya Scramble,2008-12-04, Sega,4.2,249000,249000, Visual Novel,676000,87000,1000,588000
Potion Craft,2021-09-21,tinyBuild,3.2,77000,77000,Indie,471000,83000,233000,187000
Potion Craft,2021-09-21, niceplay game,3.2,77000,77000,Indie,471000,83000,233000,187000
Potion Craft,2021-09-21,tinyBuild,3.2,77000,77000, Point-and-Click,471000,83000,233000,187000
Potion Craft,2021-09-21, niceplay game,3.2,77000,77000, Point-and-Click,471000,83000,233000,187000
Potion Craft,2021-09-21,tinyBuild,3.2,77000,77000, Puzzle,471000,83000,233000,187000
Potion Craft,2021-09-21, niceplay game,3.2,77000,77000, Puzzle,471000,83000,233000,187000
Potion Craft,2021-09-21,tinyBuild,3.2,77000,77000, RPG,471000,83000,233000,187000
Potion Craft,2021-09-21, niceplay game,3.2,77000,77000, RPG,471000,83000,233000,187000
Potion Craft,2021-09-21,tinyBuild,3.2,77000,77000, Simulator,471000,83000,233000,187000
Potion Craft,2021-09-21, niceplay game,3.2,77000,77000, Simulator,471000,83000,233000,187000
Mega Man Legends,1997-12-18,Capcom USA,3.7,361000,361000,Adventure,1400,51000,851000,364000
Mega Man Legends,1997-12-18, Capcom Production Studio 2,3.7,361000,361000,Adventure,1400,51000,851000,364000
Mega Man Legends,1997-12-18,Capcom USA,3.7,361000,361000, RPG,1400,51000,851000,364000
Mega Man Legends,1997-12-18, Capcom Production Studio 2,3.7,361000,361000, RPG,1400,51000,851000,364000
Mega Man Legends,1997-12-18,Capcom USA,3.7,361000,361000, Shooter,1400,51000,851000,364000
Mega Man Legends,1997-12-18, Capcom Production Studio 2,3.7,361000,361000, Shooter,1400,51000,851000,364000
Xenoblade Chronicles: Future Connected,2020-05-29,Nintendo,3.5,232000,232000,RPG,1900,55000,485000,97000
Xenoblade Chronicles: Future Connected,2020-05-29, Monolith Soft,3.5,232000,232000,RPG,1900,55000,485000,97000
Crab Game,2021-10-29,Dani,2.5,96000,96000,Arcade,2300,14000,117000,22000
Crab Game,2021-10-29,Dani,2.5,96000,96000, Fighting,2300,14000,117000,22000
Crab Game,2021-10-29,Dani,2.5,96000,96000, Indie,2300,14000,117000,22000
Crab Game,2021-10-29,Dani,2.5,96000,96000, Racing,2300,14000,117000,22000
Crab Game,2021-10-29,Dani,2.5,96000,96000, Strategy,2300,14000,117000,22000
Dante's Inferno,2010-02-04,Electronic Arts,3.2,321000,321000,Adventure,2600,40000,567000,334000
Dante's Inferno,2010-02-04, Visceral Games,3.2,321000,321000,Adventure,2600,40000,567000,334000
Dante's Inferno,2010-02-04,Electronic Arts,3.2,321000,321000, Brawler,2600,40000,567000,334000
Dante's Inferno,2010-02-04, Visceral Games,3.2,321000,321000, Brawler,2600,40000,567000,334000
Haunting Ground,2005-04-21,Capcom Production Studio 1,3.8,281000,281000,Adventure,597000,29000,625000,572000
Haunting Ground,2005-04-21, Capcom,3.8,281000,281000,Adventure,597000,29000,625000,572000
Assassin's Creed Rogue,2014-11-11,Ubisoft Sofia,3.2,384000,384000,Adventure,3400,27000,861000,330000
Assassin's Creed Rogue,2014-11-11,Ubisoft Sofia,3.2,384000,384000, RPG,3400,27000,861000,330000
Garten of Banban 2,2023-03-03,Euphoric Brothers,1.5,16000,16000,Adventure,55000,0,6000,3000
Garten of Banban 2,2023-03-03,Euphoric Brothers,1.5,16000,16000, Indie,55000,0,6000,3000
Pokémon Stadium,1999-04-30,HAL Laboratory,3.3,340000,340000,RPG,5400,16000,369000,157000
Pokémon Stadium,1999-04-30, Nintendo,3.3,340000,340000,RPG,5400,16000,369000,157000
Pokémon Stadium,1999-04-30,HAL Laboratory,3.3,340000,340000, Turn Based Strategy,5400,16000,369000,157000
Pokémon Stadium,1999-04-30, Nintendo,3.3,340000,340000, Turn Based Strategy,5400,16000,369000,157000
Outlast II,2017-04-25,Red Barrels,2.8,279000,279000,Adventure,2700,44000,891000,253000
Outlast II,2017-04-25,Red Barrels,2.8,279000,279000, Indie,2700,44000,891000,253000
Ni no Kuni II: Revenant Kingdom,2018-03-23,Bandai Namco Entertainment,3.3,269000,269000,Adventure,1700,81000,1500,537000
Ni no Kuni II: Revenant Kingdom,2018-03-23, Level-5,3.3,269000,269000,Adventure,1700,81000,1500,537000
Ni no Kuni II: Revenant Kingdom,2018-03-23,Bandai Namco Entertainment,3.3,269000,269000, RPG,1700,81000,1500,537000
Ni no Kuni II: Revenant Kingdom,2018-03-23, Level-5,3.3,269000,269000, RPG,1700,81000,1500,537000
Metal Gear,1987-07-13,Ultra Games,2.9,344000,344000,Adventure,1900,29000,539000,213000
Metal Gear,1987-07-13, Konami,2.9,344000,344000,Adventure,1900,29000,539000,213000
Metal Gear,1987-07-13,Ultra Games,2.9,344000,344000, Shooter,1900,29000,539000,213000
Metal Gear,1987-07-13, Konami,2.9,344000,344000, Shooter,1900,29000,539000,213000
Disney's Aladdin,1993-11-21,Capcom,3.4,203000,203000,Adventure,2200,9000,192000,85000
Disney's Aladdin,1993-11-21,Capcom,3.4,203000,203000, Arcade,2200,9000,192000,85000
Disney's Aladdin,1993-11-21,Capcom,3.4,203000,203000, Platform,2200,9000,192000,85000
Fable II,2008-10-21,Lionhead Studios,3.6,310000,310000,Adventure,3200,22000,580000,271000
Fable II,2008-10-21, Microsoft Game Studios,3.6,310000,310000,Adventure,3200,22000,580000,271000
Fable II,2008-10-21,Lionhead Studios,3.6,310000,310000, RPG,3200,22000,580000,271000
Fable II,2008-10-21, Microsoft Game Studios,3.6,310000,310000, RPG,3200,22000,580000,271000
Celeste: Farewell,2019-09-09,Extremely OK Games,4.5,58000,58000,Platform,648000,32000,224000,139000
Axiom Verge 2,2021-08-11,Nintendo,3.4,116000,116000,Adventure,312000,20000,404000,313000
Axiom Verge 2,2021-08-11, Thomas Happ Games,3.4,116000,116000,Adventure,312000,20000,404000,313000
Axiom Verge 2,2021-08-11,Nintendo,3.4,116000,116000, Indie,312000,20000,404000,313000
Axiom Verge 2,2021-08-11, Thomas Happ Games,3.4,116000,116000, Indie,312000,20000,404000,313000
Axiom Verge 2,2021-08-11,Nintendo,3.4,116000,116000, Platform,312000,20000,404000,313000
Axiom Verge 2,2021-08-11, Thomas Happ Games,3.4,116000,116000, Platform,312000,20000,404000,313000
Lightning Returns: Final Fantasy XIII,2013-11-21,Square Enix,3.1,362000,362000,RPG,1500,44000,1300,426000
Yakuza 2,2006-12-07,Sega,4.0,331000,331000,Adventure,1000,28000,491000,255000
Yakuza 2,2006-12-07,Sega,4.0,331000,331000, Brawler,1000,28000,491000,255000
Yakuza 2,2006-12-07,Sega,4.0,331000,331000, RPG,1000,28000,491000,255000
Yakuza 2,2006-12-07,Sega,4.0,331000,331000, Simulator,1000,28000,491000,255000
Yakuza 2,2006-12-07,Sega,4.0,331000,331000, Sport,1000,28000,491000,255000
F-Zero X,1998-07-14,Nintendo EAD,3.9,354000,354000,Arcade,1700,15000,387000,172000
F-Zero X,1998-07-14, Nintendo,3.9,354000,354000,Arcade,1700,15000,387000,172000
F-Zero X,1998-07-14,Nintendo EAD,3.9,354000,354000, Racing,1700,15000,387000,172000
F-Zero X,1998-07-14, Nintendo,3.9,354000,354000, Racing,1700,15000,387000,172000
Chibi-Robo!,2005-06-23,Nintendo,4.1,386000,386000,Adventure,1000,33000,695000,477000
Chibi-Robo!,2005-06-23, Skip Ltd.,4.1,386000,386000,Adventure,1000,33000,695000,477000
Chibi-Robo!,2005-06-23,Nintendo,4.1,386000,386000, Platform,1000,33000,695000,477000
Chibi-Robo!,2005-06-23, Skip Ltd.,4.1,386000,386000, Platform,1000,33000,695000,477000
Super Mario Sunshine,2020-09-18,Nintendo EAD,3.7,19000,19000,Adventure,340000,6000,83000,14000
Super Mario Sunshine,2020-09-18, Nintendo,3.7,19000,19000,Adventure,340000,6000,83000,14000
Super Mario Sunshine,2020-09-18,Nintendo EAD,3.7,19000,19000, Platform,340000,6000,83000,14000
Super Mario Sunshine,2020-09-18, Nintendo,3.7,19000,19000, Platform,340000,6000,83000,14000
RimWorld,2018-10-17,Ludeon Studios,4.2,149000,149000,Indie,1600,142000,382000,366000
RimWorld,2018-10-17,Ludeon Studios,4.2,149000,149000, Real Time Strategy,1600,142000,382000,366000
RimWorld,2018-10-17,Ludeon Studios,4.2,149000,149000, Simulator,1600,142000,382000,366000
RimWorld,2018-10-17,Ludeon Studios,4.2,149000,149000, Strategy,1600,142000,382000,366000
Professor Layton and the Miracle Mask,2011-02-26,Level-5,3.7,192000,192000,Point-and-Click,1300,42000,518000,253000
Professor Layton and the Miracle Mask,2011-02-26, Nintendo,3.7,192000,192000,Point-and-Click,1300,42000,518000,253000
Professor Layton and the Miracle Mask,2011-02-26,Level-5,3.7,192000,192000, Puzzle,1300,42000,518000,253000
Professor Layton and the Miracle Mask,2011-02-26, Nintendo,3.7,192000,192000, Puzzle,1300,42000,518000,253000
Professor Layton and the Miracle Mask,2011-02-26,Level-5,3.7,192000,192000, Visual Novel,1300,42000,518000,253000
Professor Layton and the Miracle Mask,2011-02-26, Nintendo,3.7,192000,192000, Visual Novel,1300,42000,518000,253000
Mega Man X5,2000-11-30,Capcom Production Studio 3,3.2,334000,334000,Adventure,2200,11000,450000,126000
Mega Man X5,2000-11-30, Capcom,3.2,334000,334000,Adventure,2200,11000,450000,126000
Mega Man X5,2000-11-30,Capcom Production Studio 3,3.2,334000,334000, Platform,2200,11000,450000,126000
Mega Man X5,2000-11-30, Capcom,3.2,334000,334000, Platform,2200,11000,450000,126000
Mega Man X5,2000-11-30,Capcom Production Studio 3,3.2,334000,334000, Shooter,2200,11000,450000,126000
Mega Man X5,2000-11-30, Capcom,3.2,334000,334000, Shooter,2200,11000,450000,126000
Tokyo Necro,2016-01-29,Nitroplus,4.6,21000,21000,Adventure,14000,22000,50000,69000
Tokyo Necro,2016-01-29, JAST USA,4.6,21000,21000,Adventure,14000,22000,50000,69000
Tokyo Necro,2016-01-29,Nitroplus,4.6,21000,21000, Visual Novel,14000,22000,50000,69000
Tokyo Necro,2016-01-29, JAST USA,4.6,21000,21000, Visual Novel,14000,22000,50000,69000
Disney Dreamlight Valley,2022-09-06,Gameloft,3.5,130000,130000,Adventure,329000,169000,102000,136000
Disney Dreamlight Valley,2022-09-06,Gameloft,3.5,130000,130000, RPG,329000,169000,102000,136000
Disney Dreamlight Valley,2022-09-06,Gameloft,3.5,130000,130000, Simulator,329000,169000,102000,136000
Mega Man 7,1995-03-24,Capcom,3.5,405000,405000,Adventure,2400,19000,461000,139000
Mega Man 7,1995-03-24,Capcom,3.5,405000,405000, Platform,2400,19000,461000,139000
Mega Man 7,1995-03-24,Capcom,3.5,405000,405000, Shooter,2400,19000,461000,139000
Figment,2017-09-22,Bedtime Digital Games,2.8,124000,124000,Adventure,183000,20000,392000,35000
Figment,2017-09-22,Bedtime Digital Games,2.8,124000,124000, Indie,183000,20000,392000,35000
Figment,2017-09-22,Bedtime Digital Games,2.8,124000,124000, Music,183000,20000,392000,35000
Figment,2017-09-22,Bedtime Digital Games,2.8,124000,124000, Platform,183000,20000,392000,35000
Figment,2017-09-22,Bedtime Digital Games,2.8,124000,124000, Puzzle,183000,20000,392000,35000
"Flower, Sun, and Rain: Murder and Mystery in Paradise",2008-03-06,h.a.n.d. Inc.,4.2,178000,178000,Adventure,408000,27000,321000,209000
"Flower, Sun, and Rain: Murder and Mystery in Paradise",2008-03-06, Marvelous Entertainment,4.2,178000,178000,Adventure,408000,27000,321000,209000
"Flower, Sun, and Rain: Murder and Mystery in Paradise",2008-03-06,h.a.n.d. Inc.,4.2,178000,178000, Puzzle,408000,27000,321000,209000
"Flower, Sun, and Rain: Murder and Mystery in Paradise",2008-03-06, Marvelous Entertainment,4.2,178000,178000, Puzzle,408000,27000,321000,209000
Professor Layton vs. Phoenix Wright: Ace Attorney,2012-11-29,Level-5,3.6,275000,275000,Adventure,1800,68000,882000,484000
Professor Layton vs. Phoenix Wright: Ace Attorney,2012-11-29, Nintendo,3.6,275000,275000,Adventure,1800,68000,882000,484000
Professor Layton vs. Phoenix Wright: Ace Attorney,2012-11-29,Level-5,3.6,275000,275000, Puzzle,1800,68000,882000,484000
Professor Layton vs. Phoenix Wright: Ace Attorney,2012-11-29, Nintendo,3.6,275000,275000, Puzzle,1800,68000,882000,484000
Professor Layton vs. Phoenix Wright: Ace Attorney,2012-11-29,Level-5,3.6,275000,275000, Strategy,1800,68000,882000,484000
Professor Layton vs. Phoenix Wright: Ace Attorney,2012-11-29, Nintendo,3.6,275000,275000, Strategy,1800,68000,882000,484000
Professor Layton vs. Phoenix Wright: Ace Attorney,2012-11-29,Level-5,3.6,275000,275000, Visual Novel,1800,68000,882000,484000
Professor Layton vs. Phoenix Wright: Ace Attorney,2012-11-29, Nintendo,3.6,275000,275000, Visual Novel,1800,68000,882000,484000
Metal Gear Solid: The Twin Snakes,2004-03-09,Konami,3.6,267000,267000,Adventure,1900,31000,619000,364000
Metal Gear Solid: The Twin Snakes,2004-03-09, Silicon Knights,3.6,267000,267000,Adventure,1900,31000,619000,364000
The Simpsons Game,2007-10-30,Griptonite Games,3.0,200000,200000,Platform,3800,20000,283000,156000
The Simpsons Game,2007-10-30, Electronic Arts,3.0,200000,200000,Platform,3800,20000,283000,156000
Mega Man Zero 2,2003-05-02,Inti Creates,3.7,317000,317000,Adventure,1900,21000,529000,180000
Mega Man Zero 2,2003-05-02, Capcom,3.7,317000,317000,Adventure,1900,21000,529000,180000
Mega Man Zero 2,2003-05-02,Inti Creates,3.7,317000,317000, Platform,1900,21000,529000,180000
Mega Man Zero 2,2003-05-02, Capcom,3.7,317000,317000, Platform,1900,21000,529000,180000
Mega Man Zero 2,2003-05-02,Inti Creates,3.7,317000,317000, Shooter,1900,21000,529000,180000
Mega Man Zero 2,2003-05-02, Capcom,3.7,317000,317000, Shooter,1900,21000,529000,180000
Gears 5,2019-09-09,The Coalition,3.4,382000,382000,Adventure,2100,70000,589000,221000
Gears 5,2019-09-09, Xbox Game Studios,3.4,382000,382000,Adventure,2100,70000,589000,221000
Gears 5,2019-09-09,The Coalition,3.4,382000,382000, Shooter,2100,70000,589000,221000
Gears 5,2019-09-09, Xbox Game Studios,3.4,382000,382000, Shooter,2100,70000,589000,221000
Crash of the Titans,2007-10-04,Radical Entertainment,3.0,200000,200000,Adventure,3800,18000,196000,122000
Crash of the Titans,2007-10-04, Sierra Entertainment,3.0,200000,200000,Adventure,3800,18000,196000,122000
Crash of the Titans,2007-10-04,Radical Entertainment,3.0,200000,200000, Platform,3800,18000,196000,122000
Crash of the Titans,2007-10-04, Sierra Entertainment,3.0,200000,200000, Platform,3800,18000,196000,122000
Alan Wake Remastered,2021-10-05,Remedy Entertainment,3.7,209000,209000,Adventure,690000,62000,481000,402000
Alan Wake Remastered,2021-10-05, Epic Games,3.7,209000,209000,Adventure,690000,62000,481000,402000
Alan Wake Remastered,2021-10-05,Remedy Entertainment,3.7,209000,209000, Shooter,690000,62000,481000,402000
Alan Wake Remastered,2021-10-05, Epic Games,3.7,209000,209000, Shooter,690000,62000,481000,402000
Final Fantasy XV: Royal Edition,2018-03-06,Square Enix,3.7,225000,225000,Adventure,1700,92000,672000,160000
Final Fantasy XV: Royal Edition,2018-03-06,Square Enix,3.7,225000,225000, Fighting,1700,92000,672000,160000
Final Fantasy XV: Royal Edition,2018-03-06,Square Enix,3.7,225000,225000, RPG,1700,92000,672000,160000
The Witcher,2007-10-26,Atari,3.0,220000,220000,Adventure,1600,57000,540000,168000
The Witcher,2007-10-26, CD Projekt RED,3.0,220000,220000,Adventure,1600,57000,540000,168000
The Witcher,2007-10-26,Atari,3.0,220000,220000, RPG,1600,57000,540000,168000
The Witcher,2007-10-26, CD Projekt RED,3.0,220000,220000, RPG,1600,57000,540000,168000
Final Fantasy III,2006-08-24,Square,3.1,342000,342000,Adventure,2600,59000,891000,290000
Final Fantasy III,2006-08-24, Square Enix,3.1,342000,342000,Adventure,2600,59000,891000,290000
Final Fantasy III,2006-08-24,Square,3.1,342000,342000, RPG,2600,59000,891000,290000
Final Fantasy III,2006-08-24, Square Enix,3.1,342000,342000, RPG,2600,59000,891000,290000
Snatcher,1992-10-23,Konami,4.0,242000,242000,Adventure,547000,25000,607000,434000
Snatcher,1992-10-23,Konami,4.0,242000,242000, Point-and-Click,547000,25000,607000,434000
Snatcher,1992-10-23,Konami,4.0,242000,242000, Shooter,547000,25000,607000,434000
Snatcher,1992-10-23,Konami,4.0,242000,242000, Visual Novel,547000,25000,607000,434000
Hello Charlotte Ep.3: Childhood's End,2018-01-05,etherane,4.3,137000,137000,Adventure,424000,15000,191000,167000
Hello Charlotte Ep.3: Childhood's End,2018-01-05,etherane,4.3,137000,137000, Indie,424000,15000,191000,167000
Hello Charlotte Ep.3: Childhood's End,2018-01-05,etherane,4.3,137000,137000, RPG,424000,15000,191000,167000
Hello Charlotte Ep.3: Childhood's End,2018-01-05,etherane,4.3,137000,137000, Visual Novel,424000,15000,191000,167000
Star Wars: Battlefront,2004-09-20,Pandemic Studios,3.5,255000,255000,Shooter,4100,9000,261000,109000
Star Wars: Battlefront,2004-09-20, LucasArts,3.5,255000,255000,Shooter,4100,9000,261000,109000
Ikaruga,2001-12-20,Treasure,4.0,364000,364000,Arcade,1300,37000,664000,424000
Ikaruga,2001-12-20,Treasure,4.0,364000,364000, Indie,1300,37000,664000,424000
Ikaruga,2001-12-20,Treasure,4.0,364000,364000, Puzzle,1300,37000,664000,424000
Ikaruga,2001-12-20,Treasure,4.0,364000,364000, Shooter,1300,37000,664000,424000
Diablo IV,2023-06-06,Blizzard Entertainment,3.7200267022696933,148000,148000,Brawler,19000,10000,179000,677000
Diablo IV,2023-06-06,Blizzard Entertainment,3.7200267022696933,148000,148000, RPG,19000,10000,179000,677000
Ys: The Oath in Felghana,2005-07-04,Nihon Falcom,4.0,311000,311000,Adventure,1000,32000,503000,210000
Ys: The Oath in Felghana,2005-07-04, XSEED Games,4.0,311000,311000,Adventure,1000,32000,503000,210000
Ys: The Oath in Felghana,2005-07-04,Nihon Falcom,4.0,311000,311000, RPG,1000,32000,503000,210000
Ys: The Oath in Felghana,2005-07-04, XSEED Games,4.0,311000,311000, RPG,1000,32000,503000,210000
American McGee's Alice,2000-12-06,Rogue Entertainment,3.4,242000,242000,Adventure,1100,42000,513000,401000
American McGee's Alice,2000-12-06, Electronic Arts,3.4,242000,242000,Adventure,1100,42000,513000,401000
American McGee's Alice,2000-12-06,Rogue Entertainment,3.4,242000,242000, Platform,1100,42000,513000,401000
American McGee's Alice,2000-12-06, Electronic Arts,3.4,242000,242000, Platform,1100,42000,513000,401000
American McGee's Alice,2000-12-06,Rogue Entertainment,3.4,242000,242000, Puzzle,1100,42000,513000,401000
American McGee's Alice,2000-12-06, Electronic Arts,3.4,242000,242000, Puzzle,1100,42000,513000,401000
Call of Duty,2003-10-29,Infinity Ward,3.3,274000,274000,Shooter,2800,23000,202000,136000
Call of Duty,2003-10-29, Activision,3.3,274000,274000,Shooter,2800,23000,202000,136000
Armored Core 2,2000-10-26,FromSoftware,3.6,92000,92000,,278000,18000,232000,119000
Armored Core 2,2000-10-26, Agetec,3.6,92000,92000,,278000,18000,232000,119000
Clash of Clans,2012-08-02,Supercell,2.5,73000,73000,Real Time Strategy,2600,57000,36000,8000
Clash of Clans,2012-08-02,Supercell,2.5,73000,73000, Strategy,2600,57000,36000,8000
Fate/stay night,2004-01-30,TYPE-MOON,4.0,258000,258000,Adventure,1900,135000,655000,471000
Fate/stay night,2004-01-30, Kadokawa Shoten,4.0,258000,258000,Adventure,1900,135000,655000,471000
Fate/stay night,2004-01-30,TYPE-MOON,4.0,258000,258000, Visual Novel,1900,135000,655000,471000
Fate/stay night,2004-01-30, Kadokawa Shoten,4.0,258000,258000, Visual Novel,1900,135000,655000,471000
Tabletop Simulator,2015-06-05,Berserk Games,3.7,147000,147000,Card & Board Game,3200,89000,179000,87000
Tabletop Simulator,2015-06-05,Berserk Games,3.7,147000,147000, Indie,3200,89000,179000,87000
Tabletop Simulator,2015-06-05,Berserk Games,3.7,147000,147000, RPG,3200,89000,179000,87000
Tabletop Simulator,2015-06-05,Berserk Games,3.7,147000,147000, Simulator,3200,89000,179000,87000
Tabletop Simulator,2015-06-05,Berserk Games,3.7,147000,147000, Strategy,3200,89000,179000,87000
Duskers,2016-05-18,Misfits Attic,3.6,51000,51000,Indie,61000,3000,165000,45000
Duskers,2016-05-18,Misfits Attic,3.6,51000,51000, Simulator,61000,3000,165000,45000
Duskers,2016-05-18,Misfits Attic,3.6,51000,51000, Strategy,61000,3000,165000,45000
Control: Ultimate Edition,2020-08-27,Remedy Entertainment,4.0,233000,233000,Adventure,1400,124000,884000,195000
Control: Ultimate Edition,2020-08-27, 505 Games,4.0,233000,233000,Adventure,1400,124000,884000,195000
Control: Ultimate Edition,2020-08-27,Remedy Entertainment,4.0,233000,233000, Shooter,1400,124000,884000,195000
Control: Ultimate Edition,2020-08-27, 505 Games,4.0,233000,233000, Shooter,1400,124000,884000,195000
Advance Wars,2001-09-10,Nintendo,3.7,266000,266000,Simulator,1900,52000,640000,266000
Advance Wars,2001-09-10, Intelligent Systems Co.,3.7,266000,266000,Simulator,1900,52000,640000,266000
Advance Wars,2001-09-10, Ltd.,3.7,266000,266000,Simulator,1900,52000,640000,266000
Advance Wars,2001-09-10,Nintendo,3.7,266000,266000, Strategy,1900,52000,640000,266000
Advance Wars,2001-09-10, Intelligent Systems Co.,3.7,266000,266000, Strategy,1900,52000,640000,266000
Advance Wars,2001-09-10, Ltd.,3.7,266000,266000, Strategy,1900,52000,640000,266000
Advance Wars,2001-09-10,Nintendo,3.7,266000,266000, Tactical,1900,52000,640000,266000
Advance Wars,2001-09-10, Intelligent Systems Co.,3.7,266000,266000, Tactical,1900,52000,640000,266000
Advance Wars,2001-09-10, Ltd.,3.7,266000,266000, Tactical,1900,52000,640000,266000
Advance Wars,2001-09-10,Nintendo,3.7,266000,266000, Turn Based Strategy,1900,52000,640000,266000
Advance Wars,2001-09-10, Intelligent Systems Co.,3.7,266000,266000, Turn Based Strategy,1900,52000,640000,266000
Advance Wars,2001-09-10, Ltd.,3.7,266000,266000, Turn Based Strategy,1900,52000,640000,266000
Touhou Koumakyou: The Embodiment of Scarlet Devil,2002-08-11,Team Shanghai Alice,3.8,217000,217000,Indie,1900,65000,255000,178000
Touhou Koumakyou: The Embodiment of Scarlet Devil,2002-08-11,Team Shanghai Alice,3.8,217000,217000, Shooter,1900,65000,255000,178000
Weird West,2022-03-31,WolfEye Studios,3.0,156000,156000,Adventure,405000,46000,396000,337000
Weird West,2022-03-31, Devolver Digital,3.0,156000,156000,Adventure,405000,46000,396000,337000
Weird West,2022-03-31,WolfEye Studios,3.0,156000,156000, Indie,405000,46000,396000,337000
Weird West,2022-03-31, Devolver Digital,3.0,156000,156000, Indie,405000,46000,396000,337000
Weird West,2022-03-31,WolfEye Studios,3.0,156000,156000, RPG,405000,46000,396000,337000
Weird West,2022-03-31, Devolver Digital,3.0,156000,156000, RPG,405000,46000,396000,337000
Weird West,2022-03-31,WolfEye Studios,3.0,156000,156000, Simulator,405000,46000,396000,337000
Weird West,2022-03-31, Devolver Digital,3.0,156000,156000, Simulator,405000,46000,396000,337000
Pokémon Mystery Dungeon: Blue Rescue Team,2005-11-17,Chunsoft,3.7,273000,273000,Adventure,3800,28000,441000,154000
Pokémon Mystery Dungeon: Blue Rescue Team,2005-11-17, Nintendo,3.7,273000,273000,Adventure,3800,28000,441000,154000
Pokémon Mystery Dungeon: Blue Rescue Team,2005-11-17,Chunsoft,3.7,273000,273000, RPG,3800,28000,441000,154000
Pokémon Mystery Dungeon: Blue Rescue Team,2005-11-17, Nintendo,3.7,273000,273000, RPG,3800,28000,441000,154000
Pokémon Mystery Dungeon: Blue Rescue Team,2005-11-17,Chunsoft,3.7,273000,273000, Turn Based Strategy,3800,28000,441000,154000
Pokémon Mystery Dungeon: Blue Rescue Team,2005-11-17, Nintendo,3.7,273000,273000, Turn Based Strategy,3800,28000,441000,154000
WarioWare Gold,2018-07-27,Nintendo of America,3.9,264000,264000,Arcade,1700,35000,305000,235000
WarioWare Gold,2018-07-27, Nintendo EPD,3.9,264000,264000,Arcade,1700,35000,305000,235000
Dragon Ball: Xenoverse,2015-02-05,Dimps,2.9,198000,198000,Fighting,3700,23000,229000,71000
Dragon Ball: Xenoverse,2015-02-05, Bandai Namco Entertainment,2.9,198000,198000,Fighting,3700,23000,229000,71000
Dragon Ball: Xenoverse,2015-02-05,Dimps,2.9,198000,198000, RPG,3700,23000,229000,71000
Dragon Ball: Xenoverse,2015-02-05, Bandai Namco Entertainment,2.9,198000,198000, RPG,3700,23000,229000,71000
Call of Duty: Black Ops 4,2018-10-12,Treyarch,2.3,248000,248000,Shooter,3500,15000,279000,100000
Call of Duty: Black Ops 4,2018-10-12, Activision,2.3,248000,248000,Shooter,3500,15000,279000,100000
Bloodborne: Game of the Year Edition,2015-11-27,Sony Computer Entertainment,4.6,238000,238000,RPG,1500,57000,323000,255000
Bloodborne: Game of the Year Edition,2015-11-27, FromSoftware,4.6,238000,238000,RPG,1500,57000,323000,255000
Ape Out,2019-02-28,Gabe Cuzzillo,3.5,329000,329000,Adventure,1800,46000,697000,324000
Ape Out,2019-02-28, Devolver Digital,3.5,329000,329000,Adventure,1800,46000,697000,324000
Ape Out,2019-02-28,Gabe Cuzzillo,3.5,329000,329000, Arcade,1800,46000,697000,324000
Ape Out,2019-02-28, Devolver Digital,3.5,329000,329000, Arcade,1800,46000,697000,324000
Ape Out,2019-02-28,Gabe Cuzzillo,3.5,329000,329000, Fighting,1800,46000,697000,324000
Ape Out,2019-02-28, Devolver Digital,3.5,329000,329000, Fighting,1800,46000,697000,324000
Ape Out,2019-02-28,Gabe Cuzzillo,3.5,329000,329000, Indie,1800,46000,697000,324000
Ape Out,2019-02-28, Devolver Digital,3.5,329000,329000, Indie,1800,46000,697000,324000
WarioWare: Smooth Moves,2006-12-02,Intelligent Systems Co.,3.9,319000,319000,Puzzle,3100,7000,256000,189000
WarioWare: Smooth Moves,2006-12-02, Ltd.,3.9,319000,319000,Puzzle,3100,7000,256000,189000
WarioWare: Smooth Moves,2006-12-02, Nintendo,3.9,319000,319000,Puzzle,3100,7000,256000,189000
Puyo Puyo Tetris,2014-02-06,Sega,3.8,233000,233000,Puzzle,3100,51000,333000,198000
Puyo Puyo Tetris,2014-02-06, Sonic Team,3.8,233000,233000,Puzzle,3100,51000,333000,198000
Puyo Puyo Tetris,2014-02-06,Sega,3.8,233000,233000, Strategy,3100,51000,333000,198000
Puyo Puyo Tetris,2014-02-06, Sonic Team,3.8,233000,233000, Strategy,3100,51000,333000,198000
Prince of Persia: Warrior Within,2004-11-30,Ubisoft Montreal,3.5,237000,237000,Adventure,2800,20000,551000,220000
Prince of Persia: Warrior Within,2004-11-30, Ubisoft Entertainment,3.5,237000,237000,Adventure,2800,20000,551000,220000
Prince of Persia: Warrior Within,2004-11-30,Ubisoft Montreal,3.5,237000,237000, Fighting,2800,20000,551000,220000
Prince of Persia: Warrior Within,2004-11-30, Ubisoft Entertainment,3.5,237000,237000, Fighting,2800,20000,551000,220000
Prince of Persia: Warrior Within,2004-11-30,Ubisoft Montreal,3.5,237000,237000, Platform,2800,20000,551000,220000
Prince of Persia: Warrior Within,2004-11-30, Ubisoft Entertainment,3.5,237000,237000, Platform,2800,20000,551000,220000
Kentucky Route Zero: TV Edition,2020-01-27,Cardboard Computer,4.1,319000,319000,Adventure,772000,90000,636000,402000
Kentucky Route Zero: TV Edition,2020-01-27, Annapurna Interactive,4.1,319000,319000,Adventure,772000,90000,636000,402000
Kentucky Route Zero: TV Edition,2020-01-27,Cardboard Computer,4.1,319000,319000, Indie,772000,90000,636000,402000
Kentucky Route Zero: TV Edition,2020-01-27, Annapurna Interactive,4.1,319000,319000, Indie,772000,90000,636000,402000
Kentucky Route Zero: TV Edition,2020-01-27,Cardboard Computer,4.1,319000,319000, Point-and-Click,772000,90000,636000,402000
Kentucky Route Zero: TV Edition,2020-01-27, Annapurna Interactive,4.1,319000,319000, Point-and-Click,772000,90000,636000,402000
Factorio,2020-08-14,Wube Software LTD.,4.2,189000,189000,Indie,1600,114000,393000,354000
Factorio,2020-08-14,Wube Software LTD.,4.2,189000,189000, Simulator,1600,114000,393000,354000
Factorio,2020-08-14,Wube Software LTD.,4.2,189000,189000, Strategy,1600,114000,393000,354000
Scott Pilgrim vs. the World: The Game - Complete Edition,2021-01-14,Ubisoft,3.6,229000,229000,Adventure,1200,102000,637000,363000
Scott Pilgrim vs. the World: The Game - Complete Edition,2021-01-14, Ubisoft Chengdu,3.6,229000,229000,Adventure,1200,102000,637000,363000
Scott Pilgrim vs. the World: The Game - Complete Edition,2021-01-14,Ubisoft,3.6,229000,229000, Brawler,1200,102000,637000,363000
Scott Pilgrim vs. the World: The Game - Complete Edition,2021-01-14, Ubisoft Chengdu,3.6,229000,229000, Brawler,1200,102000,637000,363000
Scott Pilgrim vs. the World: The Game - Complete Edition,2021-01-14,Ubisoft,3.6,229000,229000, Fighting,1200,102000,637000,363000
Scott Pilgrim vs. the World: The Game - Complete Edition,2021-01-14, Ubisoft Chengdu,3.6,229000,229000, Fighting,1200,102000,637000,363000
Monster Hunter 4 Ultimate,2014-10-11,Capcom,4.2,260000,260000,Adventure,2000,66000,418000,159000
Monster Hunter 4 Ultimate,2014-10-11,Capcom,4.2,260000,260000, RPG,2000,66000,418000,159000
Fruit Ninja Classic,2010-04-20,Halfbrick Studios,2.7,54000,54000,Arcade,3800,1000,32000,10000
Doom,2017-11-10,Bethesda Softworks,3.9,80000,80000,Shooter,2300,37000,393000,150000
Doom,2017-11-10, id Software,3.9,80000,80000,Shooter,2300,37000,393000,150000
Tom Clancy's The Division,2016-03-07,Ubisoft Entertainment,2.8,239000,239000,Adventure,2900,40000,332000,78000
Tom Clancy's The Division,2016-03-07, Massive Entertainment,2.8,239000,239000,Adventure,2900,40000,332000,78000
Tom Clancy's The Division,2016-03-07,Ubisoft Entertainment,2.8,239000,239000, RPG,2900,40000,332000,78000
Tom Clancy's The Division,2016-03-07, Massive Entertainment,2.8,239000,239000, RPG,2900,40000,332000,78000
Tom Clancy's The Division,2016-03-07,Ubisoft Entertainment,2.8,239000,239000, Shooter,2900,40000,332000,78000
Tom Clancy's The Division,2016-03-07, Massive Entertainment,2.8,239000,239000, Shooter,2900,40000,332000,78000
Tom Clancy's The Division,2016-03-07,Ubisoft Entertainment,2.8,239000,239000, Strategy,2900,40000,332000,78000
Tom Clancy's The Division,2016-03-07, Massive Entertainment,2.8,239000,239000, Strategy,2900,40000,332000,78000
Tom Clancy's The Division,2016-03-07,Ubisoft Entertainment,2.8,239000,239000, Tactical,2900,40000,332000,78000
Tom Clancy's The Division,2016-03-07, Massive Entertainment,2.8,239000,239000, Tactical,2900,40000,332000,78000
Crysis 2,2011-03-22,Crytek Frankfurt,3.1,180000,180000,Adventure,2900,10000,411000,155000
Crysis 2,2011-03-22, Electronic Arts,3.1,180000,180000,Adventure,2900,10000,411000,155000
Crysis 2,2011-03-22,Crytek Frankfurt,3.1,180000,180000, Shooter,2900,10000,411000,155000
Crysis 2,2011-03-22, Electronic Arts,3.1,180000,180000, Shooter,2900,10000,411000,155000
Resident Evil 4: Wii Edition,2007-05-31,Capcom Production Studio 4,4.4,151000,151000,Adventure,1100,16000,213000,76000
Resident Evil 4: Wii Edition,2007-05-31, Capcom,4.4,151000,151000,Adventure,1100,16000,213000,76000
Resident Evil 4: Wii Edition,2007-05-31,Capcom Production Studio 4,4.4,151000,151000, Shooter,1100,16000,213000,76000
Resident Evil 4: Wii Edition,2007-05-31, Capcom,4.4,151000,151000, Shooter,1100,16000,213000,76000
Nuclear Throne,2015-12-05,Vlambeer,3.7,262000,262000,Adventure,2200,65000,587000,146000
Nuclear Throne,2015-12-05,Vlambeer,3.7,262000,262000, Arcade,2200,65000,587000,146000
Nuclear Throne,2015-12-05,Vlambeer,3.7,262000,262000, Indie,2200,65000,587000,146000
Nuclear Throne,2015-12-05,Vlambeer,3.7,262000,262000, RPG,2200,65000,587000,146000
Nuclear Throne,2015-12-05,Vlambeer,3.7,262000,262000, Shooter,2200,65000,587000,146000
Super Hexagon,2012-08-31,Terry Cavanagh,3.4,204000,204000,Arcade,2300,23000,236000,54000
Super Hexagon,2012-08-31, Distractionware,3.4,204000,204000,Arcade,2300,23000,236000,54000
Super Hexagon,2012-08-31,Terry Cavanagh,3.4,204000,204000, Indie,2300,23000,236000,54000
Super Hexagon,2012-08-31, Distractionware,3.4,204000,204000, Indie,2300,23000,236000,54000
Super Hexagon,2012-08-31,Terry Cavanagh,3.4,204000,204000, Music,2300,23000,236000,54000
Super Hexagon,2012-08-31, Distractionware,3.4,204000,204000, Music,2300,23000,236000,54000
Condemned: Criminal Origins,2005-11-16,WB Games,3.5,248000,248000,Adventure,1300,32000,528000,270000
Condemned: Criminal Origins,2005-11-16, Monolith Productions,3.5,248000,248000,Adventure,1300,32000,528000,270000
Condemned: Criminal Origins,2005-11-16,WB Games,3.5,248000,248000, Shooter,1300,32000,528000,270000
Condemned: Criminal Origins,2005-11-16, Monolith Productions,3.5,248000,248000, Shooter,1300,32000,528000,270000
PlayStation All-Stars Battle Royale,2012-11-20,SCE Santa Monica Studio,2.4,208000,208000,Fighting,2600,3000,132000,78000
PlayStation All-Stars Battle Royale,2012-11-20, Sony Computer Entertainment,2.4,208000,208000,Fighting,2600,3000,132000,78000
PlayStation All-Stars Battle Royale,2012-11-20,SCE Santa Monica Studio,2.4,208000,208000, Platform,2600,3000,132000,78000
PlayStation All-Stars Battle Royale,2012-11-20, Sony Computer Entertainment,2.4,208000,208000, Platform,2600,3000,132000,78000
Dragon Quest,2004-03-01,Nintendo,3.1,349000,349000,Adventure,1800,43000,486000,221000
Dragon Quest,2004-03-01, Armor Project,3.1,349000,349000,Adventure,1800,43000,486000,221000
Dragon Quest,2004-03-01,Nintendo,3.1,349000,349000, RPG,1800,43000,486000,221000
Dragon Quest,2004-03-01, Armor Project,3.1,349000,349000, RPG,1800,43000,486000,221000
Pac-Man in a Tin,2023-03-22,Fizz Creations,3.7200267022696933,0,0,Arcade,1000,0,1000,2000
Mount & Blade: Warband,2010-03-31,Paradox Interactive,3.9,168000,168000,Adventure,2400,39000,309000,110000
Mount & Blade: Warband,2010-03-31, Taleworlds,3.9,168000,168000,Adventure,2400,39000,309000,110000
Mount & Blade: Warband,2010-03-31,Paradox Interactive,3.9,168000,168000, RPG,2400,39000,309000,110000
Mount & Blade: Warband,2010-03-31, Taleworlds,3.9,168000,168000, RPG,2400,39000,309000,110000
Mount & Blade: Warband,2010-03-31,Paradox Interactive,3.9,168000,168000, Shooter,2400,39000,309000,110000
Mount & Blade: Warband,2010-03-31, Taleworlds,3.9,168000,168000, Shooter,2400,39000,309000,110000
Mount & Blade: Warband,2010-03-31,Paradox Interactive,3.9,168000,168000, Simulator,2400,39000,309000,110000
Mount & Blade: Warband,2010-03-31, Taleworlds,3.9,168000,168000, Simulator,2400,39000,309000,110000
Mount & Blade: Warband,2010-03-31,Paradox Interactive,3.9,168000,168000, Strategy,2400,39000,309000,110000
Mount & Blade: Warband,2010-03-31, Taleworlds,3.9,168000,168000, Strategy,2400,39000,309000,110000
Monster Hunter Generations Ultimate,2017-03-18,Capcom,4.2,179000,179000,Brawler,1500,132000,442000,174000
Monster Hunter Generations Ultimate,2017-03-18,Capcom,4.2,179000,179000, RPG,1500,132000,442000,174000
The Jackbox Party Pack 3,2016-10-18,Jackbox Games,3.8,152000,152000,Indie,2700,17000,56000,35000
The Jackbox Party Pack 3,2016-10-18, Inc.,3.8,152000,152000,Indie,2700,17000,56000,35000
The Jackbox Party Pack 3,2016-10-18,Jackbox Games,3.8,152000,152000, Puzzle,2700,17000,56000,35000
The Jackbox Party Pack 3,2016-10-18, Inc.,3.8,152000,152000, Puzzle,2700,17000,56000,35000
The Jackbox Party Pack 3,2016-10-18,Jackbox Games,3.8,152000,152000, Quiz/Trivia,2700,17000,56000,35000
The Jackbox Party Pack 3,2016-10-18, Inc.,3.8,152000,152000, Quiz/Trivia,2700,17000,56000,35000
The Jackbox Party Pack 3,2016-10-18,Jackbox Games,3.8,152000,152000, Strategy,2700,17000,56000,35000
The Jackbox Party Pack 3,2016-10-18, Inc.,3.8,152000,152000, Strategy,2700,17000,56000,35000
Digimon World: Next Order,2016-03-17,Bandai Namco Entertainment Europe,3.1,66000,66000,Adventure,321000,40000,242000,133000
Digimon World: Next Order,2016-03-17, B.B. Studio,3.1,66000,66000,Adventure,321000,40000,242000,133000
Digimon World: Next Order,2016-03-17,Bandai Namco Entertainment Europe,3.1,66000,66000, RPG,321000,40000,242000,133000
Digimon World: Next Order,2016-03-17, B.B. Studio,3.1,66000,66000, RPG,321000,40000,242000,133000
Digimon World: Next Order,2016-03-17,Bandai Namco Entertainment Europe,3.1,66000,66000, Simulator,321000,40000,242000,133000
Digimon World: Next Order,2016-03-17, B.B. Studio,3.1,66000,66000, Simulator,321000,40000,242000,133000
Odin Sphere: Leifthrasir,2016-01-14,Atlus,4.1,228000,228000,RPG,895000,71000,740000,349000
Odin Sphere: Leifthrasir,2016-01-14, Vanillaware,4.1,228000,228000,RPG,895000,71000,740000,349000
Bulletstorm,2011-02-22,People Can Fly,3.2,159000,159000,Shooter,2300,6000,299000,125000
Bulletstorm,2011-02-22, Electronic Arts,3.2,159000,159000,Shooter,2300,6000,299000,125000
The Witcher 2: Assassins of Kings,2011-05-17,Atari,3.6,181000,181000,Adventure,1600,21000,605000,169000
The Witcher 2: Assassins of Kings,2011-05-17, CD Projekt RED,3.6,181000,181000,Adventure,1600,21000,605000,169000
The Witcher 2: Assassins of Kings,2011-05-17,Atari,3.6,181000,181000, RPG,1600,21000,605000,169000
The Witcher 2: Assassins of Kings,2011-05-17, CD Projekt RED,3.6,181000,181000, RPG,1600,21000,605000,169000
Pokémon Añil,2023-03-23,Eric Lost,3.7200267022696933,2000,2000,RPG,1000,0,1000,7000
Animal Crossing: City Folk,2008-11-16,Nintendo,3.4,232000,232000,Simulator,3100,17000,215000,129000
Animal Crossing: City Folk,2008-11-16, Nintendo EAD Group No. 2,3.4,232000,232000,Simulator,3100,17000,215000,129000
Microsoft Minesweeper,1990-10-08,Microsoft,3.2,83000,83000,Puzzle,2400,15000,28000,6000
Sonic 3D Blast,1996-11-14,Sega,2.3,315000,315000,Platform,2300,12000,259000,73000
Mario Party 4,2002-10-21,Hudson Soft,3.5,231000,231000,Card & Board Game,3000,7000,156000,113000
Mario Party 4,2002-10-21, Nintendo,3.5,231000,231000,Card & Board Game,3000,7000,156000,113000
Mario Party 3,2000-12-07,Nintendo,3.7,219000,219000,Card & Board Game,2800,6000,168000,123000
Mario Party 3,2000-12-07, Hudson Soft,3.7,219000,219000,Card & Board Game,2800,6000,168000,123000
Peggle,2007-02-27,PopCap Games,3.6,185000,185000,Puzzle,2500,20000,122000,35000
Plague Inc: Evolved,2015-09-18,Ndemic Creations,3.1,88000,88000,Indie,4000,31000,217000,62000
Plague Inc: Evolved,2015-09-18,Ndemic Creations,3.1,88000,88000, Simulator,4000,31000,217000,62000
Plague Inc: Evolved,2015-09-18,Ndemic Creations,3.1,88000,88000, Strategy,4000,31000,217000,62000
Plague Inc: Evolved,2015-09-18,Ndemic Creations,3.1,88000,88000, Tactical,4000,31000,217000,62000
Star Wars: Episode III - Revenge of the Sith,2005-05-05,LucasArts,3.1,141000,141000,Adventure,2100,11000,167000,94000
Star Wars: Episode III - Revenge of the Sith,2005-05-05, The Collective,3.1,141000,141000,Adventure,2100,11000,167000,94000
Star Wars: Episode III - Revenge of the Sith,2005-05-05,LucasArts,3.1,141000,141000, Brawler,2100,11000,167000,94000
Star Wars: Episode III - Revenge of the Sith,2005-05-05, The Collective,3.1,141000,141000, Brawler,2100,11000,167000,94000
Prince of Persia,2008-12-02,Ubisoft Entertainment,3.0,201000,201000,Adventure,2500,23000,535000,206000
Prince of Persia,2008-12-02, Ubisoft Montreal,3.0,201000,201000,Adventure,2500,23000,535000,206000
Prince of Persia,2008-12-02,Ubisoft Entertainment,3.0,201000,201000, Platform,2500,23000,535000,206000
Prince of Persia,2008-12-02, Ubisoft Montreal,3.0,201000,201000, Platform,2500,23000,535000,206000
Prince of Persia,2008-12-02,Ubisoft Entertainment,3.0,201000,201000, Puzzle,2500,23000,535000,206000
Prince of Persia,2008-12-02, Ubisoft Montreal,3.0,201000,201000, Puzzle,2500,23000,535000,206000
System Shock,1994-09-22,Looking Glass Studios,3.9,276000,276000,RPG,544000,29000,572000,294000
System Shock,1994-09-22, Origin Systems,3.9,276000,276000,RPG,544000,29000,572000,294000
System Shock,1994-09-22,Looking Glass Studios,3.9,276000,276000, Shooter,544000,29000,572000,294000
System Shock,1994-09-22, Origin Systems,3.9,276000,276000, Shooter,544000,29000,572000,294000
Sonic Rush Adventure,2007-09-14,Nintendo,3.5,278000,278000,Platform,1900,22000,389000,208000
Sonic Rush Adventure,2007-09-14, Sonic Team,3.5,278000,278000,Platform,1900,22000,389000,208000
Destroy All Humans!,2005-06-21,THQ,3.2,160000,160000,Adventure,2200,16000,414000,188000
Destroy All Humans!,2005-06-21, Pandemic Studios,3.2,160000,160000,Adventure,2200,16000,414000,188000
Marvel vs. Capcom: Clash of Super Heroes,1998-01-12,Virgin Interactive Entertainment (Europe) Ltd.,3.7,269000,269000,Fighting,2000,8000,143000,100000
Marvel vs. Capcom: Clash of Super Heroes,1998-01-12, Capcom,3.7,269000,269000,Fighting,2000,8000,143000,100000
The World Ends with You: Final Remix,2018-09-27,Square Enix,4.0,253000,253000,Adventure,1500,115000,737000,481000
The World Ends with You: Final Remix,2018-09-27, Nintendo,4.0,253000,253000,Adventure,1500,115000,737000,481000
The World Ends with You: Final Remix,2018-09-27,Square Enix,4.0,253000,253000, RPG,1500,115000,737000,481000
The World Ends with You: Final Remix,2018-09-27, Nintendo,4.0,253000,253000, RPG,1500,115000,737000,481000
Ristar,1995-02-16,Sega,3.6,233000,233000,Adventure,1200,12000,355000,175000
Ristar,1995-02-16,Sega,3.6,233000,233000, Platform,1200,12000,355000,175000
Crash Team Racing Nitro-Fueled,2019-06-21,Activision Blizzard,3.9,408000,408000,Arcade,2500,50000,391000,294000
Crash Team Racing Nitro-Fueled,2019-06-21, Beenox,3.9,408000,408000,Arcade,2500,50000,391000,294000
Crash Team Racing Nitro-Fueled,2019-06-21,Activision Blizzard,3.9,408000,408000, Racing,2500,50000,391000,294000
Crash Team Racing Nitro-Fueled,2019-06-21, Beenox,3.9,408000,408000, Racing,2500,50000,391000,294000
Mega Man X6,2001-11-29,Capcom,2.3,308000,308000,Adventure,1900,18000,461000,119000
Mega Man X6,2001-11-29,Capcom,2.3,308000,308000, Platform,1900,18000,461000,119000
Slender: The Eight Pages,2012-06-26,Parsec Productions,2.0,123000,123000,Adventure,2700,3000,73000,50000
Slender: The Eight Pages,2012-06-26,Parsec Productions,2.0,123000,123000, Indie,2700,3000,73000,50000
Mark of the Ninja,2012-09-07,Klei Entertainment,3.8,193000,193000,Adventure,1900,14000,507000,191000
Mark of the Ninja,2012-09-07, Microsoft Studios,3.8,193000,193000,Adventure,1900,14000,507000,191000
Mark of the Ninja,2012-09-07,Klei Entertainment,3.8,193000,193000, Indie,1900,14000,507000,191000
Mark of the Ninja,2012-09-07, Microsoft Studios,3.8,193000,193000, Indie,1900,14000,507000,191000
Mark of the Ninja,2012-09-07,Klei Entertainment,3.8,193000,193000, Platform,1900,14000,507000,191000
Mark of the Ninja,2012-09-07, Microsoft Studios,3.8,193000,193000, Platform,1900,14000,507000,191000
Octodad: Dadliest Catch,2014-01-30,Young Horses,3.2,169000,169000,Adventure,2500,12000,407000,180000
Octodad: Dadliest Catch,2014-01-30,Young Horses,3.2,169000,169000, Indie,2500,12000,407000,180000
Octodad: Dadliest Catch,2014-01-30,Young Horses,3.2,169000,169000, Platform,2500,12000,407000,180000
Octodad: Dadliest Catch,2014-01-30,Young Horses,3.2,169000,169000, Simulator,2500,12000,407000,180000
Octodad: Dadliest Catch,2014-01-30,Young Horses,3.2,169000,169000, Strategy,2500,12000,407000,180000
Dragon Ball Z: Budokai Tenkaichi,2005-10-06,Spike,2.9,96000,96000,Fighting,1700,2000,69000,29000
Dragon Ball Z: Budokai Tenkaichi,2005-10-06, Bandai,2.9,96000,96000,Fighting,1700,2000,69000,29000
The King of Fighters XV,2022-02-16,SNK Corporation,4.0,226000,226000,Fighting,718000,81000,164000,271000
The King of Fighters XV,2022-02-16, SNK,4.0,226000,226000,Fighting,718000,81000,164000,271000
Killing Floor 2,2016-11-18,Tripwire Interactive,3.1,195000,195000,Shooter,2800,33000,501000,66000
Killing Floor 2,2016-11-18, Deep Silver,3.1,195000,195000,Shooter,2800,33000,501000,66000
Ape Escape 3,2005-07-14,SCE Japan Studio,4.3,247000,247000,Platform,874000,24000,399000,231000
Ape Escape 3,2005-07-14, Sony Computer Entertainment Europe,4.3,247000,247000,Platform,874000,24000,399000,231000
The Simpsons Arcade Game,1991-03-04,Konami,3.3,139000,139000,Arcade,1500,5000,82000,76000
The Simpsons Arcade Game,1991-03-04,Konami,3.3,139000,139000, Brawler,1500,5000,82000,76000
Toy Story 2: Buzz Lightyear to the Rescue!,1999-11-22,Activision,3.4,245000,245000,Adventure,2300,26000,262000,117000
Toy Story 2: Buzz Lightyear to the Rescue!,1999-11-22," ""Travellers Tales""",3.4,245000,245000,Adventure,2300,26000,262000,117000
Toy Story 2: Buzz Lightyear to the Rescue!,1999-11-22,Activision,3.4,245000,245000, Platform,2300,26000,262000,117000
Toy Story 2: Buzz Lightyear to the Rescue!,1999-11-22," ""Travellers Tales""",3.4,245000,245000, Platform,2300,26000,262000,117000
Rayman Raving Rabbids,2006-11-19,Ubisoft Entertainment,2.7,137000,137000,Adventure,2700,9000,191000,63000
Rayman Raving Rabbids,2006-11-19, Ubisoft Montpellier,2.7,137000,137000,Adventure,2700,9000,191000,63000
Rayman Raving Rabbids,2006-11-19,Ubisoft Entertainment,2.7,137000,137000, Platform,2700,9000,191000,63000
Rayman Raving Rabbids,2006-11-19, Ubisoft Montpellier,2.7,137000,137000, Platform,2700,9000,191000,63000
Rayman Raving Rabbids,2006-11-19,Ubisoft Entertainment,2.7,137000,137000, Puzzle,2700,9000,191000,63000
Rayman Raving Rabbids,2006-11-19, Ubisoft Montpellier,2.7,137000,137000, Puzzle,2700,9000,191000,63000
Prototype 2,2012-04-24,Activision,3.0,140000,140000,Adventure,2400,10000,408000,198000
Prototype 2,2012-04-24, FUN Labs,3.0,140000,140000,Adventure,2400,10000,408000,198000
Prototype 2,2012-04-24,Activision,3.0,140000,140000, Brawler,2400,10000,408000,198000
Prototype 2,2012-04-24, FUN Labs,3.0,140000,140000, Brawler,2400,10000,408000,198000
Prototype 2,2012-04-24,Activision,3.0,140000,140000, Platform,2400,10000,408000,198000
Prototype 2,2012-04-24, FUN Labs,3.0,140000,140000, Platform,2400,10000,408000,198000
MadWorld,2009-03-10,Spike,3.5,283000,283000,Brawler,1100,19000,683000,441000
MadWorld,2009-03-10, PlatinumGames,3.5,283000,283000,Brawler,1100,19000,683000,441000
Call of Duty 3,2006-11-07,Activision,2.8,231000,231000,Shooter,2900,8000,239000,122000
Call of Duty 3,2006-11-07, Treyarch,2.8,231000,231000,Shooter,2900,8000,239000,122000
Shadow Warrior,2013-09-26,Flying Wild Hog,3.2,161000,161000,Adventure,1700,21000,571000,114000
Shadow Warrior,2013-09-26, Majesco Entertainment,3.2,161000,161000,Adventure,1700,21000,571000,114000
Shadow Warrior,2013-09-26,Flying Wild Hog,3.2,161000,161000, Shooter,1700,21000,571000,114000
Shadow Warrior,2013-09-26, Majesco Entertainment,3.2,161000,161000, Shooter,1700,21000,571000,114000
Warcraft III: The Frozen Throne,2003-07-01,Blizzard Entertainment,4.3,159000,159000,Real Time Strategy,2600,14000,181000,73000
Warcraft III: The Frozen Throne,2003-07-01, Sierra Entertainment,4.3,159000,159000,Real Time Strategy,2600,14000,181000,73000
Warcraft III: The Frozen Throne,2003-07-01,Blizzard Entertainment,4.3,159000,159000, Strategy,2600,14000,181000,73000
Warcraft III: The Frozen Throne,2003-07-01, Sierra Entertainment,4.3,159000,159000, Strategy,2600,14000,181000,73000
Yakuza 4,2010-03-08,Sega,3.8,295000,295000,Adventure,1400,38000,596000,255000
Yakuza 4,2010-03-08,Sega,3.8,295000,295000, Brawler,1400,38000,596000,255000
Yakuza 4,2010-03-08,Sega,3.8,295000,295000, RPG,1400,38000,596000,255000
Yakuza 4,2010-03-08,Sega,3.8,295000,295000, Simulator,1400,38000,596000,255000
Yakuza 4,2010-03-08,Sega,3.8,295000,295000, Sport,1400,38000,596000,255000
Megami Ibunroku Persona,1996-09-20,Atlus,3.7,16000,16000,RPG,16000,0,13000,15000
Persona 4 Arena,2012-03-01,Arc System Works,3.4,195000,195000,Adventure,1900,22000,313000,171000
Persona 4 Arena,2012-03-01, Atlus,3.4,195000,195000,Adventure,1900,22000,313000,171000
Persona 4 Arena,2012-03-01,Arc System Works,3.4,195000,195000, Fighting,1900,22000,313000,171000
Persona 4 Arena,2012-03-01, Atlus,3.4,195000,195000, Fighting,1900,22000,313000,171000
Persona 4 Arena,2012-03-01,Arc System Works,3.4,195000,195000, RPG,1900,22000,313000,171000
Persona 4 Arena,2012-03-01, Atlus,3.4,195000,195000, RPG,1900,22000,313000,171000
Scribblenauts,2009-09-15,5th Cell,3.2,151000,151000,Puzzle,3200,3000,155000,80000
Scribblenauts,2009-09-15, Konami,3.2,151000,151000,Puzzle,3200,3000,155000,80000
Rock Band 2,2008-09-14,MTV Games,4.0,180000,180000,Music,2000,10000,56000,29000
Rock Band 2,2008-09-14, Harmonix Music Systems,4.0,180000,180000,Music,2000,10000,56000,29000
Armored Core 4,2006-12-21,FromSoftware,3.7,92000,92000,Fighting,252000,15000,232000,162000
Armored Core 4,2006-12-21, Sega,3.7,92000,92000,Fighting,252000,15000,232000,162000
Rez Infinite,2016-10-13,Enhance Games,4.0,222000,222000,Music,713000,20000,451000,154000
Rez Infinite,2016-10-13,Enhance Games,4.0,222000,222000, Shooter,713000,20000,451000,154000
Plants vs. Zombies 2: It's About Time,2013-08-15,Electronic Arts,2.7,80000,80000,Adventure,2400,29000,88000,22000
Plants vs. Zombies 2: It's About Time,2013-08-15, PopCap Games,2.7,80000,80000,Adventure,2400,29000,88000,22000
Plants vs. Zombies 2: It's About Time,2013-08-15,Electronic Arts,2.7,80000,80000, Real Time Strategy,2400,29000,88000,22000
Plants vs. Zombies 2: It's About Time,2013-08-15, PopCap Games,2.7,80000,80000, Real Time Strategy,2400,29000,88000,22000
Plants vs. Zombies 2: It's About Time,2013-08-15,Electronic Arts,2.7,80000,80000, Strategy,2400,29000,88000,22000
Plants vs. Zombies 2: It's About Time,2013-08-15, PopCap Games,2.7,80000,80000, Strategy,2400,29000,88000,22000
Plants vs. Zombies 2: It's About Time,2013-08-15,Electronic Arts,2.7,80000,80000, Tactical,2400,29000,88000,22000
Plants vs. Zombies 2: It's About Time,2013-08-15, PopCap Games,2.7,80000,80000, Tactical,2400,29000,88000,22000
Cadence of Hyrule: Crypt of the NecroDancer Featuring the Legend of Zelda,2019-06-13,Spike ChunSoft,3.6,269000,269000,Adventure,1800,39000,682000,587000
Cadence of Hyrule: Crypt of the NecroDancer Featuring the Legend of Zelda,2019-06-13, Brace Yourself Games,3.6,269000,269000,Adventure,1800,39000,682000,587000
Cadence of Hyrule: Crypt of the NecroDancer Featuring the Legend of Zelda,2019-06-13,Spike ChunSoft,3.6,269000,269000, Music,1800,39000,682000,587000
Cadence of Hyrule: Crypt of the NecroDancer Featuring the Legend of Zelda,2019-06-13, Brace Yourself Games,3.6,269000,269000, Music,1800,39000,682000,587000
100% Orange Juice,2009-08-15,Orange_Juice,3.4,112000,112000,Card & Board Game,1800,51000,292000,89000
100% Orange Juice,2009-08-15, Fruitbat Factory,3.4,112000,112000,Card & Board Game,1800,51000,292000,89000
100% Orange Juice,2009-08-15,Orange_Juice,3.4,112000,112000, Indie,1800,51000,292000,89000
100% Orange Juice,2009-08-15, Fruitbat Factory,3.4,112000,112000, Indie,1800,51000,292000,89000
100% Orange Juice,2009-08-15,Orange_Juice,3.4,112000,112000, Strategy,1800,51000,292000,89000
100% Orange Juice,2009-08-15, Fruitbat Factory,3.4,112000,112000, Strategy,1800,51000,292000,89000
100% Orange Juice,2009-08-15,Orange_Juice,3.4,112000,112000, Turn Based Strategy,1800,51000,292000,89000
100% Orange Juice,2009-08-15, Fruitbat Factory,3.4,112000,112000, Turn Based Strategy,1800,51000,292000,89000
Tekken 6,2007-11-26,Bandai Namco Entertainment,3.4,235000,235000,Fighting,2300,15000,173000,96000
Mortal Kombat 3,1995-04-15,Midway Games,3.1,162000,162000,Fighting,1700,4000,85000,41000
Pokémon Mystery Dungeon: Explorers of Time,2007-09-13,Chunsoft,4.0,186000,186000,Adventure,2300,13000,345000,136000
Pokémon Mystery Dungeon: Explorers of Time,2007-09-13, Nintendo,4.0,186000,186000,Adventure,2300,13000,345000,136000
Pokémon Mystery Dungeon: Explorers of Time,2007-09-13,Chunsoft,4.0,186000,186000, RPG,2300,13000,345000,136000
Pokémon Mystery Dungeon: Explorers of Time,2007-09-13, Nintendo,4.0,186000,186000, RPG,2300,13000,345000,136000
Pokémon Mystery Dungeon: Explorers of Time,2007-09-13,Chunsoft,4.0,186000,186000, Turn Based Strategy,2300,13000,345000,136000
Pokémon Mystery Dungeon: Explorers of Time,2007-09-13, Nintendo,4.0,186000,186000, Turn Based Strategy,2300,13000,345000,136000
Chulip,2002-10-03,Punchline,4.1,296000,296000,Adventure,308000,31000,584000,420000
Chulip,2002-10-03,Punchline,4.1,296000,296000, Puzzle,308000,31000,584000,420000
Crash Nitro Kart,2003-11-11,Vicarious Visions,3.1,141000,141000,Racing,1700,4000,139000,52000
Crash Nitro Kart,2003-11-11, Universal Interactive Studios,3.1,141000,141000,Racing,1700,4000,139000,52000
Bubble Bobble,1986-06-16,Sega,3.3,187000,187000,Arcade,1400,3000,110000,57000
Bubble Bobble,1986-06-16, Taito Corporation,3.3,187000,187000,Arcade,1400,3000,110000,57000
Bubble Bobble,1986-06-16,Sega,3.3,187000,187000, Platform,1400,3000,110000,57000
Bubble Bobble,1986-06-16, Taito Corporation,3.3,187000,187000, Platform,1400,3000,110000,57000
Bubble Bobble,1986-06-16,Sega,3.3,187000,187000, Puzzle,1400,3000,110000,57000
Bubble Bobble,1986-06-16, Taito Corporation,3.3,187000,187000, Puzzle,1400,3000,110000,57000
Bubble Bobble,1986-06-16,Sega,3.3,187000,187000, Strategy,1400,3000,110000,57000
Bubble Bobble,1986-06-16, Taito Corporation,3.3,187000,187000, Strategy,1400,3000,110000,57000
Shantae: Half-Genie Hero,2016-12-20,XSEED Games,3.4,196000,196000,Adventure,1500,41000,562000,289000
Shantae: Half-Genie Hero,2016-12-20, WayForward Technologies,3.4,196000,196000,Adventure,1500,41000,562000,289000
Shantae: Half-Genie Hero,2016-12-20,XSEED Games,3.4,196000,196000, Indie,1500,41000,562000,289000
Shantae: Half-Genie Hero,2016-12-20, WayForward Technologies,3.4,196000,196000, Indie,1500,41000,562000,289000
Shantae: Half-Genie Hero,2016-12-20,XSEED Games,3.4,196000,196000, Platform,1500,41000,562000,289000
Shantae: Half-Genie Hero,2016-12-20, WayForward Technologies,3.4,196000,196000, Platform,1500,41000,562000,289000
Snake,1997-12-18,Nokia,3.1,67000,67000,Arcade,2400,6000,26000,9000
Tales of Vesperia,2008-08-07,Namco Tales Studio,3.9,196000,196000,RPG,1100,57000,490000,199000
Tales of Vesperia,2008-08-07, Bandai Namco Entertainment,3.9,196000,196000,RPG,1100,57000,490000,199000
Mega Man X8,2004-12-07,Capcom Production Studio 1,3.3,239000,239000,Adventure,1400,17000,438000,140000
Mega Man X8,2004-12-07, Capcom,3.3,239000,239000,Adventure,1400,17000,438000,140000
Mega Man X8,2004-12-07,Capcom Production Studio 1,3.3,239000,239000, Platform,1400,17000,438000,140000
Mega Man X8,2004-12-07, Capcom,3.3,239000,239000, Platform,1400,17000,438000,140000
Fire Emblem: New Mystery of the Emblem,2010-07-15,Intelligent Systems Co.,3.7,246000,246000,RPG,848000,23000,503000,212000
Fire Emblem: New Mystery of the Emblem,2010-07-15, Ltd.,3.7,246000,246000,RPG,848000,23000,503000,212000
Fire Emblem: New Mystery of the Emblem,2010-07-15, Nintendo,3.7,246000,246000,RPG,848000,23000,503000,212000
Fire Emblem: New Mystery of the Emblem,2010-07-15,Intelligent Systems Co.,3.7,246000,246000, Strategy,848000,23000,503000,212000
Fire Emblem: New Mystery of the Emblem,2010-07-15, Ltd.,3.7,246000,246000, Strategy,848000,23000,503000,212000
Fire Emblem: New Mystery of the Emblem,2010-07-15, Nintendo,3.7,246000,246000, Strategy,848000,23000,503000,212000
Fire Emblem: New Mystery of the Emblem,2010-07-15,Intelligent Systems Co.,3.7,246000,246000, Turn Based Strategy,848000,23000,503000,212000
Fire Emblem: New Mystery of the Emblem,2010-07-15, Ltd.,3.7,246000,246000, Turn Based Strategy,848000,23000,503000,212000
Fire Emblem: New Mystery of the Emblem,2010-07-15, Nintendo,3.7,246000,246000, Turn Based Strategy,848000,23000,503000,212000
Mario & Luigi: Superstar Saga + Bowser's Minions,2017-10-05,Nintendo,3.9,201000,201000,Adventure,1100,48000,477000,201000
Mario & Luigi: Superstar Saga + Bowser's Minions,2017-10-05, AlphaDream,3.9,201000,201000,Adventure,1100,48000,477000,201000
Mario & Luigi: Superstar Saga + Bowser's Minions,2017-10-05,Nintendo,3.9,201000,201000, Platform,1100,48000,477000,201000
Mario & Luigi: Superstar Saga + Bowser's Minions,2017-10-05, AlphaDream,3.9,201000,201000, Platform,1100,48000,477000,201000
Mario & Luigi: Superstar Saga + Bowser's Minions,2017-10-05,Nintendo,3.9,201000,201000, RPG,1100,48000,477000,201000
Mario & Luigi: Superstar Saga + Bowser's Minions,2017-10-05, AlphaDream,3.9,201000,201000, RPG,1100,48000,477000,201000
Suikoden,1995-12-15,Konami Computer Entertainment Tokyo,3.6,270000,270000,RPG,933000,32000,776000,360000
Suikoden,1995-12-15, Konami,3.6,270000,270000,RPG,933000,32000,776000,360000
Binary Domain,2012-02-16,Sega,3.5,234000,234000,Shooter,1100,9000,598000,192000
Binary Domain,2012-02-16, Ryū Ga Gotoku Studios,3.5,234000,234000,Shooter,1100,9000,598000,192000
Shin Megami Tensei: Devil Survivor,2009-01-15,Atlus,3.9,219000,219000,RPG,1000,47000,667000,343000
Shin Megami Tensei: Devil Survivor,2009-01-15, Ghostlight Ltd.,3.9,219000,219000,RPG,1000,47000,667000,343000
Shin Megami Tensei: Devil Survivor,2009-01-15,Atlus,3.9,219000,219000, Strategy,1000,47000,667000,343000
Shin Megami Tensei: Devil Survivor,2009-01-15, Ghostlight Ltd.,3.9,219000,219000, Strategy,1000,47000,667000,343000
Shin Megami Tensei: Devil Survivor,2009-01-15,Atlus,3.9,219000,219000, Tactical,1000,47000,667000,343000
Shin Megami Tensei: Devil Survivor,2009-01-15, Ghostlight Ltd.,3.9,219000,219000, Tactical,1000,47000,667000,343000
Shin Megami Tensei: Devil Survivor,2009-01-15,Atlus,3.9,219000,219000, Visual Novel,1000,47000,667000,343000
Shin Megami Tensei: Devil Survivor,2009-01-15, Ghostlight Ltd.,3.9,219000,219000, Visual Novel,1000,47000,667000,343000
JoJo's Bizarre Adventure: Eyes of Heaven,2015-12-17,CyberConnect2,2.8,106000,106000,Arcade,1700,36000,276000,196000
JoJo's Bizarre Adventure: Eyes of Heaven,2015-12-17, Bandai Namco Entertainment,2.8,106000,106000,Arcade,1700,36000,276000,196000
JoJo's Bizarre Adventure: Eyes of Heaven,2015-12-17,CyberConnect2,2.8,106000,106000, Fighting,1700,36000,276000,196000
JoJo's Bizarre Adventure: Eyes of Heaven,2015-12-17, Bandai Namco Entertainment,2.8,106000,106000, Fighting,1700,36000,276000,196000
Audiosurf,2008-02-15,Valve,3.2,82000,82000,Indie,1600,8000,77000,27000
Audiosurf,2008-02-15, Invisible Handlebar,3.2,82000,82000,Indie,1600,8000,77000,27000
Audiosurf,2008-02-15,Valve,3.2,82000,82000, Music,1600,8000,77000,27000
Audiosurf,2008-02-15, Invisible Handlebar,3.2,82000,82000, Music,1600,8000,77000,27000
Audiosurf,2008-02-15,Valve,3.2,82000,82000, Puzzle,1600,8000,77000,27000
Audiosurf,2008-02-15, Invisible Handlebar,3.2,82000,82000, Puzzle,1600,8000,77000,27000
Better Call Saul Kart,2022-09-30,Big Trash Games,4.2,8000,8000,Racing,26000,1000,10000,12000
The Secret of Monkey Island,1990-10-01,Lucasfilm Games,4.1,312000,312000,Adventure,1400,13000,418000,298000
The Secret of Monkey Island,1990-10-01, JVC Musical Industries,4.1,312000,312000,Adventure,1400,13000,418000,298000
The Secret of Monkey Island,1990-10-01,Lucasfilm Games,4.1,312000,312000, Point-and-Click,1400,13000,418000,298000
The Secret of Monkey Island,1990-10-01, JVC Musical Industries,4.1,312000,312000, Point-and-Click,1400,13000,418000,298000
The Secret of Monkey Island,1990-10-01,Lucasfilm Games,4.1,312000,312000, Puzzle,1400,13000,418000,298000
The Secret of Monkey Island,1990-10-01, JVC Musical Industries,4.1,312000,312000, Puzzle,1400,13000,418000,298000
Resistance: Fall of Man,2006-11-11,Insomniac Games,3.0,194000,194000,Adventure,1300,16000,280000,119000
Resistance: Fall of Man,2006-11-11, Sony Computer Entertainment,3.0,194000,194000,Adventure,1300,16000,280000,119000
Resistance: Fall of Man,2006-11-11, Inc. (SCEI),3.0,194000,194000,Adventure,1300,16000,280000,119000
Resistance: Fall of Man,2006-11-11,Insomniac Games,3.0,194000,194000, Shooter,1300,16000,280000,119000
Resistance: Fall of Man,2006-11-11, Sony Computer Entertainment,3.0,194000,194000, Shooter,1300,16000,280000,119000
Resistance: Fall of Man,2006-11-11, Inc. (SCEI),3.0,194000,194000, Shooter,1300,16000,280000,119000
Sniper Elite 4,2017-02-13,Sold Out Sales & Marketing,3.1,184000,184000,Adventure,1500,40000,483000,108000
Sniper Elite 4,2017-02-13, Rebellion Developments,3.1,184000,184000,Adventure,1500,40000,483000,108000
Sniper Elite 4,2017-02-13,Sold Out Sales & Marketing,3.1,184000,184000, Shooter,1500,40000,483000,108000
Sniper Elite 4,2017-02-13, Rebellion Developments,3.1,184000,184000, Shooter,1500,40000,483000,108000
Sniper Elite 4,2017-02-13,Sold Out Sales & Marketing,3.1,184000,184000, Tactical,1500,40000,483000,108000
Sniper Elite 4,2017-02-13, Rebellion Developments,3.1,184000,184000, Tactical,1500,40000,483000,108000
Metal Gear Solid HD Collection,2011-11-08,Kojima Productions,4.5,118000,118000,Adventure,1500,31000,464000,230000
Metal Gear Solid HD Collection,2011-11-08, Konami,4.5,118000,118000,Adventure,1500,31000,464000,230000
Metal Gear Solid HD Collection,2011-11-08,Kojima Productions,4.5,118000,118000, Strategy,1500,31000,464000,230000
Metal Gear Solid HD Collection,2011-11-08, Konami,4.5,118000,118000, Strategy,1500,31000,464000,230000
Metal Gear Solid HD Collection,2011-11-08,Kojima Productions,4.5,118000,118000, Tactical,1500,31000,464000,230000
Metal Gear Solid HD Collection,2011-11-08, Konami,4.5,118000,118000, Tactical,1500,31000,464000,230000
The Simpsons: Road Rage,2001-11-19,Electronic Arts,2.9,103000,103000,Racing,1700,6000,146000,61000
The Simpsons: Road Rage,2001-11-19, Fox Interactive,2.9,103000,103000,Racing,1700,6000,146000,61000
Melty Blood Actress Again Current Code,2010-07-29,Arc System Works,4.1,242000,242000,Arcade,1900,81000,211000,184000
Melty Blood Actress Again Current Code,2010-07-29, French Bread,4.1,242000,242000,Arcade,1900,81000,211000,184000
Melty Blood Actress Again Current Code,2010-07-29,Arc System Works,4.1,242000,242000, Fighting,1900,81000,211000,184000
Melty Blood Actress Again Current Code,2010-07-29, French Bread,4.1,242000,242000, Fighting,1900,81000,211000,184000
Path of Exile,2013-10-23,Grinding Gear Games,3.3,130000,130000,Adventure,2400,77000,319000,55000
Path of Exile,2013-10-23,Grinding Gear Games,3.3,130000,130000, Brawler,2400,77000,319000,55000
Path of Exile,2013-10-23,Grinding Gear Games,3.3,130000,130000, RPG,2400,77000,319000,55000
Machinarium,2009-10-16,Amanita Design,3.7,222000,222000,Adventure,1600,18000,473000,242000
Machinarium,2009-10-16,Amanita Design,3.7,222000,222000, Indie,1600,18000,473000,242000
Machinarium,2009-10-16,Amanita Design,3.7,222000,222000, Point-and-Click,1600,18000,473000,242000
Machinarium,2009-10-16,Amanita Design,3.7,222000,222000, Puzzle,1600,18000,473000,242000
Guacamelee!,2013-04-09,Drinkbox Studios,3.5,191000,191000,Adventure,1800,8000,371000,133000
Guacamelee!,2013-04-09, Spike ChunSoft,3.5,191000,191000,Adventure,1800,8000,371000,133000
Guacamelee!,2013-04-09,Drinkbox Studios,3.5,191000,191000, Brawler,1800,8000,371000,133000
Guacamelee!,2013-04-09, Spike ChunSoft,3.5,191000,191000, Brawler,1800,8000,371000,133000
Guacamelee!,2013-04-09,Drinkbox Studios,3.5,191000,191000, Indie,1800,8000,371000,133000
Guacamelee!,2013-04-09, Spike ChunSoft,3.5,191000,191000, Indie,1800,8000,371000,133000
Guacamelee!,2013-04-09,Drinkbox Studios,3.5,191000,191000, Platform,1800,8000,371000,133000
Guacamelee!,2013-04-09, Spike ChunSoft,3.5,191000,191000, Platform,1800,8000,371000,133000
Tales of Zestiria,2015-01-22,Bandai Namco Entertainment,2.7,273000,273000,RPG,1700,76000,1000,264000
Tales of Zestiria,2015-01-22, tri-Crescendo,2.7,273000,273000,RPG,1700,76000,1000,264000
Black,2006-02-24,Electronic Arts,3.4,233000,233000,Shooter,2100,19000,359000,196000
Black,2006-02-24, Criterion Games,3.4,233000,233000,Shooter,2100,19000,359000,196000
Mario Super Sluggers,2008-06-19,Namco Bandai Games,3.7,153000,153000,Sport,1800,4000,133000,81000
Mario Super Sluggers,2008-06-19, Nintendo,3.7,153000,153000,Sport,1800,4000,133000,81000
Worms Armageddon,1999-01-29,Team17,3.8,180000,180000,Platform,2100,15000,150000,57000
Worms Armageddon,1999-01-29, Infogrames Europe,3.8,180000,180000,Platform,2100,15000,150000,57000
Worms Armageddon,1999-01-29,Team17,3.8,180000,180000, Shooter,2100,15000,150000,57000
Worms Armageddon,1999-01-29, Infogrames Europe,3.8,180000,180000, Shooter,2100,15000,150000,57000
Worms Armageddon,1999-01-29,Team17,3.8,180000,180000, Strategy,2100,15000,150000,57000
Worms Armageddon,1999-01-29, Infogrames Europe,3.8,180000,180000, Strategy,2100,15000,150000,57000
Street Fighter II Turbo,1993-07-11,Capcom,3.7,174000,174000,Fighting,1600,5000,89000,50000
Tekken 4,2001-07-01,Namco,3.4,243000,243000,Fighting,1900,9000,144000,109000
Tekken 4,2001-07-01, Namco Hometek,3.4,243000,243000,Fighting,1900,9000,144000,109000
Legacy of Kain: Soul Reaver,1999-08-16,Eidos Interactive,3.7,260000,260000,Adventure,1300,22000,833000,328000
Legacy of Kain: Soul Reaver,1999-08-16, Crystal Dynamics,3.7,260000,260000,Adventure,1300,22000,833000,328000
Mega Man X7,2003-07-17,Capcom Production Studio 3,1.4,231000,231000,Adventure,1300,6000,385000,113000
Mega Man X7,2003-07-17, Capcom,1.4,231000,231000,Adventure,1300,6000,385000,113000
Mega Man X7,2003-07-17,Capcom Production Studio 3,1.4,231000,231000, Platform,1300,6000,385000,113000
Mega Man X7,2003-07-17, Capcom,1.4,231000,231000, Platform,1300,6000,385000,113000
Final Fantasy I & II: Dawn of Souls,2004-07-29,Square Enix,3.4,93000,93000,RPG,1100,26000,207000,63000
Final Fantasy I & II: Dawn of Souls,2004-07-29, Nintendo,3.4,93000,93000,RPG,1100,26000,207000,63000
Mega Man ZX,2006-07-06,Inti Creates,3.7,239000,239000,Platform,1300,29000,540000,159000
Mega Man ZX,2006-07-06, Capcom,3.7,239000,239000,Platform,1300,29000,540000,159000
Mega Man ZX,2006-07-06,Inti Creates,3.7,239000,239000, Shooter,1300,29000,540000,159000
Mega Man ZX,2006-07-06, Capcom,3.7,239000,239000, Shooter,1300,29000,540000,159000
Metal Gear 2: Solid Snake,1990-07-20,Konami,3.5,306000,306000,Adventure,1200,19000,501000,183000
The Missing: J.J. Macfield and the Island of Memories,2018-10-11,Arc System Works,3.8,241000,241000,Adventure,779000,30000,491000,366000
The Missing: J.J. Macfield and the Island of Memories,2018-10-11, White Owls Inc.,3.8,241000,241000,Adventure,779000,30000,491000,366000
The Missing: J.J. Macfield and the Island of Memories,2018-10-11,Arc System Works,3.8,241000,241000, Indie,779000,30000,491000,366000
The Missing: J.J. Macfield and the Island of Memories,2018-10-11, White Owls Inc.,3.8,241000,241000, Indie,779000,30000,491000,366000
The Missing: J.J. Macfield and the Island of Memories,2018-10-11,Arc System Works,3.8,241000,241000, Platform,779000,30000,491000,366000
The Missing: J.J. Macfield and the Island of Memories,2018-10-11, White Owls Inc.,3.8,241000,241000, Platform,779000,30000,491000,366000
The Missing: J.J. Macfield and the Island of Memories,2018-10-11,Arc System Works,3.8,241000,241000, Puzzle,779000,30000,491000,366000
The Missing: J.J. Macfield and the Island of Memories,2018-10-11, White Owls Inc.,3.8,241000,241000, Puzzle,779000,30000,491000,366000
Silent Hill 2: Restless Dreams,2001-12-19,Team Silent,4.5,90000,90000,Adventure,514000,14000,130000,81000
Silent Hill 2: Restless Dreams,2001-12-19, Konami,4.5,90000,90000,Adventure,514000,14000,130000,81000
Friday the 13th: The Game,2017-05-25,Illfonic,2.6,170000,170000,Indie,2200,12000,198000,67000
Friday the 13th: The Game,2017-05-25, Gun Interactive,2.6,170000,170000,Indie,2200,12000,198000,67000
Quake II,1997-12-09,id Software,3.4,242000,242000,Shooter,1500,18000,469000,162000
Quake II,1997-12-09, Activision,3.4,242000,242000,Shooter,1500,18000,469000,162000
NBA Jam,1993-06-02,Midway,3.6,106000,106000,Sport,847000,0,64000,23000
Final Fantasy X HD Remaster,2013-12-26,Square Enix,4.3,139000,139000,Adventure,867000,48000,300000,76000
Final Fantasy X HD Remaster,2013-12-26,Square Enix,4.3,139000,139000, RPG,867000,48000,300000,76000
Mario vs. Donkey Kong,2004-05-24,Nintendo,3.3,171000,171000,Platform,1500,16000,252000,92000
Mario vs. Donkey Kong,2004-05-24, Nintendo Software Technology,3.3,171000,171000,Platform,1500,16000,252000,92000
Mario vs. Donkey Kong,2004-05-24,Nintendo,3.3,171000,171000, Puzzle,1500,16000,252000,92000
Mario vs. Donkey Kong,2004-05-24, Nintendo Software Technology,3.3,171000,171000, Puzzle,1500,16000,252000,92000
Kenshi,2018-12-06,Lo-Fi Games,4.0,90000,90000,Indie,527000,49000,279000,257000
Kenshi,2018-12-06,Lo-Fi Games,4.0,90000,90000, RPG,527000,49000,279000,257000
Kenshi,2018-12-06,Lo-Fi Games,4.0,90000,90000, Simulator,527000,49000,279000,257000
Kenshi,2018-12-06,Lo-Fi Games,4.0,90000,90000, Strategy,527000,49000,279000,257000
Remember Me,2013-06-03,Capcom,2.9,179000,179000,Adventure,1600,22000,526000,239000
Remember Me,2013-06-03," ""DONT NOD""",2.9,179000,179000,Adventure,1600,22000,526000,239000
Remember Me,2013-06-03,Capcom,2.9,179000,179000, Platform,1600,22000,526000,239000
Remember Me,2013-06-03," ""DONT NOD""",2.9,179000,179000, Platform,1600,22000,526000,239000
Alpha Protocol,2010-05-28,Obsidian Entertainment,3.3,170000,170000,RPG,987000,9000,511000,182000
Alpha Protocol,2010-05-28, Sega,3.3,170000,170000,RPG,987000,9000,511000,182000
Alpha Protocol,2010-05-28,Obsidian Entertainment,3.3,170000,170000, Shooter,987000,9000,511000,182000
Alpha Protocol,2010-05-28, Sega,3.3,170000,170000, Shooter,987000,9000,511000,182000
Indivisible,2019-10-08,Lab Zero Games,3.1,211000,211000,Adventure,969000,56000,839000,349000
Indivisible,2019-10-08, 505 Games,3.1,211000,211000,Adventure,969000,56000,839000,349000
Indivisible,2019-10-08,Lab Zero Games,3.1,211000,211000, Indie,969000,56000,839000,349000
Indivisible,2019-10-08, 505 Games,3.1,211000,211000, Indie,969000,56000,839000,349000
Indivisible,2019-10-08,Lab Zero Games,3.1,211000,211000, Platform,969000,56000,839000,349000
Indivisible,2019-10-08, 505 Games,3.1,211000,211000, Platform,969000,56000,839000,349000
Indivisible,2019-10-08,Lab Zero Games,3.1,211000,211000, RPG,969000,56000,839000,349000
Indivisible,2019-10-08, 505 Games,3.1,211000,211000, RPG,969000,56000,839000,349000
Jazzpunk,2014-02-07,Necrophone Games,3.6,122000,122000,Adventure,935000,5000,213000,165000
Jazzpunk,2014-02-07, Adult Swim Games,3.6,122000,122000,Adventure,935000,5000,213000,165000
Jazzpunk,2014-02-07,Necrophone Games,3.6,122000,122000, Indie,935000,5000,213000,165000
Jazzpunk,2014-02-07, Adult Swim Games,3.6,122000,122000, Indie,935000,5000,213000,165000
Need for Speed: Hot Pursuit,2010-11-16,Criterion Games,3.3,148000,148000,Racing,2000,23000,182000,54000
Need for Speed: Hot Pursuit,2010-11-16, Electronic Arts,3.3,148000,148000,Racing,2000,23000,182000,54000
The House in Fata Morgana: A Requiem for Innocence,2015-08-16,NOVECT,4.3,123000,123000,Adventure,625000,34000,275000,180000
The House in Fata Morgana: A Requiem for Innocence,2015-08-16, MangaGamer,4.3,123000,123000,Adventure,625000,34000,275000,180000
The House in Fata Morgana: A Requiem for Innocence,2015-08-16,NOVECT,4.3,123000,123000, Visual Novel,625000,34000,275000,180000
The House in Fata Morgana: A Requiem for Innocence,2015-08-16, MangaGamer,4.3,123000,123000, Visual Novel,625000,34000,275000,180000
Phantom Brigade,2023-02-28,Brace Yourself Games,2.8,16000,16000,Indie,16000,10000,30000,51000
Phantom Brigade,2023-02-28,Brace Yourself Games,2.8,16000,16000, RPG,16000,10000,30000,51000
Phantom Brigade,2023-02-28,Brace Yourself Games,2.8,16000,16000, Strategy,16000,10000,30000,51000
Phantom Brigade,2023-02-28,Brace Yourself Games,2.8,16000,16000, Tactical,16000,10000,30000,51000
Phantom Brigade,2023-02-28,Brace Yourself Games,2.8,16000,16000, Turn Based Strategy,16000,10000,30000,51000
Altered Beast,1988-08-01,Sega,2.5,211000,211000,Brawler,1500,2000,154000,55000
Altered Beast,1988-08-01, Team Shinobi,2.5,211000,211000,Brawler,1500,2000,154000,55000
Altered Beast,1988-08-01,Sega,2.5,211000,211000, Platform,1500,2000,154000,55000
Altered Beast,1988-08-01, Team Shinobi,2.5,211000,211000, Platform,1500,2000,154000,55000
Broken Age,2014-01-28,Nordic Games Publishing,3.1,180000,180000,Adventure,1300,21000,663000,139000
Broken Age,2014-01-28, Double Fine,3.1,180000,180000,Adventure,1300,21000,663000,139000
Broken Age,2014-01-28,Nordic Games Publishing,3.1,180000,180000, Indie,1300,21000,663000,139000
Broken Age,2014-01-28, Double Fine,3.1,180000,180000, Indie,1300,21000,663000,139000
Broken Age,2014-01-28,Nordic Games Publishing,3.1,180000,180000, Point-and-Click,1300,21000,663000,139000
Broken Age,2014-01-28, Double Fine,3.1,180000,180000, Point-and-Click,1300,21000,663000,139000
Broken Age,2014-01-28,Nordic Games Publishing,3.1,180000,180000, Puzzle,1300,21000,663000,139000
Broken Age,2014-01-28, Double Fine,3.1,180000,180000, Puzzle,1300,21000,663000,139000
Telling Lies,2019-08-23,Furious Bee Limited,2.8,186000,186000,Indie,646000,15000,244000,163000
Telling Lies,2019-08-23, Annapurna Interactive,2.8,186000,186000,Indie,646000,15000,244000,163000
Telling Lies,2019-08-23,Furious Bee Limited,2.8,186000,186000, Point-and-Click,646000,15000,244000,163000
Telling Lies,2019-08-23, Annapurna Interactive,2.8,186000,186000, Point-and-Click,646000,15000,244000,163000
Telling Lies,2019-08-23,Furious Bee Limited,2.8,186000,186000, Simulator,646000,15000,244000,163000
Telling Lies,2019-08-23, Annapurna Interactive,2.8,186000,186000, Simulator,646000,15000,244000,163000
Saints Row: Gat Out of Hell,2015-01-20,Volition,2.4,159000,159000,Adventure,2000,13000,412000,75000
Saints Row: Gat Out of Hell,2015-01-20, Deep Silver,2.4,159000,159000,Adventure,2000,13000,412000,75000
Saints Row: Gat Out of Hell,2015-01-20,Volition,2.4,159000,159000, Shooter,2000,13000,412000,75000
Saints Row: Gat Out of Hell,2015-01-20, Deep Silver,2.4,159000,159000, Shooter,2000,13000,412000,75000
Ratchet & Clank: Size Matters,2007-02-13,Sony Computer Entertainment,2.8,172000,172000,Adventure,1500,10000,287000,115000
Ratchet & Clank: Size Matters,2007-02-13, Inc. (SCEI),2.8,172000,172000,Adventure,1500,10000,287000,115000
Ratchet & Clank: Size Matters,2007-02-13, High Impact Games,2.8,172000,172000,Adventure,1500,10000,287000,115000
Ratchet & Clank: Size Matters,2007-02-13,Sony Computer Entertainment,2.8,172000,172000, Platform,1500,10000,287000,115000
Ratchet & Clank: Size Matters,2007-02-13, Inc. (SCEI),2.8,172000,172000, Platform,1500,10000,287000,115000
Ratchet & Clank: Size Matters,2007-02-13, High Impact Games,2.8,172000,172000, Platform,1500,10000,287000,115000
Ratchet & Clank: Size Matters,2007-02-13,Sony Computer Entertainment,2.8,172000,172000, Shooter,1500,10000,287000,115000
Ratchet & Clank: Size Matters,2007-02-13, Inc. (SCEI),2.8,172000,172000, Shooter,1500,10000,287000,115000
Ratchet & Clank: Size Matters,2007-02-13, High Impact Games,2.8,172000,172000, Shooter,1500,10000,287000,115000
Mario Hoops 3-on-3,2006-07-27,Nintendo,3.5,132000,132000,Sport,1800,2000,134000,69000
Mario Hoops 3-on-3,2006-07-27, Square Enix,3.5,132000,132000,Sport,1800,2000,134000,69000
Mario Power Tennis,2004-10-28,Nintendo,3.5,150000,150000,Sport,1900,6000,146000,91000
Mario Power Tennis,2004-10-28, Camelot Software Planning,3.5,150000,150000,Sport,1900,6000,146000,91000
Keep Talking and Nobody Explodes,2015-07-16,Steel Crate Games,3.7,144000,144000,Card & Board Game,2000,26000,198000,106000
Keep Talking and Nobody Explodes,2015-07-16,Steel Crate Games,3.7,144000,144000, Indie,2000,26000,198000,106000
Keep Talking and Nobody Explodes,2015-07-16,Steel Crate Games,3.7,144000,144000, Puzzle,2000,26000,198000,106000
Keep Talking and Nobody Explodes,2015-07-16,Steel Crate Games,3.7,144000,144000, Simulator,2000,26000,198000,106000
The Swapper,2013-05-30,Facepalm Games,3.4,130000,130000,Adventure,1100,10000,341000,93000
The Swapper,2013-05-30, Curve Digital,3.4,130000,130000,Adventure,1100,10000,341000,93000
The Swapper,2013-05-30,Facepalm Games,3.4,130000,130000, Indie,1100,10000,341000,93000
The Swapper,2013-05-30, Curve Digital,3.4,130000,130000, Indie,1100,10000,341000,93000
The Swapper,2013-05-30,Facepalm Games,3.4,130000,130000, Platform,1100,10000,341000,93000
The Swapper,2013-05-30, Curve Digital,3.4,130000,130000, Platform,1100,10000,341000,93000
The Swapper,2013-05-30,Facepalm Games,3.4,130000,130000, Puzzle,1100,10000,341000,93000
The Swapper,2013-05-30, Curve Digital,3.4,130000,130000, Puzzle,1100,10000,341000,93000
The Swapper,2013-05-30,Facepalm Games,3.4,130000,130000, Strategy,1100,10000,341000,93000
The Swapper,2013-05-30, Curve Digital,3.4,130000,130000, Strategy,1100,10000,341000,93000
Ms. Pac-Man,1982-02-03,Atari,3.6,198000,198000,Arcade,1600,1000,45000,38000
Ms. Pac-Man,1982-02-03, Inc.,3.6,198000,198000,Arcade,1600,1000,45000,38000
Ms. Pac-Man,1982-02-03, General Computer Corporation (GCC),3.6,198000,198000,Arcade,1600,1000,45000,38000
Gun,2005-11-05,Activision,3.3,131000,131000,Adventure,1400,5000,276000,152000
Gun,2005-11-05, Rebellion Developments,3.3,131000,131000,Adventure,1400,5000,276000,152000
Naruto: Ultimate Ninja 3,2005-12-22,Bandai,3.5,120000,120000,Fighting,1900,2000,67000,32000
Naruto: Ultimate Ninja 3,2005-12-22, CyberConnect2,3.5,120000,120000,Fighting,1900,2000,67000,32000
The Ultimate Doom,1995-04-30,id Software,4.1,148000,148000,Shooter,1200,36000,205000,71000
The Ultimate Doom,1995-04-30, Activision,4.1,148000,148000,Shooter,1200,36000,205000,71000
Superman: The New Superman Adventures,1999-05-31,Titus Software,0.7,69000,69000,Adventure,859000,2000,76000,55000
Superman: The New Superman Adventures,1999-05-31, WB Games,0.7,69000,69000,Adventure,859000,2000,76000,55000
Superman: The New Superman Adventures,1999-05-31,Titus Software,0.7,69000,69000, Shooter,859000,2000,76000,55000
Superman: The New Superman Adventures,1999-05-31, WB Games,0.7,69000,69000, Shooter,859000,2000,76000,55000
Ruiner,2017-09-26,Reikon Games,3.2,177000,177000,Adventure,1100,38000,701000,177000
Ruiner,2017-09-26, Devolver Digital,3.2,177000,177000,Adventure,1100,38000,701000,177000
Ruiner,2017-09-26,Reikon Games,3.2,177000,177000, Indie,1100,38000,701000,177000
Ruiner,2017-09-26, Devolver Digital,3.2,177000,177000, Indie,1100,38000,701000,177000
Ruiner,2017-09-26,Reikon Games,3.2,177000,177000, Shooter,1100,38000,701000,177000
Ruiner,2017-09-26, Devolver Digital,3.2,177000,177000, Shooter,1100,38000,701000,177000
Ruiner,2017-09-26,Reikon Games,3.2,177000,177000, Strategy,1100,38000,701000,177000
Ruiner,2017-09-26, Devolver Digital,3.2,177000,177000, Strategy,1100,38000,701000,177000
The Lord of the Rings: The Two Towers,2002-10-21,Electronic Arts,3.3,100000,100000,Adventure,1600,8000,172000,72000
The Lord of the Rings: The Two Towers,2002-10-21, Hypnos Entertainment,3.3,100000,100000,Adventure,1600,8000,172000,72000
The Lord of the Rings: The Two Towers,2002-10-21,Electronic Arts,3.3,100000,100000, Brawler,1600,8000,172000,72000
The Lord of the Rings: The Two Towers,2002-10-21, Hypnos Entertainment,3.3,100000,100000, Brawler,1600,8000,172000,72000
Dragon Quest II: Luminaries of the Legendary Line,2005-12-31,Chunsoft,3.0,215000,215000,RPG,891000,40000,399000,167000
Dragon Quest II: Luminaries of the Legendary Line,2005-12-31, Enix America Corporation,3.0,215000,215000,RPG,891000,40000,399000,167000
Chivalry: Medieval Warfare,2012-10-16,Torn Banner Studios,2.9,73000,73000,Brawler,1600,2000,143000,23000
Chivalry: Medieval Warfare,2012-10-16, Activision,2.9,73000,73000,Brawler,1600,2000,143000,23000
Chivalry: Medieval Warfare,2012-10-16,Torn Banner Studios,2.9,73000,73000, Fighting,1600,2000,143000,23000
Chivalry: Medieval Warfare,2012-10-16, Activision,2.9,73000,73000, Fighting,1600,2000,143000,23000
Chivalry: Medieval Warfare,2012-10-16,Torn Banner Studios,2.9,73000,73000, Indie,1600,2000,143000,23000
Chivalry: Medieval Warfare,2012-10-16, Activision,2.9,73000,73000, Indie,1600,2000,143000,23000
FIFA 14,2013-09-24,EA Sports,3.2,92000,92000,Sport,2200,8000,52000,13000
FIFA 14,2013-09-24, EA Canada,3.2,92000,92000,Sport,2200,8000,52000,13000
Bit.Trip Runner,2010-05-14,Gaijin Games,3.1,58000,58000,Arcade,1200,7000,195000,57000
Bit.Trip Runner,2010-05-14, Aksys Games,3.1,58000,58000,Arcade,1200,7000,195000,57000
Bit.Trip Runner,2010-05-14,Gaijin Games,3.1,58000,58000, Indie,1200,7000,195000,57000
Bit.Trip Runner,2010-05-14, Aksys Games,3.1,58000,58000, Indie,1200,7000,195000,57000
Bit.Trip Runner,2010-05-14,Gaijin Games,3.1,58000,58000, Music,1200,7000,195000,57000
Bit.Trip Runner,2010-05-14, Aksys Games,3.1,58000,58000, Music,1200,7000,195000,57000
Bit.Trip Runner,2010-05-14,Gaijin Games,3.1,58000,58000, Platform,1200,7000,195000,57000
Bit.Trip Runner,2010-05-14, Aksys Games,3.1,58000,58000, Platform,1200,7000,195000,57000
Pokémon Pinball: Ruby & Sapphire,2003-08-01,Nintendo,3.5,135000,135000,Adventure,1600,23000,136000,69000
Pokémon Pinball: Ruby & Sapphire,2003-08-01, Jupiter Corporation,3.5,135000,135000,Adventure,1600,23000,136000,69000
Pokémon Pinball: Ruby & Sapphire,2003-08-01,Nintendo,3.5,135000,135000, Arcade,1600,23000,136000,69000
Pokémon Pinball: Ruby & Sapphire,2003-08-01, Jupiter Corporation,3.5,135000,135000, Arcade,1600,23000,136000,69000
Pokémon Pinball: Ruby & Sapphire,2003-08-01,Nintendo,3.5,135000,135000, Pinball,1600,23000,136000,69000
Pokémon Pinball: Ruby & Sapphire,2003-08-01, Jupiter Corporation,3.5,135000,135000, Pinball,1600,23000,136000,69000
FIFA 13,2012-09-25,Electronic Arts,3.2,62000,62000,Simulator,1600,2000,34000,12000
FIFA 13,2012-09-25, EA Canada,3.2,62000,62000,Simulator,1600,2000,34000,12000
FIFA 13,2012-09-25,Electronic Arts,3.2,62000,62000, Sport,1600,2000,34000,12000
FIFA 13,2012-09-25, EA Canada,3.2,62000,62000, Sport,1600,2000,34000,12000
La-Mulana,2012-07-13,GR3 Project,3.9,170000,170000,Adventure,492000,30000,474000,219000
La-Mulana,2012-07-13, Rising Star Games,3.9,170000,170000,Adventure,492000,30000,474000,219000
La-Mulana,2012-07-13,GR3 Project,3.9,170000,170000, Indie,492000,30000,474000,219000
La-Mulana,2012-07-13, Rising Star Games,3.9,170000,170000, Indie,492000,30000,474000,219000
La-Mulana,2012-07-13,GR3 Project,3.9,170000,170000, Platform,492000,30000,474000,219000
La-Mulana,2012-07-13, Rising Star Games,3.9,170000,170000, Platform,492000,30000,474000,219000
La-Mulana,2012-07-13,GR3 Project,3.9,170000,170000, Puzzle,492000,30000,474000,219000
La-Mulana,2012-07-13, Rising Star Games,3.9,170000,170000, Puzzle,492000,30000,474000,219000
The Warriors,2005-10-17,Rockstar Toronto,3.9,182000,182000,Brawler,927000,10000,274000,191000
The Warriors,2005-10-17, Rockstar Games,3.9,182000,182000,Brawler,927000,10000,274000,191000
The Warriors,2005-10-17,Rockstar Toronto,3.9,182000,182000, Fighting,927000,10000,274000,191000
The Warriors,2005-10-17, Rockstar Games,3.9,182000,182000, Fighting,927000,10000,274000,191000
Mortal Kombat XL,2016-03-01,NetherRealm Studios,3.6,95000,95000,Fighting,1100,10000,128000,32000
Mortal Kombat XL,2016-03-01, WB Games,3.6,95000,95000,Fighting,1100,10000,128000,32000
Anonymous;Code,2022-07-28,5pb.,4.2,40000,40000,Adventure,8000,1000,57000,156000
Anonymous;Code,2022-07-28, Spike ChunSoft,4.2,40000,40000,Adventure,8000,1000,57000,156000
Anonymous;Code,2022-07-28,5pb.,4.2,40000,40000, Visual Novel,8000,1000,57000,156000
Anonymous;Code,2022-07-28, Spike ChunSoft,4.2,40000,40000, Visual Novel,8000,1000,57000,156000
Higurashi no Naku Koro ni: Chapter 2 - Watanagashi,2002-12-29,MangaGamer,3.7,118000,118000,Adventure,1200,49000,242000,92000
Higurashi no Naku Koro ni: Chapter 2 - Watanagashi,2002-12-29, 07th Expansion,3.7,118000,118000,Adventure,1200,49000,242000,92000
Higurashi no Naku Koro ni: Chapter 2 - Watanagashi,2002-12-29,MangaGamer,3.7,118000,118000, Visual Novel,1200,49000,242000,92000
Higurashi no Naku Koro ni: Chapter 2 - Watanagashi,2002-12-29, 07th Expansion,3.7,118000,118000, Visual Novel,1200,49000,242000,92000
Aokana: Four Rhythms Across the Blue,2016-01-08,sprite,3.9,32000,32000,Adventure,164000,20000,127000,101000
Aokana: Four Rhythms Across the Blue,2016-01-08, Piacci,3.9,32000,32000,Adventure,164000,20000,127000,101000
Aokana: Four Rhythms Across the Blue,2016-01-08,sprite,3.9,32000,32000, Visual Novel,164000,20000,127000,101000
Aokana: Four Rhythms Across the Blue,2016-01-08, Piacci,3.9,32000,32000, Visual Novel,164000,20000,127000,101000
Shantae and the Seven Sirens,2020-03-27,WayForward Technologies,3.5,118000,118000,Adventure,512000,31000,384000,331000
Shantae and the Seven Sirens,2020-03-27, WayForward,3.5,118000,118000,Adventure,512000,31000,384000,331000
Shantae and the Seven Sirens,2020-03-27,WayForward Technologies,3.5,118000,118000, Platform,512000,31000,384000,331000
Shantae and the Seven Sirens,2020-03-27, WayForward,3.5,118000,118000, Platform,512000,31000,384000,331000
Mega Man ZX Advent,2007-07-12,Inti Creates,3.6,173000,173000,Adventure,976000,19000,462000,110000
Mega Man ZX Advent,2007-07-12, Capcom,3.6,173000,173000,Adventure,976000,19000,462000,110000
Mega Man ZX Advent,2007-07-12,Inti Creates,3.6,173000,173000, Platform,976000,19000,462000,110000
Mega Man ZX Advent,2007-07-12, Capcom,3.6,173000,173000, Platform,976000,19000,462000,110000
Mega Man ZX Advent,2007-07-12,Inti Creates,3.6,173000,173000, Shooter,976000,19000,462000,110000
Mega Man ZX Advent,2007-07-12, Capcom,3.6,173000,173000, Shooter,976000,19000,462000,110000
Peggle Deluxe,2007-03-06,PopCap Games,3.7,69000,69000,,939000,18000,70000,13000
Slither.io,2016-03-25,Lowtech Studios,2.2,46000,46000,Arcade,2100,1000,21000,4000
Slither.io,2016-03-25, Steve Howse,2.2,46000,46000,Arcade,2100,1000,21000,4000
Slither.io,2016-03-25,Lowtech Studios,2.2,46000,46000, Simulator,2100,1000,21000,4000
Slither.io,2016-03-25, Steve Howse,2.2,46000,46000, Simulator,2100,1000,21000,4000
Twisted Metal,1995-11-05,Eat Sleep Play Inc.,3.1,117000,117000,Fighting,986000,1000,148000,81000
Twisted Metal,1995-11-05, Sony Computer Entertainment,3.1,117000,117000,Fighting,986000,1000,148000,81000
Twisted Metal,1995-11-05,Eat Sleep Play Inc.,3.1,117000,117000, Racing,986000,1000,148000,81000
Twisted Metal,1995-11-05, Sony Computer Entertainment,3.1,117000,117000, Racing,986000,1000,148000,81000
Twisted Metal,1995-11-05,Eat Sleep Play Inc.,3.1,117000,117000, Shooter,986000,1000,148000,81000
Twisted Metal,1995-11-05, Sony Computer Entertainment,3.1,117000,117000, Shooter,986000,1000,148000,81000
Dragon Age: Origins - Awakening,2010-03-16,BioWare Edmonton,3.9,50000,50000,RPG,1000,14000,200000,54000
Dragon Age: Origins - Awakening,2010-03-16, Electronic Arts,3.9,50000,50000,RPG,1000,14000,200000,54000
Dragon Age: Origins - Awakening,2010-03-16,BioWare Edmonton,3.9,50000,50000, Strategy,1000,14000,200000,54000
Dragon Age: Origins - Awakening,2010-03-16, Electronic Arts,3.9,50000,50000, Strategy,1000,14000,200000,54000
Parasite Eve II,1999-12-16,Square,3.4,229000,229000,RPG,763000,16000,657000,344000
Parasite Eve II,1999-12-16, Square Soft,3.4,229000,229000,RPG,763000,16000,657000,344000
The Jackbox Party Pack,2014-11-18,Jackbox Games,2.9,102000,102000,Indie,1400,6000,93000,27000
The Jackbox Party Pack,2014-11-18, Inc.,2.9,102000,102000,Indie,1400,6000,93000,27000
The Jackbox Party Pack,2014-11-18,Jackbox Games,2.9,102000,102000, Puzzle,1400,6000,93000,27000
The Jackbox Party Pack,2014-11-18, Inc.,2.9,102000,102000, Puzzle,1400,6000,93000,27000
The Jackbox Party Pack,2014-11-18,Jackbox Games,2.9,102000,102000, Quiz/Trivia,1400,6000,93000,27000
The Jackbox Party Pack,2014-11-18, Inc.,2.9,102000,102000, Quiz/Trivia,1400,6000,93000,27000
The Jackbox Party Pack,2014-11-18,Jackbox Games,2.9,102000,102000, Strategy,1400,6000,93000,27000
The Jackbox Party Pack,2014-11-18, Inc.,2.9,102000,102000, Strategy,1400,6000,93000,27000
Tom Clancy's Splinter Cell: Pandora Tomorrow,2004-03-23,Ubisoft Shanghai,3.4,137000,137000,Shooter,1000,7000,317000,123000
Tom Clancy's Splinter Cell: Pandora Tomorrow,2004-03-23, Ubisoft Entertainment,3.4,137000,137000,Shooter,1000,7000,317000,123000
Tom Clancy's Splinter Cell: Pandora Tomorrow,2004-03-23,Ubisoft Shanghai,3.4,137000,137000, Tactical,1000,7000,317000,123000
Tom Clancy's Splinter Cell: Pandora Tomorrow,2004-03-23, Ubisoft Entertainment,3.4,137000,137000, Tactical,1000,7000,317000,123000
Payday: The Heist,2011-10-18,Overkill Software,2.9,55000,55000,Shooter,1300,4000,135000,23000
Payday: The Heist,2011-10-18, Daybreak Game Company,2.9,55000,55000,Shooter,1300,4000,135000,23000
Pokémon Rumble Blast,2011-08-11,Nintendo,2.9,96000,96000,Adventure,1200,8000,95000,39000
Pokémon Rumble Blast,2011-08-11, Ambrella,2.9,96000,96000,Adventure,1200,8000,95000,39000
Pokémon Rumble Blast,2011-08-11,Nintendo,2.9,96000,96000, Brawler,1200,8000,95000,39000
Pokémon Rumble Blast,2011-08-11, Ambrella,2.9,96000,96000, Brawler,1200,8000,95000,39000
Pokémon Rumble Blast,2011-08-11,Nintendo,2.9,96000,96000, Fighting,1200,8000,95000,39000
Pokémon Rumble Blast,2011-08-11, Ambrella,2.9,96000,96000, Fighting,1200,8000,95000,39000
Pokémon Rumble Blast,2011-08-11,Nintendo,2.9,96000,96000, RPG,1200,8000,95000,39000
Pokémon Rumble Blast,2011-08-11, Ambrella,2.9,96000,96000, RPG,1200,8000,95000,39000
Nicktoons Unite!,2005-10-26,THQ,2.5,52000,52000,Adventure,785000,2000,50000,28000
Nicktoons Unite!,2005-10-26, Blue Tongue Entertainment,2.5,52000,52000,Adventure,785000,2000,50000,28000
Ruined King: A League of Legends Story,2021-11-16,Riot Forge,3.6,68000,68000,Adventure,413000,63000,243000,246000
Ruined King: A League of Legends Story,2021-11-16, Airship Syndicate,3.6,68000,68000,Adventure,413000,63000,243000,246000
Ruined King: A League of Legends Story,2021-11-16,Riot Forge,3.6,68000,68000, Indie,413000,63000,243000,246000
Ruined King: A League of Legends Story,2021-11-16, Airship Syndicate,3.6,68000,68000, Indie,413000,63000,243000,246000
Ruined King: A League of Legends Story,2021-11-16,Riot Forge,3.6,68000,68000, RPG,413000,63000,243000,246000
Ruined King: A League of Legends Story,2021-11-16, Airship Syndicate,3.6,68000,68000, RPG,413000,63000,243000,246000
Ruined King: A League of Legends Story,2021-11-16,Riot Forge,3.6,68000,68000, Turn Based Strategy,413000,63000,243000,246000
Ruined King: A League of Legends Story,2021-11-16, Airship Syndicate,3.6,68000,68000, Turn Based Strategy,413000,63000,243000,246000
Picross S3,2019-04-25,Jupiter Corp.,3.9,26000,26000,Puzzle,187000,16000,34000,26000
Picross S3,2019-04-25, Jupiter Corporation,3.9,26000,26000,Puzzle,187000,16000,34000,26000
Picross S3,2019-04-25,Jupiter Corp.,3.9,26000,26000, Strategy,187000,16000,34000,26000
Picross S3,2019-04-25, Jupiter Corporation,3.9,26000,26000, Strategy,187000,16000,34000,26000
Lisa the Joyful,2015-08-24,Dingaling,3.7,126000,126000,Adventure,1000,7000,358000,233000
Lisa the Joyful,2015-08-24,Dingaling,3.7,126000,126000, Indie,1000,7000,358000,233000
Lisa the Joyful,2015-08-24,Dingaling,3.7,126000,126000, RPG,1000,7000,358000,233000
Lisa the Joyful,2015-08-24,Dingaling,3.7,126000,126000, Turn Based Strategy,1000,7000,358000,233000
The King of Fighters '98,1998-07-23,SNK,3.9,231000,231000,Fighting,1500,15000,137000,88000
The King of Fighters '98,1998-07-23, HAMSTER Corporation,3.9,231000,231000,Fighting,1500,15000,137000,88000
Kingdoms of Amalur: Reckoning,2012-02-07,38 Studios,3.2,99000,99000,Brawler,1200,22000,365000,106000
Kingdoms of Amalur: Reckoning,2012-02-07, Electronic Arts,3.2,99000,99000,Brawler,1200,22000,365000,106000
Kingdoms of Amalur: Reckoning,2012-02-07,38 Studios,3.2,99000,99000, RPG,1200,22000,365000,106000
Kingdoms of Amalur: Reckoning,2012-02-07, Electronic Arts,3.2,99000,99000, RPG,1200,22000,365000,106000
Grand Theft Auto,1997-10-21,DMA Design,2.5,181000,181000,Adventure,1600,4000,225000,109000
Grand Theft Auto,1997-10-21, Take-Two Interactive,2.5,181000,181000,Adventure,1600,4000,225000,109000
Grand Theft Auto,1997-10-21,DMA Design,2.5,181000,181000, Racing,1600,4000,225000,109000
Grand Theft Auto,1997-10-21, Take-Two Interactive,2.5,181000,181000, Racing,1600,4000,225000,109000
Grand Theft Auto,1997-10-21,DMA Design,2.5,181000,181000, Shooter,1600,4000,225000,109000
Grand Theft Auto,1997-10-21, Take-Two Interactive,2.5,181000,181000, Shooter,1600,4000,225000,109000
Europa Universalis IV,2013-08-13,Paradox Interactive,3.8,135000,135000,Real Time Strategy,1300,76000,426000,72000
Europa Universalis IV,2013-08-13, Paradox Development Studio,3.8,135000,135000,Real Time Strategy,1300,76000,426000,72000
Europa Universalis IV,2013-08-13,Paradox Interactive,3.8,135000,135000, Simulator,1300,76000,426000,72000
Europa Universalis IV,2013-08-13, Paradox Development Studio,3.8,135000,135000, Simulator,1300,76000,426000,72000
Europa Universalis IV,2013-08-13,Paradox Interactive,3.8,135000,135000, Strategy,1300,76000,426000,72000
Europa Universalis IV,2013-08-13, Paradox Development Studio,3.8,135000,135000, Strategy,1300,76000,426000,72000
Sonic the Hedgehog 2,1992-10-16,Aspect Co. Ltd,2.8,157000,157000,Adventure,1400,6000,173000,45000
Sonic the Hedgehog 2,1992-10-16, Sega,2.8,157000,157000,Adventure,1400,6000,173000,45000
Sonic the Hedgehog 2,1992-10-16,Aspect Co. Ltd,2.8,157000,157000, Arcade,1400,6000,173000,45000
Sonic the Hedgehog 2,1992-10-16, Sega,2.8,157000,157000, Arcade,1400,6000,173000,45000
Sonic the Hedgehog 2,1992-10-16,Aspect Co. Ltd,2.8,157000,157000, Platform,1400,6000,173000,45000
Sonic the Hedgehog 2,1992-10-16, Sega,2.8,157000,157000, Platform,1400,6000,173000,45000
Guitar Hero 5,2009-09-01,Activision,3.2,63000,63000,Music,1100,0,65000,22000
Guitar Hero 5,2009-09-01, Neversoft Entertainment,3.2,63000,63000,Music,1100,0,65000,22000
Silent Hill: Homecoming,2008-09-30,Double Helix Games,2.1,206000,206000,Adventure,1300,18000,382000,227000
Silent Hill: Homecoming,2008-09-30, Konami,2.1,206000,206000,Adventure,1300,18000,382000,227000
Silent Hill: Homecoming,2008-09-30,Double Helix Games,2.1,206000,206000, Fighting,1300,18000,382000,227000
Silent Hill: Homecoming,2008-09-30, Konami,2.1,206000,206000, Fighting,1300,18000,382000,227000
Mighty No. 9,2016-06-21,Inti Creates,1.6,137000,137000,Adventure,907000,5000,263000,71000
Mighty No. 9,2016-06-21, Deep Silver,1.6,137000,137000,Adventure,907000,5000,263000,71000
Mighty No. 9,2016-06-21,Inti Creates,1.6,137000,137000, Arcade,907000,5000,263000,71000
Mighty No. 9,2016-06-21, Deep Silver,1.6,137000,137000, Arcade,907000,5000,263000,71000
Mighty No. 9,2016-06-21,Inti Creates,1.6,137000,137000, Platform,907000,5000,263000,71000
Mighty No. 9,2016-06-21, Deep Silver,1.6,137000,137000, Platform,907000,5000,263000,71000
Mighty No. 9,2016-06-21,Inti Creates,1.6,137000,137000, Shooter,907000,5000,263000,71000
Mighty No. 9,2016-06-21, Deep Silver,1.6,137000,137000, Shooter,907000,5000,263000,71000
Dragon Ball GT: Final Bout,1997-08-21,Tose,1.8,83000,83000,Fighting,1200,2000,39000,23000
Dragon Ball GT: Final Bout,1997-08-21, Bandai,1.8,83000,83000,Fighting,1200,2000,39000,23000
Killzone 3,2011-02-22,Guerrilla Games,3.1,155000,155000,Shooter,1300,6000,249000,91000
Killzone 3,2011-02-22, Sony Computer Entertainment,3.1,155000,155000,Shooter,1300,6000,249000,91000
Killzone 3,2011-02-22, Inc. (SCEI),3.1,155000,155000,Shooter,1300,6000,249000,91000
WWE SmackDown vs. Raw 2008,2007-11-09,THQ,3.1,62000,62000,Fighting,1400,1000,34000,16000
WWE SmackDown vs. Raw 2008,2007-11-09," ""YUKES Co.",3.1,62000,62000,Fighting,1400,1000,34000,16000
WWE SmackDown vs. Raw 2008,2007-11-09," Ltd.""",3.1,62000,62000,Fighting,1400,1000,34000,16000
WWE SmackDown vs. Raw 2008,2007-11-09,THQ,3.1,62000,62000, Sport,1400,1000,34000,16000
WWE SmackDown vs. Raw 2008,2007-11-09," ""YUKES Co.",3.1,62000,62000, Sport,1400,1000,34000,16000
WWE SmackDown vs. Raw 2008,2007-11-09," Ltd.""",3.1,62000,62000, Sport,1400,1000,34000,16000
Children of Morta,2019-09-03,Dead Mage,3.4,153000,153000,Adventure,727000,54000,385000,136000
Children of Morta,2019-09-03, 11 bit studios,3.4,153000,153000,Adventure,727000,54000,385000,136000
Children of Morta,2019-09-03,Dead Mage,3.4,153000,153000, Indie,727000,54000,385000,136000
Children of Morta,2019-09-03, 11 bit studios,3.4,153000,153000, Indie,727000,54000,385000,136000
Children of Morta,2019-09-03,Dead Mage,3.4,153000,153000, RPG,727000,54000,385000,136000
Children of Morta,2019-09-03, 11 bit studios,3.4,153000,153000, RPG,727000,54000,385000,136000
The Godfather,2006-03-21,Electronic Arts,3.6,121000,121000,Adventure,1100,2000,196000,136000
The Godfather,2006-03-21, EA Redwood Shores,3.6,121000,121000,Adventure,1100,2000,196000,136000
The Godfather,2006-03-21,Electronic Arts,3.6,121000,121000, Racing,1100,2000,196000,136000
The Godfather,2006-03-21, EA Redwood Shores,3.6,121000,121000, Racing,1100,2000,196000,136000
The Godfather,2006-03-21,Electronic Arts,3.6,121000,121000, Shooter,1100,2000,196000,136000
The Godfather,2006-03-21, EA Redwood Shores,3.6,121000,121000, Shooter,1100,2000,196000,136000
Billy Hatcher and the Giant Egg,2003-09-23,Sonic Team,3.1,133000,133000,Platform,797000,12000,322000,212000
Billy Hatcher and the Giant Egg,2003-09-23, Sega,3.1,133000,133000,Platform,797000,12000,322000,212000
Tekken Tag Tournament 2,2011-09-14,Bandai Namco Entertainment,3.8,211000,211000,Fighting,1700,7000,140000,95000
Bloons TD 5,2011-12-14,Ninja Kiwi,3.6,62000,62000,Simulator,1600,15000,46000,13000
Bloons TD 5,2011-12-14,Ninja Kiwi,3.6,62000,62000, Strategy,1600,15000,46000,13000
Bloons TD 5,2011-12-14,Ninja Kiwi,3.6,62000,62000, Tactical,1600,15000,46000,13000
JoJo's Bizarre Adventure,1999-10-31,Capcom,3.7,65000,65000,Fighting,634000,10000,93000,82000
JoJo's Bizarre Adventure,1999-10-31, Virgin Interactive Entertainment,3.7,65000,65000,Fighting,634000,10000,93000,82000
JoJo's Bizarre Adventure,1999-10-31, Inc.,3.7,65000,65000,Fighting,634000,10000,93000,82000
Another World,1991-12-31,Virgin Interactive Entertainment (Europe) Ltd.,3.3,232000,232000,Adventure,939000,8000,332000,201000
Another World,1991-12-31, Delphine Software,3.3,232000,232000,Adventure,939000,8000,332000,201000
Another World,1991-12-31,Virgin Interactive Entertainment (Europe) Ltd.,3.3,232000,232000, Platform,939000,8000,332000,201000
Another World,1991-12-31, Delphine Software,3.3,232000,232000, Platform,939000,8000,332000,201000
Another World,1991-12-31,Virgin Interactive Entertainment (Europe) Ltd.,3.3,232000,232000, Puzzle,939000,8000,332000,201000
Another World,1991-12-31, Delphine Software,3.3,232000,232000, Puzzle,939000,8000,332000,201000
Back to the Future: The Game,2010-12-22,Telltale Games,3.2,94000,94000,Adventure,763000,5000,223000,67000
Back to the Future: The Game,2010-12-22,Telltale Games,3.2,94000,94000, Point-and-Click,763000,5000,223000,67000
Team Sonic Racing,2019-05-21,Sumo Digital,2.9,264000,264000,Arcade,1500,49000,413000,107000
Team Sonic Racing,2019-05-21, Sega,2.9,264000,264000,Arcade,1500,49000,413000,107000
Team Sonic Racing,2019-05-21,Sumo Digital,2.9,264000,264000, Racing,1500,49000,413000,107000
Team Sonic Racing,2019-05-21, Sega,2.9,264000,264000, Racing,1500,49000,413000,107000
Dragon's Dogma,2012-05-22,Capcom,3.7,210000,210000,Brawler,1100,45000,487000,206000
Dragon's Dogma,2012-05-22,Capcom,3.7,210000,210000, RPG,1100,45000,487000,206000
Baldur's Gate 3,2020-10-06,Larian Studios,4.1,165000,165000,Adventure,269000,79000,388000,602000
Baldur's Gate 3,2020-10-06,Larian Studios,4.1,165000,165000, RPG,269000,79000,388000,602000
Baldur's Gate 3,2020-10-06,Larian Studios,4.1,165000,165000, Strategy,269000,79000,388000,602000
Baldur's Gate 3,2020-10-06,Larian Studios,4.1,165000,165000, Tactical,269000,79000,388000,602000
Baldur's Gate 3,2020-10-06,Larian Studios,4.1,165000,165000, Turn Based Strategy,269000,79000,388000,602000
The LEGO Movie Videogame,2014-02-04,WB Games,2.8,184000,184000,Adventure,1700,11000,239000,73000
The LEGO Movie Videogame,2014-02-04, TT Fusion,2.8,184000,184000,Adventure,1700,11000,239000,73000
The LEGO Movie Videogame,2014-02-04,WB Games,2.8,184000,184000, Puzzle,1700,11000,239000,73000
The LEGO Movie Videogame,2014-02-04, TT Fusion,2.8,184000,184000, Puzzle,1700,11000,239000,73000
