Title,Release Date,Team,Rating,Times Listed,Number of Reviews,Genres,Plays,Playing,Backlogs,Wishlist,Rank,Platform,Publisher,NA_Sales,EU_Sales,JP_Sales,Other_Sales,Global_Sales
Minecraft,2011-11-18,Mojang Studios,4.3,2300,2300,Adventure,33000,1800,1100,230000,73,X360,Microsoft Game Studios,5.58,2.83,0.02,0.77,9.2
Minecraft,2011-11-18,Mojang Studios,4.3,2300,2300,Adventure,33000,1800,1100,230000,169,PS3,Sony Computer Entertainment,1.97,2.51,0.0,0.94,5.42
Minecraft,2011-11-18,Mojang Studios,4.3,2300,2300,Adventure,33000,1800,1100,230000,298,PS4,Sony Computer Entertainment Europe,1.38,1.87,0.12,0.65,4.02
Minecraft,2011-11-18,Mojang Studios,4.3,2300,2300,Adventure,33000,1800,1100,230000,644,XOne,Microsoft Game Studios,1.43,0.76,0.0,0.22,2.41
Minecraft,2011-11-18,Mojang Studios,4.3,2300,2300,Adventure,33000,1800,1100,230000,715,PSV,Sony Computer Entertainment Europe,0.28,0.79,0.87,0.32,2.25
Minecraft,2011-11-18,Mojang Studios,4.3,2300,2300,Adventure,33000,1800,1100,230000,4515,WiiU,Microsoft Game Studios,0.18,0.09,0.14,0.03,0.43
Minecraft,2011-11-18,Mojang Studios,4.3,2300,2300, Simulator,33000,1800,1100,230000,73,X360,Microsoft Game Studios,5.58,2.83,0.02,0.77,9.2
Minecraft,2011-11-18,Mojang Studios,4.3,2300,2300, Simulator,33000,1800,1100,230000,169,PS3,Sony Computer Entertainment,1.97,2.51,0.0,0.94,5.42
Minecraft,2011-11-18,Mojang Studios,4.3,2300,2300, Simulator,33000,1800,1100,230000,298,PS4,Sony Computer Entertainment Europe,1.38,1.87,0.12,0.65,4.02
Minecraft,2011-11-18,Mojang Studios,4.3,2300,2300, Simulator,33000,1800,1100,230000,644,XOne,Microsoft Game Studios,1.43,0.76,0.0,0.22,2.41
Minecraft,2011-11-18,Mojang Studios,4.3,2300,2300, Simulator,33000,1800,1100,230000,715,PSV,Sony Computer Entertainment Europe,0.28,0.79,0.87,0.32,2.25
Minecraft,2011-11-18,Mojang Studios,4.3,2300,2300, Simulator,33000,1800,1100,230000,4515,WiiU,Microsoft Game Studios,0.18,0.09,0.14,0.03,0.43
God of War,2018-04-20,Sony Interactive Entertainment,4.2,2900,2900,Adventure,21000,1100,4800,2600,246,PS2,Sony Computer Entertainment,2.71,1.29,0.02,0.43,4.45
God of War,2018-04-20, SIE Santa Monica Studio,4.2,2900,2900,Adventure,21000,1100,4800,2600,246,PS2,Sony Computer Entertainment,2.71,1.29,0.02,0.43,4.45
God of War,2018-04-20,Sony Interactive Entertainment,4.2,2900,2900, Brawler,21000,1100,4800,2600,246,PS2,Sony Computer Entertainment,2.71,1.29,0.02,0.43,4.45
God of War,2018-04-20, SIE Santa Monica Studio,4.2,2900,2900, Brawler,21000,1100,4800,2600,246,PS2,Sony Computer Entertainment,2.71,1.29,0.02,0.43,4.45
God of War,2018-04-20,Sony Interactive Entertainment,4.2,2900,2900, RPG,21000,1100,4800,2600,246,PS2,Sony Computer Entertainment,2.71,1.29,0.02,0.43,4.45
God of War,2018-04-20, SIE Santa Monica Studio,4.2,2900,2900, RPG,21000,1100,4800,2600,246,PS2,Sony Computer Entertainment,2.71,1.29,0.02,0.43,4.45
Portal 2,2011-04-18,Valve,4.4,2900,2900,Adventure,29000,471000,3900,1200,791,X360,Valve Software,1.41,0.51,0.01,0.17,2.1
Portal 2,2011-04-18,Valve,4.4,2900,2900,Adventure,29000,471000,3900,1200,1018,PS3,Valve,0.83,0.63,0.02,0.25,1.74
Portal 2,2011-04-18,Valve,4.4,2900,2900,Adventure,29000,471000,3900,1200,2701,PC,Valve Software,0.33,0.32,0.0,0.11,0.76
Portal 2,2011-04-18, Electronic Arts,4.4,2900,2900,Adventure,29000,471000,3900,1200,791,X360,Valve Software,1.41,0.51,0.01,0.17,2.1
Portal 2,2011-04-18, Electronic Arts,4.4,2900,2900,Adventure,29000,471000,3900,1200,1018,PS3,Valve,0.83,0.63,0.02,0.25,1.74
Portal 2,2011-04-18, Electronic Arts,4.4,2900,2900,Adventure,29000,471000,3900,1200,2701,PC,Valve Software,0.33,0.32,0.0,0.11,0.76
Portal 2,2011-04-18,Valve,4.4,2900,2900, Platform,29000,471000,3900,1200,791,X360,Valve Software,1.41,0.51,0.01,0.17,2.1
Portal 2,2011-04-18,Valve,4.4,2900,2900, Platform,29000,471000,3900,1200,1018,PS3,Valve,0.83,0.63,0.02,0.25,1.74
Portal 2,2011-04-18,Valve,4.4,2900,2900, Platform,29000,471000,3900,1200,2701,PC,Valve Software,0.33,0.32,0.0,0.11,0.76
Portal 2,2011-04-18, Electronic Arts,4.4,2900,2900, Platform,29000,471000,3900,1200,791,X360,Valve Software,1.41,0.51,0.01,0.17,2.1
Portal 2,2011-04-18, Electronic Arts,4.4,2900,2900, Platform,29000,471000,3900,1200,1018,PS3,Valve,0.83,0.63,0.02,0.25,1.74
Portal 2,2011-04-18, Electronic Arts,4.4,2900,2900, Platform,29000,471000,3900,1200,2701,PC,Valve Software,0.33,0.32,0.0,0.11,0.76
Portal 2,2011-04-18,Valve,4.4,2900,2900, Puzzle,29000,471000,3900,1200,791,X360,Valve Software,1.41,0.51,0.01,0.17,2.1
Portal 2,2011-04-18,Valve,4.4,2900,2900, Puzzle,29000,471000,3900,1200,1018,PS3,Valve,0.83,0.63,0.02,0.25,1.74
Portal 2,2011-04-18,Valve,4.4,2900,2900, Puzzle,29000,471000,3900,1200,2701,PC,Valve Software,0.33,0.32,0.0,0.11,0.76
Portal 2,2011-04-18, Electronic Arts,4.4,2900,2900, Puzzle,29000,471000,3900,1200,791,X360,Valve Software,1.41,0.51,0.01,0.17,2.1
Portal 2,2011-04-18, Electronic Arts,4.4,2900,2900, Puzzle,29000,471000,3900,1200,1018,PS3,Valve,0.83,0.63,0.02,0.25,1.74
Portal 2,2011-04-18, Electronic Arts,4.4,2900,2900, Puzzle,29000,471000,3900,1200,2701,PC,Valve Software,0.33,0.32,0.0,0.11,0.76
Portal 2,2011-04-18,Valve,4.4,2900,2900, Shooter,29000,471000,3900,1200,791,X360,Valve Software,1.41,0.51,0.01,0.17,2.1
Portal 2,2011-04-18,Valve,4.4,2900,2900, Shooter,29000,471000,3900,1200,1018,PS3,Valve,0.83,0.63,0.02,0.25,1.74
Portal 2,2011-04-18,Valve,4.4,2900,2900, Shooter,29000,471000,3900,1200,2701,PC,Valve Software,0.33,0.32,0.0,0.11,0.76
Portal 2,2011-04-18, Electronic Arts,4.4,2900,2900, Shooter,29000,471000,3900,1200,791,X360,Valve Software,1.41,0.51,0.01,0.17,2.1
Portal 2,2011-04-18, Electronic Arts,4.4,2900,2900, Shooter,29000,471000,3900,1200,1018,PS3,Valve,0.83,0.63,0.02,0.25,1.74
Portal 2,2011-04-18, Electronic Arts,4.4,2900,2900, Shooter,29000,471000,3900,1200,2701,PC,Valve Software,0.33,0.32,0.0,0.11,0.76
Bloodborne,2015-03-24,FromSoftware,4.5,3400,3400,Adventure,17000,1100,5600,3300,662,PS4,Sony Computer Entertainment,1.0,0.76,0.26,0.36,2.38
Bloodborne,2015-03-24, Sony Computer Entertainment,4.5,3400,3400,Adventure,17000,1100,5600,3300,662,PS4,Sony Computer Entertainment,1.0,0.76,0.26,0.36,2.38
Bloodborne,2015-03-24,FromSoftware,4.5,3400,3400, RPG,17000,1100,5600,3300,662,PS4,Sony Computer Entertainment,1.0,0.76,0.26,0.36,2.38
Bloodborne,2015-03-24, Sony Computer Entertainment,4.5,3400,3400, RPG,17000,1100,5600,3300,662,PS4,Sony Computer Entertainment,1.0,0.76,0.26,0.36,2.38
Metal Gear Rising: Revengeance,2013-02-19,Konami,4.1,2100,2100,Adventure,14000,492000,4200,2000,1293,PS3,Konami Digital Entertainment,0.45,0.4,0.44,0.18,1.47
Metal Gear Rising: Revengeance,2013-02-19,Konami,4.1,2100,2100,Adventure,14000,492000,4200,2000,3994,X360,Konami Digital Entertainment,0.29,0.16,0.0,0.04,0.5
Metal Gear Rising: Revengeance,2013-02-19, PlatinumGames,4.1,2100,2100,Adventure,14000,492000,4200,2000,1293,PS3,Konami Digital Entertainment,0.45,0.4,0.44,0.18,1.47
Metal Gear Rising: Revengeance,2013-02-19, PlatinumGames,4.1,2100,2100,Adventure,14000,492000,4200,2000,3994,X360,Konami Digital Entertainment,0.29,0.16,0.0,0.04,0.5
Metal Gear Rising: Revengeance,2013-02-19,Konami,4.1,2100,2100, Brawler,14000,492000,4200,2000,1293,PS3,Konami Digital Entertainment,0.45,0.4,0.44,0.18,1.47
Metal Gear Rising: Revengeance,2013-02-19,Konami,4.1,2100,2100, Brawler,14000,492000,4200,2000,3994,X360,Konami Digital Entertainment,0.29,0.16,0.0,0.04,0.5
Metal Gear Rising: Revengeance,2013-02-19, PlatinumGames,4.1,2100,2100, Brawler,14000,492000,4200,2000,1293,PS3,Konami Digital Entertainment,0.45,0.4,0.44,0.18,1.47
Metal Gear Rising: Revengeance,2013-02-19, PlatinumGames,4.1,2100,2100, Brawler,14000,492000,4200,2000,3994,X360,Konami Digital Entertainment,0.29,0.16,0.0,0.04,0.5
Metal Gear Rising: Revengeance,2013-02-19,Konami,4.1,2100,2100, Shooter,14000,492000,4200,2000,1293,PS3,Konami Digital Entertainment,0.45,0.4,0.44,0.18,1.47
Metal Gear Rising: Revengeance,2013-02-19,Konami,4.1,2100,2100, Shooter,14000,492000,4200,2000,3994,X360,Konami Digital Entertainment,0.29,0.16,0.0,0.04,0.5
Metal Gear Rising: Revengeance,2013-02-19, PlatinumGames,4.1,2100,2100, Shooter,14000,492000,4200,2000,1293,PS3,Konami Digital Entertainment,0.45,0.4,0.44,0.18,1.47
Metal Gear Rising: Revengeance,2013-02-19, PlatinumGames,4.1,2100,2100, Shooter,14000,492000,4200,2000,3994,X360,Konami Digital Entertainment,0.29,0.16,0.0,0.04,0.5
Metal Gear Rising: Revengeance,2013-02-19,Konami,4.1,2100,2100, Strategy,14000,492000,4200,2000,1293,PS3,Konami Digital Entertainment,0.45,0.4,0.44,0.18,1.47
Metal Gear Rising: Revengeance,2013-02-19,Konami,4.1,2100,2100, Strategy,14000,492000,4200,2000,3994,X360,Konami Digital Entertainment,0.29,0.16,0.0,0.04,0.5
Metal Gear Rising: Revengeance,2013-02-19, PlatinumGames,4.1,2100,2100, Strategy,14000,492000,4200,2000,1293,PS3,Konami Digital Entertainment,0.45,0.4,0.44,0.18,1.47
Metal Gear Rising: Revengeance,2013-02-19, PlatinumGames,4.1,2100,2100, Strategy,14000,492000,4200,2000,3994,X360,Konami Digital Entertainment,0.29,0.16,0.0,0.04,0.5
Grand Theft Auto V,2013-09-17,Rockstar North,3.8,2100,2100,Adventure,30000,829000,3200,664000,17,PS3,Take-Two Interactive,7.01,9.27,0.97,4.14,21.4
Grand Theft Auto V,2013-09-17,Rockstar North,3.8,2100,2100,Adventure,30000,829000,3200,664000,24,X360,Take-Two Interactive,9.63,5.31,0.06,1.38,16.38
Grand Theft Auto V,2013-09-17,Rockstar North,3.8,2100,2100,Adventure,30000,829000,3200,664000,45,PS4,Take-Two Interactive,3.8,5.81,0.36,2.02,11.98
Grand Theft Auto V,2013-09-17,Rockstar North,3.8,2100,2100,Adventure,30000,829000,3200,664000,198,XOne,Take-Two Interactive,2.66,2.01,0.0,0.41,5.08
Grand Theft Auto V,2013-09-17,Rockstar North,3.8,2100,2100,Adventure,30000,829000,3200,664000,1898,PC,Take-Two Interactive,0.36,0.64,0.0,0.08,1.08
Grand Theft Auto V,2013-09-17, Rockstar Games,3.8,2100,2100,Adventure,30000,829000,3200,664000,17,PS3,Take-Two Interactive,7.01,9.27,0.97,4.14,21.4
Grand Theft Auto V,2013-09-17, Rockstar Games,3.8,2100,2100,Adventure,30000,829000,3200,664000,24,X360,Take-Two Interactive,9.63,5.31,0.06,1.38,16.38
Grand Theft Auto V,2013-09-17, Rockstar Games,3.8,2100,2100,Adventure,30000,829000,3200,664000,45,PS4,Take-Two Interactive,3.8,5.81,0.36,2.02,11.98
Grand Theft Auto V,2013-09-17, Rockstar Games,3.8,2100,2100,Adventure,30000,829000,3200,664000,198,XOne,Take-Two Interactive,2.66,2.01,0.0,0.41,5.08
Grand Theft Auto V,2013-09-17, Rockstar Games,3.8,2100,2100,Adventure,30000,829000,3200,664000,1898,PC,Take-Two Interactive,0.36,0.64,0.0,0.08,1.08
Grand Theft Auto V,2013-09-17,Rockstar North,3.8,2100,2100, Shooter,30000,829000,3200,664000,17,PS3,Take-Two Interactive,7.01,9.27,0.97,4.14,21.4
Grand Theft Auto V,2013-09-17,Rockstar North,3.8,2100,2100, Shooter,30000,829000,3200,664000,24,X360,Take-Two Interactive,9.63,5.31,0.06,1.38,16.38
Grand Theft Auto V,2013-09-17,Rockstar North,3.8,2100,2100, Shooter,30000,829000,3200,664000,45,PS4,Take-Two Interactive,3.8,5.81,0.36,2.02,11.98
Grand Theft Auto V,2013-09-17,Rockstar North,3.8,2100,2100, Shooter,30000,829000,3200,664000,198,XOne,Take-Two Interactive,2.66,2.01,0.0,0.41,5.08
Grand Theft Auto V,2013-09-17,Rockstar North,3.8,2100,2100, Shooter,30000,829000,3200,664000,1898,PC,Take-Two Interactive,0.36,0.64,0.0,0.08,1.08
Grand Theft Auto V,2013-09-17, Rockstar Games,3.8,2100,2100, Shooter,30000,829000,3200,664000,17,PS3,Take-Two Interactive,7.01,9.27,0.97,4.14,21.4
Grand Theft Auto V,2013-09-17, Rockstar Games,3.8,2100,2100, Shooter,30000,829000,3200,664000,24,X360,Take-Two Interactive,9.63,5.31,0.06,1.38,16.38
Grand Theft Auto V,2013-09-17, Rockstar Games,3.8,2100,2100, Shooter,30000,829000,3200,664000,45,PS4,Take-Two Interactive,3.8,5.81,0.36,2.02,11.98
Grand Theft Auto V,2013-09-17, Rockstar Games,3.8,2100,2100, Shooter,30000,829000,3200,664000,198,XOne,Take-Two Interactive,2.66,2.01,0.0,0.41,5.08
Grand Theft Auto V,2013-09-17, Rockstar Games,3.8,2100,2100, Shooter,30000,829000,3200,664000,1898,PC,Take-Two Interactive,0.36,0.64,0.0,0.08,1.08
Dark Souls III,2016-03-24,Bandai Namco Entertainment,4.2,2400,2400,Adventure,19000,851000,4300,2200,1191,PS4,Namco Bandai Games,0.58,0.44,0.33,0.21,1.56
Dark Souls III,2016-03-24,Bandai Namco Entertainment,4.2,2400,2400,Adventure,19000,851000,4300,2200,5270,XOne,Namco Bandai Games,0.23,0.09,0.0,0.03,0.35
Dark Souls III,2016-03-24,Bandai Namco Entertainment,4.2,2400,2400,Adventure,19000,851000,4300,2200,12901,PC,Namco Bandai Games,0.0,0.05,0.0,0.0,0.05
Dark Souls III,2016-03-24, FromSoftware,4.2,2400,2400,Adventure,19000,851000,4300,2200,1191,PS4,Namco Bandai Games,0.58,0.44,0.33,0.21,1.56
Dark Souls III,2016-03-24, FromSoftware,4.2,2400,2400,Adventure,19000,851000,4300,2200,5270,XOne,Namco Bandai Games,0.23,0.09,0.0,0.03,0.35
Dark Souls III,2016-03-24, FromSoftware,4.2,2400,2400,Adventure,19000,851000,4300,2200,12901,PC,Namco Bandai Games,0.0,0.05,0.0,0.0,0.05
Dark Souls III,2016-03-24,Bandai Namco Entertainment,4.2,2400,2400, RPG,19000,851000,4300,2200,1191,PS4,Namco Bandai Games,0.58,0.44,0.33,0.21,1.56
Dark Souls III,2016-03-24,Bandai Namco Entertainment,4.2,2400,2400, RPG,19000,851000,4300,2200,5270,XOne,Namco Bandai Games,0.23,0.09,0.0,0.03,0.35
Dark Souls III,2016-03-24,Bandai Namco Entertainment,4.2,2400,2400, RPG,19000,851000,4300,2200,12901,PC,Namco Bandai Games,0.0,0.05,0.0,0.0,0.05
Dark Souls III,2016-03-24, FromSoftware,4.2,2400,2400, RPG,19000,851000,4300,2200,1191,PS4,Namco Bandai Games,0.58,0.44,0.33,0.21,1.56
Dark Souls III,2016-03-24, FromSoftware,4.2,2400,2400, RPG,19000,851000,4300,2200,5270,XOne,Namco Bandai Games,0.23,0.09,0.0,0.03,0.35
Dark Souls III,2016-03-24, FromSoftware,4.2,2400,2400, RPG,19000,851000,4300,2200,12901,PC,Namco Bandai Games,0.0,0.05,0.0,0.0,0.05
Super Mario 64,1996-06-23,Nintendo,4.1,2600,2600,Adventure,21000,463000,2500,775000,47,N64,Nintendo,6.91,2.85,1.91,0.23,11.89
Super Mario 64,1996-06-23,Nintendo,4.1,2600,2600,Adventure,21000,463000,2500,775000,60,DS,Nintendo,5.08,3.11,1.25,0.98,10.42
Super Mario 64,1996-06-23, Nintendo EAD,4.1,2600,2600,Adventure,21000,463000,2500,775000,47,N64,Nintendo,6.91,2.85,1.91,0.23,11.89
Super Mario 64,1996-06-23, Nintendo EAD,4.1,2600,2600,Adventure,21000,463000,2500,775000,60,DS,Nintendo,5.08,3.11,1.25,0.98,10.42
Super Mario 64,1996-06-23,Nintendo,4.1,2600,2600, Platform,21000,463000,2500,775000,47,N64,Nintendo,6.91,2.85,1.91,0.23,11.89
Super Mario 64,1996-06-23,Nintendo,4.1,2600,2600, Platform,21000,463000,2500,775000,60,DS,Nintendo,5.08,3.11,1.25,0.98,10.42
Super Mario 64,1996-06-23, Nintendo EAD,4.1,2600,2600, Platform,21000,463000,2500,775000,47,N64,Nintendo,6.91,2.85,1.91,0.23,11.89
Super Mario 64,1996-06-23, Nintendo EAD,4.1,2600,2600, Platform,21000,463000,2500,775000,60,DS,Nintendo,5.08,3.11,1.25,0.98,10.42
Final Fantasy VII,1997-01-31,Square,4.2,2900,2900,Adventure,15000,1100,5000,1500,67,PS,Sony Computer Entertainment,3.01,2.47,3.28,0.96,9.72
Final Fantasy VII,1997-01-31, Eidos Interactive,4.2,2900,2900,Adventure,15000,1100,5000,1500,67,PS,Sony Computer Entertainment,3.01,2.47,3.28,0.96,9.72
Final Fantasy VII,1997-01-31,Square,4.2,2900,2900, RPG,15000,1100,5000,1500,67,PS,Sony Computer Entertainment,3.01,2.47,3.28,0.96,9.72
Final Fantasy VII,1997-01-31, Eidos Interactive,4.2,2900,2900, RPG,15000,1100,5000,1500,67,PS,Sony Computer Entertainment,3.01,2.47,3.28,0.96,9.72
Final Fantasy VII,1997-01-31,Square,4.2,2900,2900, Turn Based Strategy,15000,1100,5000,1500,67,PS,Sony Computer Entertainment,3.01,2.47,3.28,0.96,9.72
Final Fantasy VII,1997-01-31, Eidos Interactive,4.2,2900,2900, Turn Based Strategy,15000,1100,5000,1500,67,PS,Sony Computer Entertainment,3.01,2.47,3.28,0.96,9.72
Super Mario Galaxy,2007-11-01,Nintendo EAD,4.3,2700,2700,Adventure,21000,468000,3100,1200,49,Wii,Nintendo,6.16,3.4,1.2,0.76,11.52
Super Mario Galaxy,2007-11-01, Nintendo,4.3,2700,2700,Adventure,21000,468000,3100,1200,49,Wii,Nintendo,6.16,3.4,1.2,0.76,11.52
Super Mario Galaxy,2007-11-01,Nintendo EAD,4.3,2700,2700, Platform,21000,468000,3100,1200,49,Wii,Nintendo,6.16,3.4,1.2,0.76,11.52
Super Mario Galaxy,2007-11-01, Nintendo,4.3,2700,2700, Platform,21000,468000,3100,1200,49,Wii,Nintendo,6.16,3.4,1.2,0.76,11.52
Fallout: New Vegas,2010-10-19,Obsidian Entertainment,4.3,2000,2000,RPG,16000,756000,5000,1400,290,X360,Bethesda Softworks,2.65,1.06,0.04,0.33,4.08
Fallout: New Vegas,2010-10-19,Obsidian Entertainment,4.3,2000,2000,RPG,16000,756000,5000,1400,431,PS3,Bethesda Softworks,1.52,1.08,0.1,0.47,3.17
Fallout: New Vegas,2010-10-19,Obsidian Entertainment,4.3,2000,2000,RPG,16000,756000,5000,1400,1743,PC,Bethesda Softworks,0.58,0.45,0.0,0.14,1.16
Fallout: New Vegas,2010-10-19, Bandai Namco Entertainment,4.3,2000,2000,RPG,16000,756000,5000,1400,290,X360,Bethesda Softworks,2.65,1.06,0.04,0.33,4.08
Fallout: New Vegas,2010-10-19, Bandai Namco Entertainment,4.3,2000,2000,RPG,16000,756000,5000,1400,431,PS3,Bethesda Softworks,1.52,1.08,0.1,0.47,3.17
Fallout: New Vegas,2010-10-19, Bandai Namco Entertainment,4.3,2000,2000,RPG,16000,756000,5000,1400,1743,PC,Bethesda Softworks,0.58,0.45,0.0,0.14,1.16
Fallout: New Vegas,2010-10-19,Obsidian Entertainment,4.3,2000,2000, Shooter,16000,756000,5000,1400,290,X360,Bethesda Softworks,2.65,1.06,0.04,0.33,4.08
Fallout: New Vegas,2010-10-19,Obsidian Entertainment,4.3,2000,2000, Shooter,16000,756000,5000,1400,431,PS3,Bethesda Softworks,1.52,1.08,0.1,0.47,3.17
Fallout: New Vegas,2010-10-19,Obsidian Entertainment,4.3,2000,2000, Shooter,16000,756000,5000,1400,1743,PC,Bethesda Softworks,0.58,0.45,0.0,0.14,1.16
Fallout: New Vegas,2010-10-19, Bandai Namco Entertainment,4.3,2000,2000, Shooter,16000,756000,5000,1400,290,X360,Bethesda Softworks,2.65,1.06,0.04,0.33,4.08
Fallout: New Vegas,2010-10-19, Bandai Namco Entertainment,4.3,2000,2000, Shooter,16000,756000,5000,1400,431,PS3,Bethesda Softworks,1.52,1.08,0.1,0.47,3.17
Fallout: New Vegas,2010-10-19, Bandai Namco Entertainment,4.3,2000,2000, Shooter,16000,756000,5000,1400,1743,PC,Bethesda Softworks,0.58,0.45,0.0,0.14,1.16
Resident Evil 2,2019-01-25,Capcom,4.3,2500,2500,Adventure,15000,585000,3600,1900,152,PS,Virgin Interactive,1.88,1.47,2.02,0.45,5.82
Resident Evil 2,2019-01-25,Capcom,4.3,2500,2500,Adventure,15000,585000,3600,1900,3592,N64,Virgin Interactive,0.39,0.09,0.07,0.01,0.56
Resident Evil 2,2019-01-25,Capcom,4.3,2500,2500,Adventure,15000,585000,3600,1900,12676,GC,Capcom,0.04,0.01,0.0,0.0,0.06
Resident Evil 2,2019-01-25, Capcom Development Division 1,4.3,2500,2500,Adventure,15000,585000,3600,1900,152,PS,Virgin Interactive,1.88,1.47,2.02,0.45,5.82
Resident Evil 2,2019-01-25, Capcom Development Division 1,4.3,2500,2500,Adventure,15000,585000,3600,1900,3592,N64,Virgin Interactive,0.39,0.09,0.07,0.01,0.56
Resident Evil 2,2019-01-25, Capcom Development Division 1,4.3,2500,2500,Adventure,15000,585000,3600,1900,12676,GC,Capcom,0.04,0.01,0.0,0.0,0.06
Resident Evil 2,2019-01-25,Capcom,4.3,2500,2500, Shooter,15000,585000,3600,1900,152,PS,Virgin Interactive,1.88,1.47,2.02,0.45,5.82
Resident Evil 2,2019-01-25,Capcom,4.3,2500,2500, Shooter,15000,585000,3600,1900,3592,N64,Virgin Interactive,0.39,0.09,0.07,0.01,0.56
Resident Evil 2,2019-01-25,Capcom,4.3,2500,2500, Shooter,15000,585000,3600,1900,12676,GC,Capcom,0.04,0.01,0.0,0.0,0.06
Resident Evil 2,2019-01-25, Capcom Development Division 1,4.3,2500,2500, Shooter,15000,585000,3600,1900,152,PS,Virgin Interactive,1.88,1.47,2.02,0.45,5.82
Resident Evil 2,2019-01-25, Capcom Development Division 1,4.3,2500,2500, Shooter,15000,585000,3600,1900,3592,N64,Virgin Interactive,0.39,0.09,0.07,0.01,0.56
Resident Evil 2,2019-01-25, Capcom Development Division 1,4.3,2500,2500, Shooter,15000,585000,3600,1900,12676,GC,Capcom,0.04,0.01,0.0,0.0,0.06
Doom,2016-05-12,id Software,4.0,1800,1800,Shooter,18000,541000,4000,1400,2636,PS,Infogrames,0.43,0.3,0.0,0.05,0.78
Doom,2016-05-12,id Software,4.0,1800,1800,Shooter,18000,541000,4000,1400,9087,GBA,Activision,0.1,0.04,0.0,0.0,0.14
Doom,2016-05-12,id Software,4.0,1800,1800,Shooter,18000,541000,4000,1400,14602,PC,id Software,0.02,0.0,0.0,0.0,0.03
Doom,2016-05-12, Bethesda Softworks,4.0,1800,1800,Shooter,18000,541000,4000,1400,2636,PS,Infogrames,0.43,0.3,0.0,0.05,0.78
Doom,2016-05-12, Bethesda Softworks,4.0,1800,1800,Shooter,18000,541000,4000,1400,9087,GBA,Activision,0.1,0.04,0.0,0.0,0.14
Doom,2016-05-12, Bethesda Softworks,4.0,1800,1800,Shooter,18000,541000,4000,1400,14602,PC,id Software,0.02,0.0,0.0,0.0,0.03
Bayonetta,2009-10-29,Nex Entertainment,3.9,1700,1700,Brawler,13000,614000,5000,2300,1627,PS3,Sega,0.44,0.41,0.21,0.17,1.23
Bayonetta,2009-10-29,Nex Entertainment,3.9,1700,1700,Brawler,13000,614000,5000,2300,2208,X360,Sega,0.51,0.26,0.09,0.08,0.94
Bayonetta,2009-10-29, Sega,3.9,1700,1700,Brawler,13000,614000,5000,2300,1627,PS3,Sega,0.44,0.41,0.21,0.17,1.23
Bayonetta,2009-10-29, Sega,3.9,1700,1700,Brawler,13000,614000,5000,2300,2208,X360,Sega,0.51,0.26,0.09,0.08,0.94
Bayonetta,2009-10-29,Nex Entertainment,3.9,1700,1700, Shooter,13000,614000,5000,2300,1627,PS3,Sega,0.44,0.41,0.21,0.17,1.23
Bayonetta,2009-10-29,Nex Entertainment,3.9,1700,1700, Shooter,13000,614000,5000,2300,2208,X360,Sega,0.51,0.26,0.09,0.08,0.94
Bayonetta,2009-10-29, Sega,3.9,1700,1700, Shooter,13000,614000,5000,2300,1627,PS3,Sega,0.44,0.41,0.21,0.17,1.23
Bayonetta,2009-10-29, Sega,3.9,1700,1700, Shooter,13000,614000,5000,2300,2208,X360,Sega,0.51,0.26,0.09,0.08,0.94
Silent Hill 2,2001-09-24,Team Silent,4.5,2200,2200,Adventure,8600,282000,2900,2100,1551,PS2,Konami Digital Entertainment,0.62,0.49,0.0,0.16,1.28
Silent Hill 2,2001-09-24, Konami,4.5,2200,2200,Adventure,8600,282000,2900,2100,1551,PS2,Konami Digital Entertainment,0.62,0.49,0.0,0.16,1.28
Silent Hill 2,2001-09-24,Team Silent,4.5,2200,2200, Puzzle,8600,282000,2900,2100,1551,PS2,Konami Digital Entertainment,0.62,0.49,0.0,0.16,1.28
Silent Hill 2,2001-09-24, Konami,4.5,2200,2200, Puzzle,8600,282000,2900,2100,1551,PS2,Konami Digital Entertainment,0.62,0.49,0.0,0.16,1.28
The Witcher 3: Wild Hunt,2015-05-19,WB Games,4.3,2000,2000,Adventure,17000,1200,6100,1600,332,PS4,Namco Bandai Games,0.96,2.0,0.21,0.56,3.73
The Witcher 3: Wild Hunt,2015-05-19,WB Games,4.3,2000,2000,Adventure,17000,1200,6100,1600,1607,XOne,Namco Bandai Games,0.66,0.47,0.0,0.11,1.24
The Witcher 3: Wild Hunt,2015-05-19,WB Games,4.3,2000,2000,Adventure,17000,1200,6100,1600,3028,PC,Namco Bandai Games,0.2,0.42,0.0,0.05,0.67
The Witcher 3: Wild Hunt,2015-05-19, CD Projekt RED,4.3,2000,2000,Adventure,17000,1200,6100,1600,332,PS4,Namco Bandai Games,0.96,2.0,0.21,0.56,3.73
The Witcher 3: Wild Hunt,2015-05-19, CD Projekt RED,4.3,2000,2000,Adventure,17000,1200,6100,1600,1607,XOne,Namco Bandai Games,0.66,0.47,0.0,0.11,1.24
The Witcher 3: Wild Hunt,2015-05-19, CD Projekt RED,4.3,2000,2000,Adventure,17000,1200,6100,1600,3028,PC,Namco Bandai Games,0.2,0.42,0.0,0.05,0.67
The Witcher 3: Wild Hunt,2015-05-19,WB Games,4.3,2000,2000, RPG,17000,1200,6100,1600,332,PS4,Namco Bandai Games,0.96,2.0,0.21,0.56,3.73
The Witcher 3: Wild Hunt,2015-05-19,WB Games,4.3,2000,2000, RPG,17000,1200,6100,1600,1607,XOne,Namco Bandai Games,0.66,0.47,0.0,0.11,1.24
The Witcher 3: Wild Hunt,2015-05-19,WB Games,4.3,2000,2000, RPG,17000,1200,6100,1600,3028,PC,Namco Bandai Games,0.2,0.42,0.0,0.05,0.67
The Witcher 3: Wild Hunt,2015-05-19, CD Projekt RED,4.3,2000,2000, RPG,17000,1200,6100,1600,332,PS4,Namco Bandai Games,0.96,2.0,0.21,0.56,3.73
The Witcher 3: Wild Hunt,2015-05-19, CD Projekt RED,4.3,2000,2000, RPG,17000,1200,6100,1600,1607,XOne,Namco Bandai Games,0.66,0.47,0.0,0.11,1.24
The Witcher 3: Wild Hunt,2015-05-19, CD Projekt RED,4.3,2000,2000, RPG,17000,1200,6100,1600,3028,PC,Namco Bandai Games,0.2,0.42,0.0,0.05,0.67
Persona 5,2016-09-15,Atlus,4.1,1800,1800,Adventure,16000,630000,2800,1700,5428,PS4,Atlus,0.0,0.0,0.34,0.0,0.34
Persona 5,2016-09-15,Atlus,4.1,1800,1800,Adventure,16000,630000,2800,1700,10735,PS3,Unknown,0.0,0.0,0.1,0.0,0.1
Persona 5,2016-09-15, Atlus USA,4.1,1800,1800,Adventure,16000,630000,2800,1700,5428,PS4,Atlus,0.0,0.0,0.34,0.0,0.34
Persona 5,2016-09-15, Atlus USA,4.1,1800,1800,Adventure,16000,630000,2800,1700,10735,PS3,Unknown,0.0,0.0,0.1,0.0,0.1
Persona 5,2016-09-15,Atlus,4.1,1800,1800, RPG,16000,630000,2800,1700,5428,PS4,Atlus,0.0,0.0,0.34,0.0,0.34
Persona 5,2016-09-15,Atlus,4.1,1800,1800, RPG,16000,630000,2800,1700,10735,PS3,Unknown,0.0,0.0,0.1,0.0,0.1
Persona 5,2016-09-15, Atlus USA,4.1,1800,1800, RPG,16000,630000,2800,1700,5428,PS4,Atlus,0.0,0.0,0.34,0.0,0.34
Persona 5,2016-09-15, Atlus USA,4.1,1800,1800, RPG,16000,630000,2800,1700,10735,PS3,Unknown,0.0,0.0,0.1,0.0,0.1
Persona 5,2016-09-15,Atlus,4.1,1800,1800, Turn Based Strategy,16000,630000,2800,1700,5428,PS4,Atlus,0.0,0.0,0.34,0.0,0.34
Persona 5,2016-09-15,Atlus,4.1,1800,1800, Turn Based Strategy,16000,630000,2800,1700,10735,PS3,Unknown,0.0,0.0,0.1,0.0,0.1
Persona 5,2016-09-15, Atlus USA,4.1,1800,1800, Turn Based Strategy,16000,630000,2800,1700,5428,PS4,Atlus,0.0,0.0,0.34,0.0,0.34
Persona 5,2016-09-15, Atlus USA,4.1,1800,1800, Turn Based Strategy,16000,630000,2800,1700,10735,PS3,Unknown,0.0,0.0,0.1,0.0,0.1
The Elder Scrolls V: Skyrim,2011-11-10,Bethesda Game Studios,3.7,1700,1700,Adventure,22000,589000,3000,1000,76,X360,Bethesda Softworks,5.03,2.86,0.1,0.85,8.84
The Elder Scrolls V: Skyrim,2011-11-10,Bethesda Game Studios,3.7,1700,1700,Adventure,22000,589000,3000,1000,127,PS3,Bethesda Softworks,2.55,2.71,0.25,1.05,6.56
The Elder Scrolls V: Skyrim,2011-11-10,Bethesda Game Studios,3.7,1700,1700,Adventure,22000,589000,3000,1000,311,PC,Bethesda Softworks,1.15,2.09,0.0,0.64,3.88
The Elder Scrolls V: Skyrim,2011-11-10, Bethesda Softworks,3.7,1700,1700,Adventure,22000,589000,3000,1000,76,X360,Bethesda Softworks,5.03,2.86,0.1,0.85,8.84
The Elder Scrolls V: Skyrim,2011-11-10, Bethesda Softworks,3.7,1700,1700,Adventure,22000,589000,3000,1000,127,PS3,Bethesda Softworks,2.55,2.71,0.25,1.05,6.56
The Elder Scrolls V: Skyrim,2011-11-10, Bethesda Softworks,3.7,1700,1700,Adventure,22000,589000,3000,1000,311,PC,Bethesda Softworks,1.15,2.09,0.0,0.64,3.88
The Elder Scrolls V: Skyrim,2011-11-10,Bethesda Game Studios,3.7,1700,1700, RPG,22000,589000,3000,1000,76,X360,Bethesda Softworks,5.03,2.86,0.1,0.85,8.84
The Elder Scrolls V: Skyrim,2011-11-10,Bethesda Game Studios,3.7,1700,1700, RPG,22000,589000,3000,1000,127,PS3,Bethesda Softworks,2.55,2.71,0.25,1.05,6.56
The Elder Scrolls V: Skyrim,2011-11-10,Bethesda Game Studios,3.7,1700,1700, RPG,22000,589000,3000,1000,311,PC,Bethesda Softworks,1.15,2.09,0.0,0.64,3.88
The Elder Scrolls V: Skyrim,2011-11-10, Bethesda Softworks,3.7,1700,1700, RPG,22000,589000,3000,1000,76,X360,Bethesda Softworks,5.03,2.86,0.1,0.85,8.84
The Elder Scrolls V: Skyrim,2011-11-10, Bethesda Softworks,3.7,1700,1700, RPG,22000,589000,3000,1000,127,PS3,Bethesda Softworks,2.55,2.71,0.25,1.05,6.56
The Elder Scrolls V: Skyrim,2011-11-10, Bethesda Softworks,3.7,1700,1700, RPG,22000,589000,3000,1000,311,PC,Bethesda Softworks,1.15,2.09,0.0,0.64,3.88
Resident Evil 4,2005-01-11,Capcom,4.3,2300,2300,Shooter,14000,360000,3000,1200,351,PS2,Capcom,2.08,0.83,0.46,0.25,3.62
Resident Evil 4,2005-01-11,Capcom,4.3,2300,2300,Shooter,14000,360000,3000,1200,714,Wii,Capcom,1.34,0.57,0.14,0.21,2.26
Resident Evil 4,2005-01-11,Capcom,4.3,2300,2300,Shooter,14000,360000,3000,1200,1072,GC,Capcom,0.98,0.42,0.22,0.06,1.69
Resident Evil 4,2005-01-11,Capcom,4.3,2300,2300,Shooter,14000,360000,3000,1200,14483,PC,Ubisoft,0.0,0.02,0.0,0.01,0.03
Resident Evil 4,2005-01-11, Capcom Production Studio 4,4.3,2300,2300,Shooter,14000,360000,3000,1200,351,PS2,Capcom,2.08,0.83,0.46,0.25,3.62
Resident Evil 4,2005-01-11, Capcom Production Studio 4,4.3,2300,2300,Shooter,14000,360000,3000,1200,714,Wii,Capcom,1.34,0.57,0.14,0.21,2.26
Resident Evil 4,2005-01-11, Capcom Production Studio 4,4.3,2300,2300,Shooter,14000,360000,3000,1200,1072,GC,Capcom,0.98,0.42,0.22,0.06,1.69
Resident Evil 4,2005-01-11, Capcom Production Studio 4,4.3,2300,2300,Shooter,14000,360000,3000,1200,14483,PC,Ubisoft,0.0,0.02,0.0,0.01,0.03
Dark Souls,2011-09-22,FromSoftware,4.3,2100,2100,Adventure,14000,447000,2500,1400,813,PS3,Namco Bandai Games,0.75,0.54,0.54,0.23,2.07
Dark Souls,2011-09-22,FromSoftware,4.3,2100,2100,Adventure,14000,447000,2500,1400,2080,X360,Namco Bandai Games,0.64,0.28,0.0,0.08,1.0
Dark Souls,2011-09-22,FromSoftware,4.3,2100,2100,Adventure,14000,447000,2500,1400,11879,PC,Namco Bandai Games,0.0,0.06,0.0,0.01,0.07
Dark Souls,2011-09-22, Bandai Namco Entertainment,4.3,2100,2100,Adventure,14000,447000,2500,1400,813,PS3,Namco Bandai Games,0.75,0.54,0.54,0.23,2.07
Dark Souls,2011-09-22, Bandai Namco Entertainment,4.3,2100,2100,Adventure,14000,447000,2500,1400,2080,X360,Namco Bandai Games,0.64,0.28,0.0,0.08,1.0
Dark Souls,2011-09-22, Bandai Namco Entertainment,4.3,2100,2100,Adventure,14000,447000,2500,1400,11879,PC,Namco Bandai Games,0.0,0.06,0.0,0.01,0.07
Dark Souls,2011-09-22,FromSoftware,4.3,2100,2100, RPG,14000,447000,2500,1400,813,PS3,Namco Bandai Games,0.75,0.54,0.54,0.23,2.07
Dark Souls,2011-09-22,FromSoftware,4.3,2100,2100, RPG,14000,447000,2500,1400,2080,X360,Namco Bandai Games,0.64,0.28,0.0,0.08,1.0
Dark Souls,2011-09-22,FromSoftware,4.3,2100,2100, RPG,14000,447000,2500,1400,11879,PC,Namco Bandai Games,0.0,0.06,0.0,0.01,0.07
Dark Souls,2011-09-22, Bandai Namco Entertainment,4.3,2100,2100, RPG,14000,447000,2500,1400,813,PS3,Namco Bandai Games,0.75,0.54,0.54,0.23,2.07
Dark Souls,2011-09-22, Bandai Namco Entertainment,4.3,2100,2100, RPG,14000,447000,2500,1400,2080,X360,Namco Bandai Games,0.64,0.28,0.0,0.08,1.0
Dark Souls,2011-09-22, Bandai Namco Entertainment,4.3,2100,2100, RPG,14000,447000,2500,1400,11879,PC,Namco Bandai Games,0.0,0.06,0.0,0.01,0.07
The Legend of Zelda: Ocarina of Time,1998-11-21,Nintendo,4.3,2200,2200,Adventure,17000,433000,3000,1400,95,N64,Nintendo,4.1,1.89,1.45,0.16,7.6
The Legend of Zelda: Ocarina of Time,1998-11-21,Nintendo,4.3,2200,2200,Adventure,17000,433000,3000,1400,269,3DS,Nintendo,2.03,1.27,0.62,0.3,4.21
The Legend of Zelda: Ocarina of Time,1998-11-21, Nintendo EAD,4.3,2200,2200,Adventure,17000,433000,3000,1400,95,N64,Nintendo,4.1,1.89,1.45,0.16,7.6
The Legend of Zelda: Ocarina of Time,1998-11-21, Nintendo EAD,4.3,2200,2200,Adventure,17000,433000,3000,1400,269,3DS,Nintendo,2.03,1.27,0.62,0.3,4.21
The Legend of Zelda: Ocarina of Time,1998-11-21,Nintendo,4.3,2200,2200, RPG,17000,433000,3000,1400,95,N64,Nintendo,4.1,1.89,1.45,0.16,7.6
The Legend of Zelda: Ocarina of Time,1998-11-21,Nintendo,4.3,2200,2200, RPG,17000,433000,3000,1400,269,3DS,Nintendo,2.03,1.27,0.62,0.3,4.21
The Legend of Zelda: Ocarina of Time,1998-11-21, Nintendo EAD,4.3,2200,2200, RPG,17000,433000,3000,1400,95,N64,Nintendo,4.1,1.89,1.45,0.16,7.6
The Legend of Zelda: Ocarina of Time,1998-11-21, Nintendo EAD,4.3,2200,2200, RPG,17000,433000,3000,1400,269,3DS,Nintendo,2.03,1.27,0.62,0.3,4.21
Chrono Trigger,1995-03-11,Square,4.5,1900,1900,Adventure,9100,518000,4900,2200,690,SNES,SquareSoft,0.28,0.0,2.02,0.01,2.31
Chrono Trigger,1995-03-11,Square,4.5,1900,1900,Adventure,9100,518000,4900,2200,1294,DS,Square Enix,0.69,0.2,0.49,0.09,1.47
Chrono Trigger,1995-03-11,Square,4.5,1900,1900, RPG,9100,518000,4900,2200,690,SNES,SquareSoft,0.28,0.0,2.02,0.01,2.31
Chrono Trigger,1995-03-11,Square,4.5,1900,1900, RPG,9100,518000,4900,2200,1294,DS,Square Enix,0.69,0.2,0.49,0.09,1.47
Metal Gear Solid 2: Sons of Liberty,2001-11-13,Konami Computer Entertainment Japan,4.4,1800,1800,Adventure,10000,161000,2600,1400,143,PS2,Konami Digital Entertainment,2.45,2.01,0.87,0.72,6.05
Metal Gear Solid 2: Sons of Liberty,2001-11-13, Konami,4.4,1800,1800,Adventure,10000,161000,2600,1400,143,PS2,Konami Digital Entertainment,2.45,2.01,0.87,0.72,6.05
Super Mario World,1990-11-21,Nintendo,4.2,2100,2100,Adventure,18000,218000,1700,460000,19,SNES,Nintendo,12.78,3.75,3.54,0.55,20.61
Super Mario World,1990-11-21,Nintendo,4.2,2100,2100,Adventure,18000,218000,1700,460000,165,GBA,Nintendo,3.21,1.11,0.95,0.2,5.46
Super Mario World,1990-11-21, Nintendo EAD,4.2,2100,2100,Adventure,18000,218000,1700,460000,19,SNES,Nintendo,12.78,3.75,3.54,0.55,20.61
Super Mario World,1990-11-21, Nintendo EAD,4.2,2100,2100,Adventure,18000,218000,1700,460000,165,GBA,Nintendo,3.21,1.11,0.95,0.2,5.46
Super Mario World,1990-11-21,Nintendo,4.2,2100,2100, Platform,18000,218000,1700,460000,19,SNES,Nintendo,12.78,3.75,3.54,0.55,20.61
Super Mario World,1990-11-21,Nintendo,4.2,2100,2100, Platform,18000,218000,1700,460000,165,GBA,Nintendo,3.21,1.11,0.95,0.2,5.46
Super Mario World,1990-11-21, Nintendo EAD,4.2,2100,2100, Platform,18000,218000,1700,460000,19,SNES,Nintendo,12.78,3.75,3.54,0.55,20.61
Super Mario World,1990-11-21, Nintendo EAD,4.2,2100,2100, Platform,18000,218000,1700,460000,165,GBA,Nintendo,3.21,1.11,0.95,0.2,5.46
EarthBound,1994-08-27,Nintendo,4.2,1900,1900,Adventure,9000,600000,4800,1800,2552,SNES,Nintendo,0.0,0.0,0.81,0.0,0.81
EarthBound,1994-08-27, Creatures Inc.,4.2,1900,1900,Adventure,9000,600000,4800,1800,2552,SNES,Nintendo,0.0,0.0,0.81,0.0,0.81
EarthBound,1994-08-27,Nintendo,4.2,1900,1900, RPG,9000,600000,4800,1800,2552,SNES,Nintendo,0.0,0.0,0.81,0.0,0.81
EarthBound,1994-08-27, Creatures Inc.,4.2,1900,1900, RPG,9000,600000,4800,1800,2552,SNES,Nintendo,0.0,0.0,0.81,0.0,0.81
EarthBound,1994-08-27,Nintendo,4.2,1900,1900, Turn Based Strategy,9000,600000,4800,1800,2552,SNES,Nintendo,0.0,0.0,0.81,0.0,0.81
EarthBound,1994-08-27, Creatures Inc.,4.2,1900,1900, Turn Based Strategy,9000,600000,4800,1800,2552,SNES,Nintendo,0.0,0.0,0.81,0.0,0.81
Castlevania: Symphony of the Night,1997-03-20,Konami,4.4,1900,1900,Adventure,9100,316000,3400,1700,1553,PS,Konami Digital Entertainment,0.58,0.4,0.21,0.08,1.27
Castlevania: Symphony of the Night,1997-03-20, Konami Computer Entertainment Tokyo,4.4,1900,1900,Adventure,9100,316000,3400,1700,1553,PS,Konami Digital Entertainment,0.58,0.4,0.21,0.08,1.27
Castlevania: Symphony of the Night,1997-03-20,Konami,4.4,1900,1900, Platform,9100,316000,3400,1700,1553,PS,Konami Digital Entertainment,0.58,0.4,0.21,0.08,1.27
Castlevania: Symphony of the Night,1997-03-20, Konami Computer Entertainment Tokyo,4.4,1900,1900, Platform,9100,316000,3400,1700,1553,PS,Konami Digital Entertainment,0.58,0.4,0.21,0.08,1.27
Castlevania: Symphony of the Night,1997-03-20,Konami,4.4,1900,1900, RPG,9100,316000,3400,1700,1553,PS,Konami Digital Entertainment,0.58,0.4,0.21,0.08,1.27
Castlevania: Symphony of the Night,1997-03-20, Konami Computer Entertainment Tokyo,4.4,1900,1900, RPG,9100,316000,3400,1700,1553,PS,Konami Digital Entertainment,0.58,0.4,0.21,0.08,1.27
Super Metroid,1994-03-19,Nintendo R&D1,4.3,2200,2200,Adventure,11000,309000,3000,907000,1362,SNES,Nintendo,0.57,0.12,0.71,0.02,1.42
Super Metroid,1994-03-19, Nintendo,4.3,2200,2200,Adventure,11000,309000,3000,907000,1362,SNES,Nintendo,0.57,0.12,0.71,0.02,1.42
Super Metroid,1994-03-19,Nintendo R&D1,4.3,2200,2200, Platform,11000,309000,3000,907000,1362,SNES,Nintendo,0.57,0.12,0.71,0.02,1.42
Super Metroid,1994-03-19, Nintendo,4.3,2200,2200, Platform,11000,309000,3000,907000,1362,SNES,Nintendo,0.57,0.12,0.71,0.02,1.42
Super Metroid,1994-03-19,Nintendo R&D1,4.3,2200,2200, Shooter,11000,309000,3000,907000,1362,SNES,Nintendo,0.57,0.12,0.71,0.02,1.42
Super Metroid,1994-03-19, Nintendo,4.3,2200,2200, Shooter,11000,309000,3000,907000,1362,SNES,Nintendo,0.57,0.12,0.71,0.02,1.42
Super Mario Bros.,1985-09-13,Nintendo,3.5,1500,1500,Adventure,18000,59000,733000,237000,2,NES,Nintendo,29.08,3.58,6.81,0.77,40.24
Super Mario Bros.,1985-09-13,Nintendo,3.5,1500,1500,Adventure,18000,59000,733000,237000,201,GB,Nintendo,3.4,1.3,0.15,0.22,5.07
Super Mario Bros.,1985-09-13, Nintendo R&D4,3.5,1500,1500,Adventure,18000,59000,733000,237000,2,NES,Nintendo,29.08,3.58,6.81,0.77,40.24
Super Mario Bros.,1985-09-13, Nintendo R&D4,3.5,1500,1500,Adventure,18000,59000,733000,237000,201,GB,Nintendo,3.4,1.3,0.15,0.22,5.07
Super Mario Bros.,1985-09-13,Nintendo,3.5,1500,1500, Platform,18000,59000,733000,237000,2,NES,Nintendo,29.08,3.58,6.81,0.77,40.24
Super Mario Bros.,1985-09-13,Nintendo,3.5,1500,1500, Platform,18000,59000,733000,237000,201,GB,Nintendo,3.4,1.3,0.15,0.22,5.07
Super Mario Bros.,1985-09-13, Nintendo R&D4,3.5,1500,1500, Platform,18000,59000,733000,237000,2,NES,Nintendo,29.08,3.58,6.81,0.77,40.24
Super Mario Bros.,1985-09-13, Nintendo R&D4,3.5,1500,1500, Platform,18000,59000,733000,237000,201,GB,Nintendo,3.4,1.3,0.15,0.22,5.07
The Legend of Zelda: Majora's Mask,2000-04-27,Nintendo,4.4,2200,2200,Adventure,13000,347000,3900,1800,399,N64,Nintendo,1.9,0.67,0.73,0.06,3.36
The Legend of Zelda: Majora's Mask,2000-04-27, Nintendo EAD,4.4,2200,2200,Adventure,13000,347000,3900,1800,399,N64,Nintendo,1.9,0.67,0.73,0.06,3.36
The Last of Us,2013-06-14,Naughty Dog,4.2,2000,2000,Adventure,17000,205000,2000,1400,147,PS3,Sony Computer Entertainment Europe,2.41,2.28,0.28,1.01,5.99
The Last of Us,2013-06-14,Naughty Dog,4.2,2000,2000,Adventure,17000,205000,2000,1400,237,PS4,Sony Computer Entertainment,1.78,1.87,0.07,0.82,4.55
The Last of Us,2013-06-14, Sony Computer Entertainment,4.2,2000,2000,Adventure,17000,205000,2000,1400,147,PS3,Sony Computer Entertainment Europe,2.41,2.28,0.28,1.01,5.99
The Last of Us,2013-06-14, Sony Computer Entertainment,4.2,2000,2000,Adventure,17000,205000,2000,1400,237,PS4,Sony Computer Entertainment,1.78,1.87,0.07,0.82,4.55
The Last of Us,2013-06-14,Naughty Dog,4.2,2000,2000, Shooter,17000,205000,2000,1400,147,PS3,Sony Computer Entertainment Europe,2.41,2.28,0.28,1.01,5.99
The Last of Us,2013-06-14,Naughty Dog,4.2,2000,2000, Shooter,17000,205000,2000,1400,237,PS4,Sony Computer Entertainment,1.78,1.87,0.07,0.82,4.55
The Last of Us,2013-06-14, Sony Computer Entertainment,4.2,2000,2000, Shooter,17000,205000,2000,1400,147,PS3,Sony Computer Entertainment Europe,2.41,2.28,0.28,1.01,5.99
The Last of Us,2013-06-14, Sony Computer Entertainment,4.2,2000,2000, Shooter,17000,205000,2000,1400,237,PS4,Sony Computer Entertainment,1.78,1.87,0.07,0.82,4.55
Terraria,2011-05-16,Re-Logic,4.0,1300,1300,Adventure,18000,673000,2200,593000,2843,X360,505 Games,0.35,0.31,0.0,0.06,0.72
Terraria,2011-05-16,Re-Logic,4.0,1300,1300,Adventure,18000,673000,2200,593000,4053,PS3,505 Games,0.07,0.26,0.09,0.07,0.49
Terraria,2011-05-16,Re-Logic,4.0,1300,1300,Adventure,18000,673000,2200,593000,8846,PC,Unknown,0.0,0.13,0.0,0.02,0.15
Terraria,2011-05-16,Re-Logic,4.0,1300,1300,Adventure,18000,673000,2200,593000,10260,PSV,Screenlife,0.0,0.01,0.09,0.0,0.11
Terraria,2011-05-16,Re-Logic,4.0,1300,1300,Adventure,18000,673000,2200,593000,11620,3DS,505 Games,0.0,0.03,0.04,0.0,0.08
Terraria,2011-05-16,Re-Logic,4.0,1300,1300,Adventure,18000,673000,2200,593000,12442,PS4,505 Games,0.0,0.05,0.01,0.01,0.06
Terraria,2011-05-16,Re-Logic,4.0,1300,1300,Adventure,18000,673000,2200,593000,13772,XOne,505 Games,0.0,0.04,0.0,0.0,0.04
Terraria,2011-05-16,Re-Logic,4.0,1300,1300,Adventure,18000,673000,2200,593000,14850,WiiU,505 Games,0.0,0.02,0.0,0.0,0.03
Terraria,2011-05-16, Headup Games,4.0,1300,1300,Adventure,18000,673000,2200,593000,2843,X360,505 Games,0.35,0.31,0.0,0.06,0.72
Terraria,2011-05-16, Headup Games,4.0,1300,1300,Adventure,18000,673000,2200,593000,4053,PS3,505 Games,0.07,0.26,0.09,0.07,0.49
Terraria,2011-05-16, Headup Games,4.0,1300,1300,Adventure,18000,673000,2200,593000,8846,PC,Unknown,0.0,0.13,0.0,0.02,0.15
Terraria,2011-05-16, Headup Games,4.0,1300,1300,Adventure,18000,673000,2200,593000,10260,PSV,Screenlife,0.0,0.01,0.09,0.0,0.11
Terraria,2011-05-16, Headup Games,4.0,1300,1300,Adventure,18000,673000,2200,593000,11620,3DS,505 Games,0.0,0.03,0.04,0.0,0.08
Terraria,2011-05-16, Headup Games,4.0,1300,1300,Adventure,18000,673000,2200,593000,12442,PS4,505 Games,0.0,0.05,0.01,0.01,0.06
Terraria,2011-05-16, Headup Games,4.0,1300,1300,Adventure,18000,673000,2200,593000,13772,XOne,505 Games,0.0,0.04,0.0,0.0,0.04
Terraria,2011-05-16, Headup Games,4.0,1300,1300,Adventure,18000,673000,2200,593000,14850,WiiU,505 Games,0.0,0.02,0.0,0.0,0.03
Terraria,2011-05-16,Re-Logic,4.0,1300,1300, Indie,18000,673000,2200,593000,2843,X360,505 Games,0.35,0.31,0.0,0.06,0.72
Terraria,2011-05-16,Re-Logic,4.0,1300,1300, Indie,18000,673000,2200,593000,4053,PS3,505 Games,0.07,0.26,0.09,0.07,0.49
Terraria,2011-05-16,Re-Logic,4.0,1300,1300, Indie,18000,673000,2200,593000,8846,PC,Unknown,0.0,0.13,0.0,0.02,0.15
Terraria,2011-05-16,Re-Logic,4.0,1300,1300, Indie,18000,673000,2200,593000,10260,PSV,Screenlife,0.0,0.01,0.09,0.0,0.11
Terraria,2011-05-16,Re-Logic,4.0,1300,1300, Indie,18000,673000,2200,593000,11620,3DS,505 Games,0.0,0.03,0.04,0.0,0.08
Terraria,2011-05-16,Re-Logic,4.0,1300,1300, Indie,18000,673000,2200,593000,12442,PS4,505 Games,0.0,0.05,0.01,0.01,0.06
Terraria,2011-05-16,Re-Logic,4.0,1300,1300, Indie,18000,673000,2200,593000,13772,XOne,505 Games,0.0,0.04,0.0,0.0,0.04
Terraria,2011-05-16,Re-Logic,4.0,1300,1300, Indie,18000,673000,2200,593000,14850,WiiU,505 Games,0.0,0.02,0.0,0.0,0.03
Terraria,2011-05-16, Headup Games,4.0,1300,1300, Indie,18000,673000,2200,593000,2843,X360,505 Games,0.35,0.31,0.0,0.06,0.72
Terraria,2011-05-16, Headup Games,4.0,1300,1300, Indie,18000,673000,2200,593000,4053,PS3,505 Games,0.07,0.26,0.09,0.07,0.49
Terraria,2011-05-16, Headup Games,4.0,1300,1300, Indie,18000,673000,2200,593000,8846,PC,Unknown,0.0,0.13,0.0,0.02,0.15
Terraria,2011-05-16, Headup Games,4.0,1300,1300, Indie,18000,673000,2200,593000,10260,PSV,Screenlife,0.0,0.01,0.09,0.0,0.11
Terraria,2011-05-16, Headup Games,4.0,1300,1300, Indie,18000,673000,2200,593000,11620,3DS,505 Games,0.0,0.03,0.04,0.0,0.08
Terraria,2011-05-16, Headup Games,4.0,1300,1300, Indie,18000,673000,2200,593000,12442,PS4,505 Games,0.0,0.05,0.01,0.01,0.06
Terraria,2011-05-16, Headup Games,4.0,1300,1300, Indie,18000,673000,2200,593000,13772,XOne,505 Games,0.0,0.04,0.0,0.0,0.04
Terraria,2011-05-16, Headup Games,4.0,1300,1300, Indie,18000,673000,2200,593000,14850,WiiU,505 Games,0.0,0.02,0.0,0.0,0.03
Terraria,2011-05-16,Re-Logic,4.0,1300,1300, Platform,18000,673000,2200,593000,2843,X360,505 Games,0.35,0.31,0.0,0.06,0.72
Terraria,2011-05-16,Re-Logic,4.0,1300,1300, Platform,18000,673000,2200,593000,4053,PS3,505 Games,0.07,0.26,0.09,0.07,0.49
Terraria,2011-05-16,Re-Logic,4.0,1300,1300, Platform,18000,673000,2200,593000,8846,PC,Unknown,0.0,0.13,0.0,0.02,0.15
Terraria,2011-05-16,Re-Logic,4.0,1300,1300, Platform,18000,673000,2200,593000,10260,PSV,Screenlife,0.0,0.01,0.09,0.0,0.11
Terraria,2011-05-16,Re-Logic,4.0,1300,1300, Platform,18000,673000,2200,593000,11620,3DS,505 Games,0.0,0.03,0.04,0.0,0.08
Terraria,2011-05-16,Re-Logic,4.0,1300,1300, Platform,18000,673000,2200,593000,12442,PS4,505 Games,0.0,0.05,0.01,0.01,0.06
Terraria,2011-05-16,Re-Logic,4.0,1300,1300, Platform,18000,673000,2200,593000,13772,XOne,505 Games,0.0,0.04,0.0,0.0,0.04
Terraria,2011-05-16,Re-Logic,4.0,1300,1300, Platform,18000,673000,2200,593000,14850,WiiU,505 Games,0.0,0.02,0.0,0.0,0.03
Terraria,2011-05-16, Headup Games,4.0,1300,1300, Platform,18000,673000,2200,593000,2843,X360,505 Games,0.35,0.31,0.0,0.06,0.72
Terraria,2011-05-16, Headup Games,4.0,1300,1300, Platform,18000,673000,2200,593000,4053,PS3,505 Games,0.07,0.26,0.09,0.07,0.49
Terraria,2011-05-16, Headup Games,4.0,1300,1300, Platform,18000,673000,2200,593000,8846,PC,Unknown,0.0,0.13,0.0,0.02,0.15
Terraria,2011-05-16, Headup Games,4.0,1300,1300, Platform,18000,673000,2200,593000,10260,PSV,Screenlife,0.0,0.01,0.09,0.0,0.11
Terraria,2011-05-16, Headup Games,4.0,1300,1300, Platform,18000,673000,2200,593000,11620,3DS,505 Games,0.0,0.03,0.04,0.0,0.08
Terraria,2011-05-16, Headup Games,4.0,1300,1300, Platform,18000,673000,2200,593000,12442,PS4,505 Games,0.0,0.05,0.01,0.01,0.06
Terraria,2011-05-16, Headup Games,4.0,1300,1300, Platform,18000,673000,2200,593000,13772,XOne,505 Games,0.0,0.04,0.0,0.0,0.04
Terraria,2011-05-16, Headup Games,4.0,1300,1300, Platform,18000,673000,2200,593000,14850,WiiU,505 Games,0.0,0.02,0.0,0.0,0.03
Terraria,2011-05-16,Re-Logic,4.0,1300,1300, RPG,18000,673000,2200,593000,2843,X360,505 Games,0.35,0.31,0.0,0.06,0.72
Terraria,2011-05-16,Re-Logic,4.0,1300,1300, RPG,18000,673000,2200,593000,4053,PS3,505 Games,0.07,0.26,0.09,0.07,0.49
Terraria,2011-05-16,Re-Logic,4.0,1300,1300, RPG,18000,673000,2200,593000,8846,PC,Unknown,0.0,0.13,0.0,0.02,0.15
Terraria,2011-05-16,Re-Logic,4.0,1300,1300, RPG,18000,673000,2200,593000,10260,PSV,Screenlife,0.0,0.01,0.09,0.0,0.11
Terraria,2011-05-16,Re-Logic,4.0,1300,1300, RPG,18000,673000,2200,593000,11620,3DS,505 Games,0.0,0.03,0.04,0.0,0.08
Terraria,2011-05-16,Re-Logic,4.0,1300,1300, RPG,18000,673000,2200,593000,12442,PS4,505 Games,0.0,0.05,0.01,0.01,0.06
Terraria,2011-05-16,Re-Logic,4.0,1300,1300, RPG,18000,673000,2200,593000,13772,XOne,505 Games,0.0,0.04,0.0,0.0,0.04
Terraria,2011-05-16,Re-Logic,4.0,1300,1300, RPG,18000,673000,2200,593000,14850,WiiU,505 Games,0.0,0.02,0.0,0.0,0.03
Terraria,2011-05-16, Headup Games,4.0,1300,1300, RPG,18000,673000,2200,593000,2843,X360,505 Games,0.35,0.31,0.0,0.06,0.72
Terraria,2011-05-16, Headup Games,4.0,1300,1300, RPG,18000,673000,2200,593000,4053,PS3,505 Games,0.07,0.26,0.09,0.07,0.49
Terraria,2011-05-16, Headup Games,4.0,1300,1300, RPG,18000,673000,2200,593000,8846,PC,Unknown,0.0,0.13,0.0,0.02,0.15
Terraria,2011-05-16, Headup Games,4.0,1300,1300, RPG,18000,673000,2200,593000,10260,PSV,Screenlife,0.0,0.01,0.09,0.0,0.11
Terraria,2011-05-16, Headup Games,4.0,1300,1300, RPG,18000,673000,2200,593000,11620,3DS,505 Games,0.0,0.03,0.04,0.0,0.08
Terraria,2011-05-16, Headup Games,4.0,1300,1300, RPG,18000,673000,2200,593000,12442,PS4,505 Games,0.0,0.05,0.01,0.01,0.06
Terraria,2011-05-16, Headup Games,4.0,1300,1300, RPG,18000,673000,2200,593000,13772,XOne,505 Games,0.0,0.04,0.0,0.0,0.04
Terraria,2011-05-16, Headup Games,4.0,1300,1300, RPG,18000,673000,2200,593000,14850,WiiU,505 Games,0.0,0.02,0.0,0.0,0.03
Terraria,2011-05-16,Re-Logic,4.0,1300,1300, Strategy,18000,673000,2200,593000,2843,X360,505 Games,0.35,0.31,0.0,0.06,0.72
Terraria,2011-05-16,Re-Logic,4.0,1300,1300, Strategy,18000,673000,2200,593000,4053,PS3,505 Games,0.07,0.26,0.09,0.07,0.49
Terraria,2011-05-16,Re-Logic,4.0,1300,1300, Strategy,18000,673000,2200,593000,8846,PC,Unknown,0.0,0.13,0.0,0.02,0.15
Terraria,2011-05-16,Re-Logic,4.0,1300,1300, Strategy,18000,673000,2200,593000,10260,PSV,Screenlife,0.0,0.01,0.09,0.0,0.11
Terraria,2011-05-16,Re-Logic,4.0,1300,1300, Strategy,18000,673000,2200,593000,11620,3DS,505 Games,0.0,0.03,0.04,0.0,0.08
Terraria,2011-05-16,Re-Logic,4.0,1300,1300, Strategy,18000,673000,2200,593000,12442,PS4,505 Games,0.0,0.05,0.01,0.01,0.06
Terraria,2011-05-16,Re-Logic,4.0,1300,1300, Strategy,18000,673000,2200,593000,13772,XOne,505 Games,0.0,0.04,0.0,0.0,0.04
Terraria,2011-05-16,Re-Logic,4.0,1300,1300, Strategy,18000,673000,2200,593000,14850,WiiU,505 Games,0.0,0.02,0.0,0.0,0.03
Terraria,2011-05-16, Headup Games,4.0,1300,1300, Strategy,18000,673000,2200,593000,2843,X360,505 Games,0.35,0.31,0.0,0.06,0.72
Terraria,2011-05-16, Headup Games,4.0,1300,1300, Strategy,18000,673000,2200,593000,4053,PS3,505 Games,0.07,0.26,0.09,0.07,0.49
Terraria,2011-05-16, Headup Games,4.0,1300,1300, Strategy,18000,673000,2200,593000,8846,PC,Unknown,0.0,0.13,0.0,0.02,0.15
Terraria,2011-05-16, Headup Games,4.0,1300,1300, Strategy,18000,673000,2200,593000,10260,PSV,Screenlife,0.0,0.01,0.09,0.0,0.11
Terraria,2011-05-16, Headup Games,4.0,1300,1300, Strategy,18000,673000,2200,593000,11620,3DS,505 Games,0.0,0.03,0.04,0.0,0.08
Terraria,2011-05-16, Headup Games,4.0,1300,1300, Strategy,18000,673000,2200,593000,12442,PS4,505 Games,0.0,0.05,0.01,0.01,0.06
Terraria,2011-05-16, Headup Games,4.0,1300,1300, Strategy,18000,673000,2200,593000,13772,XOne,505 Games,0.0,0.04,0.0,0.0,0.04
Terraria,2011-05-16, Headup Games,4.0,1300,1300, Strategy,18000,673000,2200,593000,14850,WiiU,505 Games,0.0,0.02,0.0,0.0,0.03
Metal Gear Solid V: The Phantom Pain,2015-09-01,Konami,3.8,1500,1500,Adventure,14000,503000,4500,1200,396,PS4,Konami Digital Entertainment,1.08,1.35,0.48,0.47,3.38
Metal Gear Solid V: The Phantom Pain,2015-09-01,Konami,3.8,1500,1500,Adventure,14000,503000,4500,1200,2896,XOne,Konami Digital Entertainment,0.37,0.26,0.01,0.06,0.71
Metal Gear Solid V: The Phantom Pain,2015-09-01,Konami,3.8,1500,1500,Adventure,14000,503000,4500,1200,2935,PS3,Konami Digital Entertainment,0.21,0.18,0.22,0.08,0.7
Metal Gear Solid V: The Phantom Pain,2015-09-01,Konami,3.8,1500,1500,Adventure,14000,503000,4500,1200,7376,X360,Konami Digital Entertainment,0.12,0.08,0.0,0.02,0.21
Metal Gear Solid V: The Phantom Pain,2015-09-01,Konami,3.8,1500,1500,Adventure,14000,503000,4500,1200,11704,PC,Konami Digital Entertainment,0.0,0.07,0.0,0.0,0.08
Metal Gear Solid V: The Phantom Pain,2015-09-01, Kojima Productions,3.8,1500,1500,Adventure,14000,503000,4500,1200,396,PS4,Konami Digital Entertainment,1.08,1.35,0.48,0.47,3.38
Metal Gear Solid V: The Phantom Pain,2015-09-01, Kojima Productions,3.8,1500,1500,Adventure,14000,503000,4500,1200,2896,XOne,Konami Digital Entertainment,0.37,0.26,0.01,0.06,0.71
Metal Gear Solid V: The Phantom Pain,2015-09-01, Kojima Productions,3.8,1500,1500,Adventure,14000,503000,4500,1200,2935,PS3,Konami Digital Entertainment,0.21,0.18,0.22,0.08,0.7
Metal Gear Solid V: The Phantom Pain,2015-09-01, Kojima Productions,3.8,1500,1500,Adventure,14000,503000,4500,1200,7376,X360,Konami Digital Entertainment,0.12,0.08,0.0,0.02,0.21
Metal Gear Solid V: The Phantom Pain,2015-09-01, Kojima Productions,3.8,1500,1500,Adventure,14000,503000,4500,1200,11704,PC,Konami Digital Entertainment,0.0,0.07,0.0,0.0,0.08
Metal Gear Solid V: The Phantom Pain,2015-09-01,Konami,3.8,1500,1500, Shooter,14000,503000,4500,1200,396,PS4,Konami Digital Entertainment,1.08,1.35,0.48,0.47,3.38
Metal Gear Solid V: The Phantom Pain,2015-09-01,Konami,3.8,1500,1500, Shooter,14000,503000,4500,1200,2896,XOne,Konami Digital Entertainment,0.37,0.26,0.01,0.06,0.71
Metal Gear Solid V: The Phantom Pain,2015-09-01,Konami,3.8,1500,1500, Shooter,14000,503000,4500,1200,2935,PS3,Konami Digital Entertainment,0.21,0.18,0.22,0.08,0.7
Metal Gear Solid V: The Phantom Pain,2015-09-01,Konami,3.8,1500,1500, Shooter,14000,503000,4500,1200,7376,X360,Konami Digital Entertainment,0.12,0.08,0.0,0.02,0.21
Metal Gear Solid V: The Phantom Pain,2015-09-01,Konami,3.8,1500,1500, Shooter,14000,503000,4500,1200,11704,PC,Konami Digital Entertainment,0.0,0.07,0.0,0.0,0.08
Metal Gear Solid V: The Phantom Pain,2015-09-01, Kojima Productions,3.8,1500,1500, Shooter,14000,503000,4500,1200,396,PS4,Konami Digital Entertainment,1.08,1.35,0.48,0.47,3.38
Metal Gear Solid V: The Phantom Pain,2015-09-01, Kojima Productions,3.8,1500,1500, Shooter,14000,503000,4500,1200,2896,XOne,Konami Digital Entertainment,0.37,0.26,0.01,0.06,0.71
Metal Gear Solid V: The Phantom Pain,2015-09-01, Kojima Productions,3.8,1500,1500, Shooter,14000,503000,4500,1200,2935,PS3,Konami Digital Entertainment,0.21,0.18,0.22,0.08,0.7
Metal Gear Solid V: The Phantom Pain,2015-09-01, Kojima Productions,3.8,1500,1500, Shooter,14000,503000,4500,1200,7376,X360,Konami Digital Entertainment,0.12,0.08,0.0,0.02,0.21
Metal Gear Solid V: The Phantom Pain,2015-09-01, Kojima Productions,3.8,1500,1500, Shooter,14000,503000,4500,1200,11704,PC,Konami Digital Entertainment,0.0,0.07,0.0,0.0,0.08
Metal Gear Solid V: The Phantom Pain,2015-09-01,Konami,3.8,1500,1500, Tactical,14000,503000,4500,1200,396,PS4,Konami Digital Entertainment,1.08,1.35,0.48,0.47,3.38
Metal Gear Solid V: The Phantom Pain,2015-09-01,Konami,3.8,1500,1500, Tactical,14000,503000,4500,1200,2896,XOne,Konami Digital Entertainment,0.37,0.26,0.01,0.06,0.71
Metal Gear Solid V: The Phantom Pain,2015-09-01,Konami,3.8,1500,1500, Tactical,14000,503000,4500,1200,2935,PS3,Konami Digital Entertainment,0.21,0.18,0.22,0.08,0.7
Metal Gear Solid V: The Phantom Pain,2015-09-01,Konami,3.8,1500,1500, Tactical,14000,503000,4500,1200,7376,X360,Konami Digital Entertainment,0.12,0.08,0.0,0.02,0.21
Metal Gear Solid V: The Phantom Pain,2015-09-01,Konami,3.8,1500,1500, Tactical,14000,503000,4500,1200,11704,PC,Konami Digital Entertainment,0.0,0.07,0.0,0.0,0.08
Metal Gear Solid V: The Phantom Pain,2015-09-01, Kojima Productions,3.8,1500,1500, Tactical,14000,503000,4500,1200,396,PS4,Konami Digital Entertainment,1.08,1.35,0.48,0.47,3.38
Metal Gear Solid V: The Phantom Pain,2015-09-01, Kojima Productions,3.8,1500,1500, Tactical,14000,503000,4500,1200,2896,XOne,Konami Digital Entertainment,0.37,0.26,0.01,0.06,0.71
Metal Gear Solid V: The Phantom Pain,2015-09-01, Kojima Productions,3.8,1500,1500, Tactical,14000,503000,4500,1200,2935,PS3,Konami Digital Entertainment,0.21,0.18,0.22,0.08,0.7
Metal Gear Solid V: The Phantom Pain,2015-09-01, Kojima Productions,3.8,1500,1500, Tactical,14000,503000,4500,1200,7376,X360,Konami Digital Entertainment,0.12,0.08,0.0,0.02,0.21
Metal Gear Solid V: The Phantom Pain,2015-09-01, Kojima Productions,3.8,1500,1500, Tactical,14000,503000,4500,1200,11704,PC,Konami Digital Entertainment,0.0,0.07,0.0,0.0,0.08
Overwatch,2016-05-24,Blizzard Entertainment,3.2,957000,957000,Shooter,19000,436000,411000,214000,1028,PS4,Activision,0.64,0.68,0.14,0.26,1.73
Overwatch,2016-05-24,Blizzard Entertainment,3.2,957000,957000,Shooter,19000,436000,411000,214000,2446,XOne,Activision,0.52,0.25,0.0,0.08,0.85
Overwatch,2016-05-24,Blizzard Entertainment,3.2,957000,957000,Shooter,19000,436000,411000,214000,4511,PC,Activision,0.22,0.18,0.0,0.04,0.43
Overwatch,2016-05-24, Square Enix,3.2,957000,957000,Shooter,19000,436000,411000,214000,1028,PS4,Activision,0.64,0.68,0.14,0.26,1.73
Overwatch,2016-05-24, Square Enix,3.2,957000,957000,Shooter,19000,436000,411000,214000,2446,XOne,Activision,0.52,0.25,0.0,0.08,0.85
Overwatch,2016-05-24, Square Enix,3.2,957000,957000,Shooter,19000,436000,411000,214000,4511,PC,Activision,0.22,0.18,0.0,0.04,0.43
Overwatch,2016-05-24,Blizzard Entertainment,3.2,957000,957000, Strategy,19000,436000,411000,214000,1028,PS4,Activision,0.64,0.68,0.14,0.26,1.73
Overwatch,2016-05-24,Blizzard Entertainment,3.2,957000,957000, Strategy,19000,436000,411000,214000,2446,XOne,Activision,0.52,0.25,0.0,0.08,0.85
Overwatch,2016-05-24,Blizzard Entertainment,3.2,957000,957000, Strategy,19000,436000,411000,214000,4511,PC,Activision,0.22,0.18,0.0,0.04,0.43
Overwatch,2016-05-24, Square Enix,3.2,957000,957000, Strategy,19000,436000,411000,214000,1028,PS4,Activision,0.64,0.68,0.14,0.26,1.73
Overwatch,2016-05-24, Square Enix,3.2,957000,957000, Strategy,19000,436000,411000,214000,2446,XOne,Activision,0.52,0.25,0.0,0.08,0.85
Overwatch,2016-05-24, Square Enix,3.2,957000,957000, Strategy,19000,436000,411000,214000,4511,PC,Activision,0.22,0.18,0.0,0.04,0.43
Half-Life 2,2004-11-16,Sierra Entertainment,4.2,1700,1700,Shooter,15000,257000,3500,1000,667,PC,Vivendi Games,2.28,0.02,0.08,0.0,2.37
Half-Life 2,2004-11-16,Sierra Entertainment,4.2,1700,1700,Shooter,15000,257000,3500,1000,3310,XB,Electronic Arts,0.37,0.21,0.0,0.03,0.61
Half-Life 2,2004-11-16, Valve,4.2,1700,1700,Shooter,15000,257000,3500,1000,667,PC,Vivendi Games,2.28,0.02,0.08,0.0,2.37
Half-Life 2,2004-11-16, Valve,4.2,1700,1700,Shooter,15000,257000,3500,1000,3310,XB,Electronic Arts,0.37,0.21,0.0,0.03,0.61
Grand Theft Auto: San Andreas,2004-10-26,Rockstar Games,4.1,1500,1500,Adventure,19000,270000,2400,742000,18,PS2,Take-Two Interactive,9.43,0.4,0.41,10.57,20.81
Grand Theft Auto: San Andreas,2004-10-26,Rockstar Games,4.1,1500,1500,Adventure,19000,270000,2400,742000,875,XB,Take-Two Interactive,1.26,0.61,0.0,0.09,1.95
Grand Theft Auto: San Andreas,2004-10-26,Rockstar Games,4.1,1500,1500,Adventure,19000,270000,2400,742000,2122,PC,Take-Two Interactive,0.0,0.92,0.0,0.05,0.98
Grand Theft Auto: San Andreas,2004-10-26,Rockstar Games,4.1,1500,1500,Adventure,19000,270000,2400,742000,9829,X360,Take-Two Interactive,0.08,0.03,0.0,0.01,0.12
Grand Theft Auto: San Andreas,2004-10-26, Rockstar North,4.1,1500,1500,Adventure,19000,270000,2400,742000,18,PS2,Take-Two Interactive,9.43,0.4,0.41,10.57,20.81
Grand Theft Auto: San Andreas,2004-10-26, Rockstar North,4.1,1500,1500,Adventure,19000,270000,2400,742000,875,XB,Take-Two Interactive,1.26,0.61,0.0,0.09,1.95
Grand Theft Auto: San Andreas,2004-10-26, Rockstar North,4.1,1500,1500,Adventure,19000,270000,2400,742000,2122,PC,Take-Two Interactive,0.0,0.92,0.0,0.05,0.98
Grand Theft Auto: San Andreas,2004-10-26, Rockstar North,4.1,1500,1500,Adventure,19000,270000,2400,742000,9829,X360,Take-Two Interactive,0.08,0.03,0.0,0.01,0.12
Grand Theft Auto: San Andreas,2004-10-26,Rockstar Games,4.1,1500,1500, Racing,19000,270000,2400,742000,18,PS2,Take-Two Interactive,9.43,0.4,0.41,10.57,20.81
Grand Theft Auto: San Andreas,2004-10-26,Rockstar Games,4.1,1500,1500, Racing,19000,270000,2400,742000,875,XB,Take-Two Interactive,1.26,0.61,0.0,0.09,1.95
Grand Theft Auto: San Andreas,2004-10-26,Rockstar Games,4.1,1500,1500, Racing,19000,270000,2400,742000,2122,PC,Take-Two Interactive,0.0,0.92,0.0,0.05,0.98
Grand Theft Auto: San Andreas,2004-10-26,Rockstar Games,4.1,1500,1500, Racing,19000,270000,2400,742000,9829,X360,Take-Two Interactive,0.08,0.03,0.0,0.01,0.12
Grand Theft Auto: San Andreas,2004-10-26, Rockstar North,4.1,1500,1500, Racing,19000,270000,2400,742000,18,PS2,Take-Two Interactive,9.43,0.4,0.41,10.57,20.81
Grand Theft Auto: San Andreas,2004-10-26, Rockstar North,4.1,1500,1500, Racing,19000,270000,2400,742000,875,XB,Take-Two Interactive,1.26,0.61,0.0,0.09,1.95
Grand Theft Auto: San Andreas,2004-10-26, Rockstar North,4.1,1500,1500, Racing,19000,270000,2400,742000,2122,PC,Take-Two Interactive,0.0,0.92,0.0,0.05,0.98
Grand Theft Auto: San Andreas,2004-10-26, Rockstar North,4.1,1500,1500, Racing,19000,270000,2400,742000,9829,X360,Take-Two Interactive,0.08,0.03,0.0,0.01,0.12
Grand Theft Auto: San Andreas,2004-10-26,Rockstar Games,4.1,1500,1500, Shooter,19000,270000,2400,742000,18,PS2,Take-Two Interactive,9.43,0.4,0.41,10.57,20.81
Grand Theft Auto: San Andreas,2004-10-26,Rockstar Games,4.1,1500,1500, Shooter,19000,270000,2400,742000,875,XB,Take-Two Interactive,1.26,0.61,0.0,0.09,1.95
Grand Theft Auto: San Andreas,2004-10-26,Rockstar Games,4.1,1500,1500, Shooter,19000,270000,2400,742000,2122,PC,Take-Two Interactive,0.0,0.92,0.0,0.05,0.98
Grand Theft Auto: San Andreas,2004-10-26,Rockstar Games,4.1,1500,1500, Shooter,19000,270000,2400,742000,9829,X360,Take-Two Interactive,0.08,0.03,0.0,0.01,0.12
Grand Theft Auto: San Andreas,2004-10-26, Rockstar North,4.1,1500,1500, Shooter,19000,270000,2400,742000,18,PS2,Take-Two Interactive,9.43,0.4,0.41,10.57,20.81
Grand Theft Auto: San Andreas,2004-10-26, Rockstar North,4.1,1500,1500, Shooter,19000,270000,2400,742000,875,XB,Take-Two Interactive,1.26,0.61,0.0,0.09,1.95
Grand Theft Auto: San Andreas,2004-10-26, Rockstar North,4.1,1500,1500, Shooter,19000,270000,2400,742000,2122,PC,Take-Two Interactive,0.0,0.92,0.0,0.05,0.98
Grand Theft Auto: San Andreas,2004-10-26, Rockstar North,4.1,1500,1500, Shooter,19000,270000,2400,742000,9829,X360,Take-Two Interactive,0.08,0.03,0.0,0.01,0.12
Devil May Cry,2001-08-23,Capcom Production Studio 4,3.5,1200,1200,Brawler,10000,286000,2500,1100,476,PS2,Capcom,1.36,0.86,0.64,0.13,2.99
Devil May Cry,2001-08-23, Capcom,3.5,1200,1200,Brawler,10000,286000,2500,1100,476,PS2,Capcom,1.36,0.86,0.64,0.13,2.99
Batman: Arkham Asylum,2009-08-25,Eidos Interactive,3.9,1400,1400,Adventure,17000,232000,2300,672000,263,PS3,Eidos Interactive,2.23,1.34,0.07,0.61,4.25
Batman: Arkham Asylum,2009-08-25,Eidos Interactive,3.9,1400,1400,Adventure,17000,232000,2300,672000,376,X360,Eidos Interactive,2.2,0.97,0.02,0.31,3.5
Batman: Arkham Asylum,2009-08-25,Eidos Interactive,3.9,1400,1400,Adventure,17000,232000,2300,672000,5608,PC,Eidos Interactive,0.0,0.27,0.0,0.05,0.32
Batman: Arkham Asylum,2009-08-25, Rocksteady Studios,3.9,1400,1400,Adventure,17000,232000,2300,672000,263,PS3,Eidos Interactive,2.23,1.34,0.07,0.61,4.25
Batman: Arkham Asylum,2009-08-25, Rocksteady Studios,3.9,1400,1400,Adventure,17000,232000,2300,672000,376,X360,Eidos Interactive,2.2,0.97,0.02,0.31,3.5
Batman: Arkham Asylum,2009-08-25, Rocksteady Studios,3.9,1400,1400,Adventure,17000,232000,2300,672000,5608,PC,Eidos Interactive,0.0,0.27,0.0,0.05,0.32
Batman: Arkham Asylum,2009-08-25,Eidos Interactive,3.9,1400,1400, Brawler,17000,232000,2300,672000,263,PS3,Eidos Interactive,2.23,1.34,0.07,0.61,4.25
Batman: Arkham Asylum,2009-08-25,Eidos Interactive,3.9,1400,1400, Brawler,17000,232000,2300,672000,376,X360,Eidos Interactive,2.2,0.97,0.02,0.31,3.5
Batman: Arkham Asylum,2009-08-25,Eidos Interactive,3.9,1400,1400, Brawler,17000,232000,2300,672000,5608,PC,Eidos Interactive,0.0,0.27,0.0,0.05,0.32
Batman: Arkham Asylum,2009-08-25, Rocksteady Studios,3.9,1400,1400, Brawler,17000,232000,2300,672000,263,PS3,Eidos Interactive,2.23,1.34,0.07,0.61,4.25
Batman: Arkham Asylum,2009-08-25, Rocksteady Studios,3.9,1400,1400, Brawler,17000,232000,2300,672000,376,X360,Eidos Interactive,2.2,0.97,0.02,0.31,3.5
Batman: Arkham Asylum,2009-08-25, Rocksteady Studios,3.9,1400,1400, Brawler,17000,232000,2300,672000,5608,PC,Eidos Interactive,0.0,0.27,0.0,0.05,0.32
Super Mario Sunshine,2002-07-19,Nintendo EAD,3.7,1700,1700,Adventure,14000,403000,3300,1000,136,GC,Nintendo,4.01,1.26,0.87,0.17,6.31
Super Mario Sunshine,2002-07-19, Nintendo,3.7,1700,1700,Adventure,14000,403000,3300,1000,136,GC,Nintendo,4.01,1.26,0.87,0.17,6.31
Super Mario Sunshine,2002-07-19,Nintendo EAD,3.7,1700,1700, Platform,14000,403000,3300,1000,136,GC,Nintendo,4.01,1.26,0.87,0.17,6.31
Super Mario Sunshine,2002-07-19, Nintendo,3.7,1700,1700, Platform,14000,403000,3300,1000,136,GC,Nintendo,4.01,1.26,0.87,0.17,6.31
Mother 3,2006-04-20,HAL Laboratory,4.5,1600,1600,RPG,5700,287000,3600,1900,4849,GBA,Nintendo,0.0,0.0,0.39,0.01,0.4
Mother 3,2006-04-20, Nintendo,4.5,1600,1600,RPG,5700,287000,3600,1900,4849,GBA,Nintendo,0.0,0.0,0.39,0.01,0.4
Mother 3,2006-04-20,HAL Laboratory,4.5,1600,1600, Turn Based Strategy,5700,287000,3600,1900,4849,GBA,Nintendo,0.0,0.0,0.39,0.01,0.4
Mother 3,2006-04-20, Nintendo,4.5,1600,1600, Turn Based Strategy,5700,287000,3600,1900,4849,GBA,Nintendo,0.0,0.0,0.39,0.01,0.4
Half-Life,1998-11-19,Sierra Entertainment,4.0,1300,1300,Adventure,13000,322000,2900,892000,282,PC,Vivendi Games,4.03,0.0,0.09,0.0,4.12
Half-Life,1998-11-19,Sierra Entertainment,4.0,1300,1300,Adventure,13000,322000,2900,892000,3360,PS2,Vivendi Games,0.29,0.23,0.0,0.08,0.6
Half-Life,1998-11-19, Valve,4.0,1300,1300,Adventure,13000,322000,2900,892000,282,PC,Vivendi Games,4.03,0.0,0.09,0.0,4.12
Half-Life,1998-11-19, Valve,4.0,1300,1300,Adventure,13000,322000,2900,892000,3360,PS2,Vivendi Games,0.29,0.23,0.0,0.08,0.6
Half-Life,1998-11-19,Sierra Entertainment,4.0,1300,1300, Puzzle,13000,322000,2900,892000,282,PC,Vivendi Games,4.03,0.0,0.09,0.0,4.12
Half-Life,1998-11-19,Sierra Entertainment,4.0,1300,1300, Puzzle,13000,322000,2900,892000,3360,PS2,Vivendi Games,0.29,0.23,0.0,0.08,0.6
Half-Life,1998-11-19, Valve,4.0,1300,1300, Puzzle,13000,322000,2900,892000,282,PC,Vivendi Games,4.03,0.0,0.09,0.0,4.12
Half-Life,1998-11-19, Valve,4.0,1300,1300, Puzzle,13000,322000,2900,892000,3360,PS2,Vivendi Games,0.29,0.23,0.0,0.08,0.6
Half-Life,1998-11-19,Sierra Entertainment,4.0,1300,1300, Shooter,13000,322000,2900,892000,282,PC,Vivendi Games,4.03,0.0,0.09,0.0,4.12
Half-Life,1998-11-19,Sierra Entertainment,4.0,1300,1300, Shooter,13000,322000,2900,892000,3360,PS2,Vivendi Games,0.29,0.23,0.0,0.08,0.6
Half-Life,1998-11-19, Valve,4.0,1300,1300, Shooter,13000,322000,2900,892000,282,PC,Vivendi Games,4.03,0.0,0.09,0.0,4.12
Half-Life,1998-11-19, Valve,4.0,1300,1300, Shooter,13000,322000,2900,892000,3360,PS2,Vivendi Games,0.29,0.23,0.0,0.08,0.6
Danganronpa: Trigger Happy Havoc,2010-11-25,NIS America,3.5,1000,1000,Adventure,12000,311000,1900,716000,4684,PSV,Nippon Ichi Software,0.14,0.07,0.15,0.06,0.41
Danganronpa: Trigger Happy Havoc,2010-11-25, Spike ChunSoft,3.5,1000,1000,Adventure,12000,311000,1900,716000,4684,PSV,Nippon Ichi Software,0.14,0.07,0.15,0.06,0.41
Danganronpa: Trigger Happy Havoc,2010-11-25,NIS America,3.5,1000,1000, Point-and-Click,12000,311000,1900,716000,4684,PSV,Nippon Ichi Software,0.14,0.07,0.15,0.06,0.41
Danganronpa: Trigger Happy Havoc,2010-11-25, Spike ChunSoft,3.5,1000,1000, Point-and-Click,12000,311000,1900,716000,4684,PSV,Nippon Ichi Software,0.14,0.07,0.15,0.06,0.41
Danganronpa: Trigger Happy Havoc,2010-11-25,NIS America,3.5,1000,1000, Visual Novel,12000,311000,1900,716000,4684,PSV,Nippon Ichi Software,0.14,0.07,0.15,0.06,0.41
Danganronpa: Trigger Happy Havoc,2010-11-25, Spike ChunSoft,3.5,1000,1000, Visual Novel,12000,311000,1900,716000,4684,PSV,Nippon Ichi Software,0.14,0.07,0.15,0.06,0.41
Left 4 Dead 2,2009-11-17,Turtle Rock Studios,3.9,1100,1100,Shooter,19000,279000,1500,358000,302,X360,Electronic Arts,2.67,0.89,0.05,0.37,3.99
Left 4 Dead 2,2009-11-17,Turtle Rock Studios,3.9,1100,1100,Shooter,19000,279000,1500,358000,5160,PC,Valve Software,0.0,0.32,0.0,0.04,0.37
Left 4 Dead 2,2009-11-17, Valve,3.9,1100,1100,Shooter,19000,279000,1500,358000,302,X360,Electronic Arts,2.67,0.89,0.05,0.37,3.99
Left 4 Dead 2,2009-11-17, Valve,3.9,1100,1100,Shooter,19000,279000,1500,358000,5160,PC,Valve Software,0.0,0.32,0.0,0.04,0.37
Batman: Arkham City,2011-10-18,DC Entertainment,4.1,1600,1600,Adventure,16000,192000,2700,651000,160,PS3,Warner Bros. Interactive Entertainment,2.7,1.91,0.11,0.8,5.53
Batman: Arkham City,2011-10-18,DC Entertainment,4.1,1600,1600,Adventure,16000,192000,2700,651000,223,X360,Warner Bros. Interactive Entertainment,2.99,1.31,0.04,0.41,4.76
Batman: Arkham City,2011-10-18,DC Entertainment,4.1,1600,1600,Adventure,16000,192000,2700,651000,3791,PC,Warner Bros. Interactive Entertainment,0.16,0.28,0.0,0.09,0.53
Batman: Arkham City,2011-10-18,DC Entertainment,4.1,1600,1600,Adventure,16000,192000,2700,651000,4995,WiiU,Warner Bros. Interactive Entertainment,0.17,0.18,0.0,0.03,0.38
Batman: Arkham City,2011-10-18, Rocksteady Studios,4.1,1600,1600,Adventure,16000,192000,2700,651000,160,PS3,Warner Bros. Interactive Entertainment,2.7,1.91,0.11,0.8,5.53
Batman: Arkham City,2011-10-18, Rocksteady Studios,4.1,1600,1600,Adventure,16000,192000,2700,651000,223,X360,Warner Bros. Interactive Entertainment,2.99,1.31,0.04,0.41,4.76
Batman: Arkham City,2011-10-18, Rocksteady Studios,4.1,1600,1600,Adventure,16000,192000,2700,651000,3791,PC,Warner Bros. Interactive Entertainment,0.16,0.28,0.0,0.09,0.53
Batman: Arkham City,2011-10-18, Rocksteady Studios,4.1,1600,1600,Adventure,16000,192000,2700,651000,4995,WiiU,Warner Bros. Interactive Entertainment,0.17,0.18,0.0,0.03,0.38
Batman: Arkham City,2011-10-18,DC Entertainment,4.1,1600,1600, Brawler,16000,192000,2700,651000,160,PS3,Warner Bros. Interactive Entertainment,2.7,1.91,0.11,0.8,5.53
Batman: Arkham City,2011-10-18,DC Entertainment,4.1,1600,1600, Brawler,16000,192000,2700,651000,223,X360,Warner Bros. Interactive Entertainment,2.99,1.31,0.04,0.41,4.76
Batman: Arkham City,2011-10-18,DC Entertainment,4.1,1600,1600, Brawler,16000,192000,2700,651000,3791,PC,Warner Bros. Interactive Entertainment,0.16,0.28,0.0,0.09,0.53
Batman: Arkham City,2011-10-18,DC Entertainment,4.1,1600,1600, Brawler,16000,192000,2700,651000,4995,WiiU,Warner Bros. Interactive Entertainment,0.17,0.18,0.0,0.03,0.38
Batman: Arkham City,2011-10-18, Rocksteady Studios,4.1,1600,1600, Brawler,16000,192000,2700,651000,160,PS3,Warner Bros. Interactive Entertainment,2.7,1.91,0.11,0.8,5.53
Batman: Arkham City,2011-10-18, Rocksteady Studios,4.1,1600,1600, Brawler,16000,192000,2700,651000,223,X360,Warner Bros. Interactive Entertainment,2.99,1.31,0.04,0.41,4.76
Batman: Arkham City,2011-10-18, Rocksteady Studios,4.1,1600,1600, Brawler,16000,192000,2700,651000,3791,PC,Warner Bros. Interactive Entertainment,0.16,0.28,0.0,0.09,0.53
Batman: Arkham City,2011-10-18, Rocksteady Studios,4.1,1600,1600, Brawler,16000,192000,2700,651000,4995,WiiU,Warner Bros. Interactive Entertainment,0.17,0.18,0.0,0.03,0.38
Yakuza Kiwami,2016-01-21,Sega,3.7,1200,1200,Adventure,9700,439000,3400,1000,8659,PS4,Sega,0.0,0.0,0.16,0.0,0.16
Yakuza Kiwami,2016-01-21,Sega,3.7,1200,1200,Adventure,9700,439000,3400,1000,9924,PS3,Sega,0.0,0.0,0.12,0.0,0.12
Yakuza Kiwami,2016-01-21, Ryū Ga Gotoku Studios,3.7,1200,1200,Adventure,9700,439000,3400,1000,8659,PS4,Sega,0.0,0.0,0.16,0.0,0.16
Yakuza Kiwami,2016-01-21, Ryū Ga Gotoku Studios,3.7,1200,1200,Adventure,9700,439000,3400,1000,9924,PS3,Sega,0.0,0.0,0.12,0.0,0.12
Yakuza Kiwami,2016-01-21,Sega,3.7,1200,1200, Brawler,9700,439000,3400,1000,8659,PS4,Sega,0.0,0.0,0.16,0.0,0.16
Yakuza Kiwami,2016-01-21,Sega,3.7,1200,1200, Brawler,9700,439000,3400,1000,9924,PS3,Sega,0.0,0.0,0.12,0.0,0.12
Yakuza Kiwami,2016-01-21, Ryū Ga Gotoku Studios,3.7,1200,1200, Brawler,9700,439000,3400,1000,8659,PS4,Sega,0.0,0.0,0.16,0.0,0.16
Yakuza Kiwami,2016-01-21, Ryū Ga Gotoku Studios,3.7,1200,1200, Brawler,9700,439000,3400,1000,9924,PS3,Sega,0.0,0.0,0.12,0.0,0.12
Yakuza Kiwami,2016-01-21,Sega,3.7,1200,1200, RPG,9700,439000,3400,1000,8659,PS4,Sega,0.0,0.0,0.16,0.0,0.16
Yakuza Kiwami,2016-01-21,Sega,3.7,1200,1200, RPG,9700,439000,3400,1000,9924,PS3,Sega,0.0,0.0,0.12,0.0,0.12
Yakuza Kiwami,2016-01-21, Ryū Ga Gotoku Studios,3.7,1200,1200, RPG,9700,439000,3400,1000,8659,PS4,Sega,0.0,0.0,0.16,0.0,0.16
Yakuza Kiwami,2016-01-21, Ryū Ga Gotoku Studios,3.7,1200,1200, RPG,9700,439000,3400,1000,9924,PS3,Sega,0.0,0.0,0.12,0.0,0.12
Phoenix Wright: Ace Attorney,2005-09-15,Nintendo Australia,4.1,1300,1300,Adventure,12000,418000,1900,1000,2084,DS,Capcom,0.49,0.07,0.39,0.05,0.99
Phoenix Wright: Ace Attorney,2005-09-15, Capcom,4.1,1300,1300,Adventure,12000,418000,1900,1000,2084,DS,Capcom,0.49,0.07,0.39,0.05,0.99
Phoenix Wright: Ace Attorney,2005-09-15,Nintendo Australia,4.1,1300,1300, Point-and-Click,12000,418000,1900,1000,2084,DS,Capcom,0.49,0.07,0.39,0.05,0.99
Phoenix Wright: Ace Attorney,2005-09-15, Capcom,4.1,1300,1300, Point-and-Click,12000,418000,1900,1000,2084,DS,Capcom,0.49,0.07,0.39,0.05,0.99
Phoenix Wright: Ace Attorney,2005-09-15,Nintendo Australia,4.1,1300,1300, Puzzle,12000,418000,1900,1000,2084,DS,Capcom,0.49,0.07,0.39,0.05,0.99
Phoenix Wright: Ace Attorney,2005-09-15, Capcom,4.1,1300,1300, Puzzle,12000,418000,1900,1000,2084,DS,Capcom,0.49,0.07,0.39,0.05,0.99
Phoenix Wright: Ace Attorney,2005-09-15,Nintendo Australia,4.1,1300,1300, Visual Novel,12000,418000,1900,1000,2084,DS,Capcom,0.49,0.07,0.39,0.05,0.99
Phoenix Wright: Ace Attorney,2005-09-15, Capcom,4.1,1300,1300, Visual Novel,12000,418000,1900,1000,2084,DS,Capcom,0.49,0.07,0.39,0.05,0.99
Life is Strange,2015-01-29,"""DONT NOD""",3.4,1400,1400,Adventure,15000,209000,2100,817000,5098,PS4,Square Enix,0.14,0.15,0.03,0.06,0.37
Life is Strange,2015-01-29,"""DONT NOD""",3.4,1400,1400,Adventure,15000,209000,2100,817000,10049,XOne,Square Enix,0.08,0.02,0.0,0.01,0.11
Life is Strange,2015-01-29,"""DONT NOD""",3.4,1400,1400,Adventure,15000,209000,2100,817000,13564,PC,Square Enix,0.01,0.03,0.0,0.0,0.04
Life is Strange,2015-01-29, Square Enix,3.4,1400,1400,Adventure,15000,209000,2100,817000,5098,PS4,Square Enix,0.14,0.15,0.03,0.06,0.37
Life is Strange,2015-01-29, Square Enix,3.4,1400,1400,Adventure,15000,209000,2100,817000,10049,XOne,Square Enix,0.08,0.02,0.0,0.01,0.11
Life is Strange,2015-01-29, Square Enix,3.4,1400,1400,Adventure,15000,209000,2100,817000,13564,PC,Square Enix,0.01,0.03,0.0,0.0,0.04
Life is Strange,2015-01-29,"""DONT NOD""",3.4,1400,1400, RPG,15000,209000,2100,817000,5098,PS4,Square Enix,0.14,0.15,0.03,0.06,0.37
Life is Strange,2015-01-29,"""DONT NOD""",3.4,1400,1400, RPG,15000,209000,2100,817000,10049,XOne,Square Enix,0.08,0.02,0.0,0.01,0.11
Life is Strange,2015-01-29,"""DONT NOD""",3.4,1400,1400, RPG,15000,209000,2100,817000,13564,PC,Square Enix,0.01,0.03,0.0,0.0,0.04
Life is Strange,2015-01-29, Square Enix,3.4,1400,1400, RPG,15000,209000,2100,817000,5098,PS4,Square Enix,0.14,0.15,0.03,0.06,0.37
Life is Strange,2015-01-29, Square Enix,3.4,1400,1400, RPG,15000,209000,2100,817000,10049,XOne,Square Enix,0.08,0.02,0.0,0.01,0.11
Life is Strange,2015-01-29, Square Enix,3.4,1400,1400, RPG,15000,209000,2100,817000,13564,PC,Square Enix,0.01,0.03,0.0,0.0,0.04
Shadow of the Colossus,2005-10-18,Sony Computer Entertainment,4.4,1500,1500,Adventure,10000,134000,2900,1700,1786,PS2,Sony Computer Entertainment,0.78,0.03,0.2,0.13,1.14
Shadow of the Colossus,2005-10-18,Sony Computer Entertainment,4.4,1500,1500,Adventure,10000,134000,2900,1700,13810,PS3,Sony Computer Entertainment,0.0,0.0,0.04,0.0,0.04
Shadow of the Colossus,2005-10-18, Inc. (SCEI),4.4,1500,1500,Adventure,10000,134000,2900,1700,1786,PS2,Sony Computer Entertainment,0.78,0.03,0.2,0.13,1.14
Shadow of the Colossus,2005-10-18, Inc. (SCEI),4.4,1500,1500,Adventure,10000,134000,2900,1700,13810,PS3,Sony Computer Entertainment,0.0,0.0,0.04,0.0,0.04
Shadow of the Colossus,2005-10-18, Team Ico,4.4,1500,1500,Adventure,10000,134000,2900,1700,1786,PS2,Sony Computer Entertainment,0.78,0.03,0.2,0.13,1.14
Shadow of the Colossus,2005-10-18, Team Ico,4.4,1500,1500,Adventure,10000,134000,2900,1700,13810,PS3,Sony Computer Entertainment,0.0,0.0,0.04,0.0,0.04
Shadow of the Colossus,2005-10-18,Sony Computer Entertainment,4.4,1500,1500, Platform,10000,134000,2900,1700,1786,PS2,Sony Computer Entertainment,0.78,0.03,0.2,0.13,1.14
Shadow of the Colossus,2005-10-18,Sony Computer Entertainment,4.4,1500,1500, Platform,10000,134000,2900,1700,13810,PS3,Sony Computer Entertainment,0.0,0.0,0.04,0.0,0.04
Shadow of the Colossus,2005-10-18, Inc. (SCEI),4.4,1500,1500, Platform,10000,134000,2900,1700,1786,PS2,Sony Computer Entertainment,0.78,0.03,0.2,0.13,1.14
Shadow of the Colossus,2005-10-18, Inc. (SCEI),4.4,1500,1500, Platform,10000,134000,2900,1700,13810,PS3,Sony Computer Entertainment,0.0,0.0,0.04,0.0,0.04
Shadow of the Colossus,2005-10-18, Team Ico,4.4,1500,1500, Platform,10000,134000,2900,1700,1786,PS2,Sony Computer Entertainment,0.78,0.03,0.2,0.13,1.14
Shadow of the Colossus,2005-10-18, Team Ico,4.4,1500,1500, Platform,10000,134000,2900,1700,13810,PS3,Sony Computer Entertainment,0.0,0.0,0.04,0.0,0.04
Shadow of the Colossus,2005-10-18,Sony Computer Entertainment,4.4,1500,1500, Puzzle,10000,134000,2900,1700,1786,PS2,Sony Computer Entertainment,0.78,0.03,0.2,0.13,1.14
Shadow of the Colossus,2005-10-18,Sony Computer Entertainment,4.4,1500,1500, Puzzle,10000,134000,2900,1700,13810,PS3,Sony Computer Entertainment,0.0,0.0,0.04,0.0,0.04
Shadow of the Colossus,2005-10-18, Inc. (SCEI),4.4,1500,1500, Puzzle,10000,134000,2900,1700,1786,PS2,Sony Computer Entertainment,0.78,0.03,0.2,0.13,1.14
Shadow of the Colossus,2005-10-18, Inc. (SCEI),4.4,1500,1500, Puzzle,10000,134000,2900,1700,13810,PS3,Sony Computer Entertainment,0.0,0.0,0.04,0.0,0.04
Shadow of the Colossus,2005-10-18, Team Ico,4.4,1500,1500, Puzzle,10000,134000,2900,1700,1786,PS2,Sony Computer Entertainment,0.78,0.03,0.2,0.13,1.14
Shadow of the Colossus,2005-10-18, Team Ico,4.4,1500,1500, Puzzle,10000,134000,2900,1700,13810,PS3,Sony Computer Entertainment,0.0,0.0,0.04,0.0,0.04
Super Mario Bros. 3,1988-10-23,Nintendo R&D4,4.0,1600,1600,Platform,14000,109000,1400,362000,23,NES,Nintendo,9.54,3.44,3.84,0.46,17.28
Super Mario Bros. 3,1988-10-23,Nintendo R&D4,4.0,1600,1600,Platform,14000,109000,1400,362000,183,GBA,Nintendo,2.93,1.25,0.83,0.2,5.2
Super Mario Bros. 3,1988-10-23, Nintendo,4.0,1600,1600,Platform,14000,109000,1400,362000,23,NES,Nintendo,9.54,3.44,3.84,0.46,17.28
Super Mario Bros. 3,1988-10-23, Nintendo,4.0,1600,1600,Platform,14000,109000,1400,362000,183,GBA,Nintendo,2.93,1.25,0.83,0.2,5.2
Dishonored,2012-10-09,Arkane Studios,3.9,1100,1100,Adventure,14000,268000,3100,866000,1033,X360,Bethesda Softworks,1.06,0.52,0.01,0.14,1.73
Dishonored,2012-10-09,Arkane Studios,3.9,1100,1100,Adventure,14000,268000,3100,866000,1197,PS3,Bethesda Softworks,0.72,0.54,0.04,0.25,1.55
Dishonored,2012-10-09,Arkane Studios,3.9,1100,1100,Adventure,14000,268000,3100,866000,3938,PC,Bethesda Softworks,0.26,0.19,0.0,0.06,0.51
Dishonored,2012-10-09,Arkane Studios,3.9,1100,1100,Adventure,14000,268000,3100,866000,5141,PS4,Bethesda Softworks,0.11,0.18,0.02,0.06,0.37
Dishonored,2012-10-09,Arkane Studios,3.9,1100,1100,Adventure,14000,268000,3100,866000,9034,XOne,Bethesda Softworks,0.08,0.05,0.0,0.01,0.14
Dishonored,2012-10-09, Bethesda Softworks,3.9,1100,1100,Adventure,14000,268000,3100,866000,1033,X360,Bethesda Softworks,1.06,0.52,0.01,0.14,1.73
Dishonored,2012-10-09, Bethesda Softworks,3.9,1100,1100,Adventure,14000,268000,3100,866000,1197,PS3,Bethesda Softworks,0.72,0.54,0.04,0.25,1.55
Dishonored,2012-10-09, Bethesda Softworks,3.9,1100,1100,Adventure,14000,268000,3100,866000,3938,PC,Bethesda Softworks,0.26,0.19,0.0,0.06,0.51
Dishonored,2012-10-09, Bethesda Softworks,3.9,1100,1100,Adventure,14000,268000,3100,866000,5141,PS4,Bethesda Softworks,0.11,0.18,0.02,0.06,0.37
Dishonored,2012-10-09, Bethesda Softworks,3.9,1100,1100,Adventure,14000,268000,3100,866000,9034,XOne,Bethesda Softworks,0.08,0.05,0.0,0.01,0.14
Dishonored,2012-10-09,Arkane Studios,3.9,1100,1100, RPG,14000,268000,3100,866000,1033,X360,Bethesda Softworks,1.06,0.52,0.01,0.14,1.73
Dishonored,2012-10-09,Arkane Studios,3.9,1100,1100, RPG,14000,268000,3100,866000,1197,PS3,Bethesda Softworks,0.72,0.54,0.04,0.25,1.55
Dishonored,2012-10-09,Arkane Studios,3.9,1100,1100, RPG,14000,268000,3100,866000,3938,PC,Bethesda Softworks,0.26,0.19,0.0,0.06,0.51
Dishonored,2012-10-09,Arkane Studios,3.9,1100,1100, RPG,14000,268000,3100,866000,5141,PS4,Bethesda Softworks,0.11,0.18,0.02,0.06,0.37
Dishonored,2012-10-09,Arkane Studios,3.9,1100,1100, RPG,14000,268000,3100,866000,9034,XOne,Bethesda Softworks,0.08,0.05,0.0,0.01,0.14
Dishonored,2012-10-09, Bethesda Softworks,3.9,1100,1100, RPG,14000,268000,3100,866000,1033,X360,Bethesda Softworks,1.06,0.52,0.01,0.14,1.73
Dishonored,2012-10-09, Bethesda Softworks,3.9,1100,1100, RPG,14000,268000,3100,866000,1197,PS3,Bethesda Softworks,0.72,0.54,0.04,0.25,1.55
Dishonored,2012-10-09, Bethesda Softworks,3.9,1100,1100, RPG,14000,268000,3100,866000,3938,PC,Bethesda Softworks,0.26,0.19,0.0,0.06,0.51
Dishonored,2012-10-09, Bethesda Softworks,3.9,1100,1100, RPG,14000,268000,3100,866000,5141,PS4,Bethesda Softworks,0.11,0.18,0.02,0.06,0.37
Dishonored,2012-10-09, Bethesda Softworks,3.9,1100,1100, RPG,14000,268000,3100,866000,9034,XOne,Bethesda Softworks,0.08,0.05,0.0,0.01,0.14
Metal Gear Solid 3: Snake Eater,2004-11-17,Konami Computer Entertainment Japan,4.5,1500,1500,Adventure,9200,118000,2400,1300,266,PS2,Konami Digital Entertainment,1.46,0.0,0.83,1.93,4.23
Metal Gear Solid 3: Snake Eater,2004-11-17, Konami,4.5,1500,1500,Adventure,9200,118000,2400,1300,266,PS2,Konami Digital Entertainment,1.46,0.0,0.83,1.93,4.23
Metal Gear Solid 3: Snake Eater,2004-11-17,Konami Computer Entertainment Japan,4.5,1500,1500, Shooter,9200,118000,2400,1300,266,PS2,Konami Digital Entertainment,1.46,0.0,0.83,1.93,4.23
Metal Gear Solid 3: Snake Eater,2004-11-17, Konami,4.5,1500,1500, Shooter,9200,118000,2400,1300,266,PS2,Konami Digital Entertainment,1.46,0.0,0.83,1.93,4.23
Metal Gear Solid 3: Snake Eater,2004-11-17,Konami Computer Entertainment Japan,4.5,1500,1500, Tactical,9200,118000,2400,1300,266,PS2,Konami Digital Entertainment,1.46,0.0,0.83,1.93,4.23
Metal Gear Solid 3: Snake Eater,2004-11-17, Konami,4.5,1500,1500, Tactical,9200,118000,2400,1300,266,PS2,Konami Digital Entertainment,1.46,0.0,0.83,1.93,4.23
Journey,2012-03-13,Sony Computer Entertainment,3.9,1500,1500,Adventure,12000,94000,2700,1700,6619,PS3,Sony Computer Entertainment Europe,0.04,0.15,0.0,0.06,0.25
Journey,2012-03-13, ThatGameCompany,3.9,1500,1500,Adventure,12000,94000,2700,1700,6619,PS3,Sony Computer Entertainment Europe,0.04,0.15,0.0,0.06,0.25
Journey,2012-03-13,Sony Computer Entertainment,3.9,1500,1500, Platform,12000,94000,2700,1700,6619,PS3,Sony Computer Entertainment Europe,0.04,0.15,0.0,0.06,0.25
Journey,2012-03-13, ThatGameCompany,3.9,1500,1500, Platform,12000,94000,2700,1700,6619,PS3,Sony Computer Entertainment Europe,0.04,0.15,0.0,0.06,0.25
Kingdom Hearts,2002-03-28,Square,3.6,1300,1300,Adventure,12000,266000,2100,1000,132,PS2,Sony Computer Entertainment,3.64,1.2,1.49,0.07,6.4
Kingdom Hearts,2002-03-28,Square,3.6,1300,1300,Adventure,12000,266000,2100,1000,1006,PS3,Square Enix,0.9,0.37,0.25,0.24,1.75
Kingdom Hearts,2002-03-28, Disney Interactive Studios,3.6,1300,1300,Adventure,12000,266000,2100,1000,132,PS2,Sony Computer Entertainment,3.64,1.2,1.49,0.07,6.4
Kingdom Hearts,2002-03-28, Disney Interactive Studios,3.6,1300,1300,Adventure,12000,266000,2100,1000,1006,PS3,Square Enix,0.9,0.37,0.25,0.24,1.75
Kingdom Hearts,2002-03-28,Square,3.6,1300,1300, RPG,12000,266000,2100,1000,132,PS2,Sony Computer Entertainment,3.64,1.2,1.49,0.07,6.4
Kingdom Hearts,2002-03-28,Square,3.6,1300,1300, RPG,12000,266000,2100,1000,1006,PS3,Square Enix,0.9,0.37,0.25,0.24,1.75
Kingdom Hearts,2002-03-28, Disney Interactive Studios,3.6,1300,1300, RPG,12000,266000,2100,1000,132,PS2,Sony Computer Entertainment,3.64,1.2,1.49,0.07,6.4
Kingdom Hearts,2002-03-28, Disney Interactive Studios,3.6,1300,1300, RPG,12000,266000,2100,1000,1006,PS3,Square Enix,0.9,0.37,0.25,0.24,1.75
Doom,1993-12-10,Activision,4.0,1400,1400,Shooter,11000,203000,1500,514000,2636,PS,Infogrames,0.43,0.3,0.0,0.05,0.78
Doom,1993-12-10,Activision,4.0,1400,1400,Shooter,11000,203000,1500,514000,9087,GBA,Activision,0.1,0.04,0.0,0.0,0.14
Doom,1993-12-10,Activision,4.0,1400,1400,Shooter,11000,203000,1500,514000,14602,PC,id Software,0.02,0.0,0.0,0.0,0.03
Doom,1993-12-10, id Software,4.0,1400,1400,Shooter,11000,203000,1500,514000,2636,PS,Infogrames,0.43,0.3,0.0,0.05,0.78
Doom,1993-12-10, id Software,4.0,1400,1400,Shooter,11000,203000,1500,514000,9087,GBA,Activision,0.1,0.04,0.0,0.0,0.14
Doom,1993-12-10, id Software,4.0,1400,1400,Shooter,11000,203000,1500,514000,14602,PC,id Software,0.02,0.0,0.0,0.0,0.03
Live A Live,2022-07-22,Square Enix,4.1,555000,555000,RPG,1100,235000,1700,1900,5674,SNES,SquareSoft,0.0,0.0,0.32,0.0,0.32
Sonic the Hedgehog,1991-06-23,Sonic Team,3.1,1100,1100,Platform,12000,60000,804000,243000,255,GEN,Sega,3.03,0.91,0.26,0.13,4.34
Sonic the Hedgehog,1991-06-23,Sonic Team,3.1,1100,1100,Platform,12000,60000,804000,243000,1717,PS3,Sega,0.41,0.07,0.04,0.66,1.18
Sonic the Hedgehog,1991-06-23,Sonic Team,3.1,1100,1100,Platform,12000,60000,804000,243000,1985,X360,Sega,0.44,0.49,0.0,0.11,1.05
Sonic the Hedgehog,1991-06-23, Sega,3.1,1100,1100,Platform,12000,60000,804000,243000,255,GEN,Sega,3.03,0.91,0.26,0.13,4.34
Sonic the Hedgehog,1991-06-23, Sega,3.1,1100,1100,Platform,12000,60000,804000,243000,1717,PS3,Sega,0.41,0.07,0.04,0.66,1.18
Sonic the Hedgehog,1991-06-23, Sega,3.1,1100,1100,Platform,12000,60000,804000,243000,1985,X360,Sega,0.44,0.49,0.0,0.11,1.05
Rocket League,2015-07-06,Psyonix,3.4,917000,917000,Indie,17000,564000,698000,113000,7074,PS4,505 Games,0.02,0.14,0.0,0.07,0.23
Rocket League,2015-07-06,Psyonix,3.4,917000,917000,Indie,17000,564000,698000,113000,9713,XOne,505 Games,0.03,0.09,0.0,0.01,0.12
Rocket League,2015-07-06,Psyonix,3.4,917000,917000,Indie,17000,564000,698000,113000,15153,PC,505 Games,0.01,0.01,0.0,0.0,0.02
Rocket League,2015-07-06,Psyonix,3.4,917000,917000, Racing,17000,564000,698000,113000,7074,PS4,505 Games,0.02,0.14,0.0,0.07,0.23
Rocket League,2015-07-06,Psyonix,3.4,917000,917000, Racing,17000,564000,698000,113000,9713,XOne,505 Games,0.03,0.09,0.0,0.01,0.12
Rocket League,2015-07-06,Psyonix,3.4,917000,917000, Racing,17000,564000,698000,113000,15153,PC,505 Games,0.01,0.01,0.0,0.0,0.02
Rocket League,2015-07-06,Psyonix,3.4,917000,917000, Sport,17000,564000,698000,113000,7074,PS4,505 Games,0.02,0.14,0.0,0.07,0.23
Rocket League,2015-07-06,Psyonix,3.4,917000,917000, Sport,17000,564000,698000,113000,9713,XOne,505 Games,0.03,0.09,0.0,0.01,0.12
Rocket League,2015-07-06,Psyonix,3.4,917000,917000, Sport,17000,564000,698000,113000,15153,PC,505 Games,0.01,0.01,0.0,0.0,0.02
Batman: Arkham Knight,2015-06-23,Rocksteady Studios,3.7,1200,1200,Adventure,13000,279000,3400,757000,323,PS4,Warner Bros. Interactive Entertainment,1.49,1.58,0.1,0.61,3.79
Batman: Arkham Knight,2015-06-23,Rocksteady Studios,3.7,1200,1200,Adventure,13000,279000,3400,757000,1319,XOne,Warner Bros. Interactive Entertainment,0.86,0.46,0.0,0.13,1.45
Batman: Arkham Knight,2015-06-23,Rocksteady Studios,3.7,1200,1200,Adventure,13000,279000,3400,757000,9571,PC,Warner Bros. Interactive Entertainment,0.08,0.03,0.0,0.01,0.13
Batman: Arkham Knight,2015-06-23, Warner Bros. Interactive Entertainment,3.7,1200,1200,Adventure,13000,279000,3400,757000,323,PS4,Warner Bros. Interactive Entertainment,1.49,1.58,0.1,0.61,3.79
Batman: Arkham Knight,2015-06-23, Warner Bros. Interactive Entertainment,3.7,1200,1200,Adventure,13000,279000,3400,757000,1319,XOne,Warner Bros. Interactive Entertainment,0.86,0.46,0.0,0.13,1.45
Batman: Arkham Knight,2015-06-23, Warner Bros. Interactive Entertainment,3.7,1200,1200,Adventure,13000,279000,3400,757000,9571,PC,Warner Bros. Interactive Entertainment,0.08,0.03,0.0,0.01,0.13
Batman: Arkham Knight,2015-06-23,Rocksteady Studios,3.7,1200,1200, Brawler,13000,279000,3400,757000,323,PS4,Warner Bros. Interactive Entertainment,1.49,1.58,0.1,0.61,3.79
Batman: Arkham Knight,2015-06-23,Rocksteady Studios,3.7,1200,1200, Brawler,13000,279000,3400,757000,1319,XOne,Warner Bros. Interactive Entertainment,0.86,0.46,0.0,0.13,1.45
Batman: Arkham Knight,2015-06-23,Rocksteady Studios,3.7,1200,1200, Brawler,13000,279000,3400,757000,9571,PC,Warner Bros. Interactive Entertainment,0.08,0.03,0.0,0.01,0.13
Batman: Arkham Knight,2015-06-23, Warner Bros. Interactive Entertainment,3.7,1200,1200, Brawler,13000,279000,3400,757000,323,PS4,Warner Bros. Interactive Entertainment,1.49,1.58,0.1,0.61,3.79
Batman: Arkham Knight,2015-06-23, Warner Bros. Interactive Entertainment,3.7,1200,1200, Brawler,13000,279000,3400,757000,1319,XOne,Warner Bros. Interactive Entertainment,0.86,0.46,0.0,0.13,1.45
Batman: Arkham Knight,2015-06-23, Warner Bros. Interactive Entertainment,3.7,1200,1200, Brawler,13000,279000,3400,757000,9571,PC,Warner Bros. Interactive Entertainment,0.08,0.03,0.0,0.01,0.13
Wii Sports,2006-11-19,Nintendo,3.7,775000,775000,Simulator,18000,39000,320000,93000,1,Wii,Nintendo,41.49,29.02,3.77,8.46,82.74
Wii Sports,2006-11-19, Nintendo EAD Group No. 2,3.7,775000,775000,Simulator,18000,39000,320000,93000,1,Wii,Nintendo,41.49,29.02,3.77,8.46,82.74
Wii Sports,2006-11-19,Nintendo,3.7,775000,775000, Sport,18000,39000,320000,93000,1,Wii,Nintendo,41.49,29.02,3.77,8.46,82.74
Wii Sports,2006-11-19, Nintendo EAD Group No. 2,3.7,775000,775000, Sport,18000,39000,320000,93000,1,Wii,Nintendo,41.49,29.02,3.77,8.46,82.74
Mario Kart Wii,2008-04-10,Nintendo,3.9,1000,1000,Racing,19000,88000,461000,168000,3,Wii,Nintendo,15.85,12.88,3.79,3.31,35.82
Mario Kart Wii,2008-04-10, Nintendo EAD,3.9,1000,1000,Racing,19000,88000,461000,168000,3,Wii,Nintendo,15.85,12.88,3.79,3.31,35.82
Red Dead Redemption,2010-05-18,Rockstar Games,4.2,1500,1500,Adventure,13000,218000,2400,1600,124,PS3,Take-Two Interactive,2.79,2.61,0.17,1.03,6.6
Red Dead Redemption,2010-05-18,Rockstar Games,4.2,1500,1500,Adventure,13000,218000,2400,1600,135,X360,Take-Two Interactive,3.7,1.97,0.09,0.57,6.34
Red Dead Redemption,2010-05-18, Rockstar North,4.2,1500,1500,Adventure,13000,218000,2400,1600,124,PS3,Take-Two Interactive,2.79,2.61,0.17,1.03,6.6
Red Dead Redemption,2010-05-18, Rockstar North,4.2,1500,1500,Adventure,13000,218000,2400,1600,135,X360,Take-Two Interactive,3.7,1.97,0.09,0.57,6.34
Red Dead Redemption,2010-05-18,Rockstar Games,4.2,1500,1500, RPG,13000,218000,2400,1600,124,PS3,Take-Two Interactive,2.79,2.61,0.17,1.03,6.6
Red Dead Redemption,2010-05-18,Rockstar Games,4.2,1500,1500, RPG,13000,218000,2400,1600,135,X360,Take-Two Interactive,3.7,1.97,0.09,0.57,6.34
Red Dead Redemption,2010-05-18, Rockstar North,4.2,1500,1500, RPG,13000,218000,2400,1600,124,PS3,Take-Two Interactive,2.79,2.61,0.17,1.03,6.6
Red Dead Redemption,2010-05-18, Rockstar North,4.2,1500,1500, RPG,13000,218000,2400,1600,135,X360,Take-Two Interactive,3.7,1.97,0.09,0.57,6.34
Red Dead Redemption,2010-05-18,Rockstar Games,4.2,1500,1500, Shooter,13000,218000,2400,1600,124,PS3,Take-Two Interactive,2.79,2.61,0.17,1.03,6.6
Red Dead Redemption,2010-05-18,Rockstar Games,4.2,1500,1500, Shooter,13000,218000,2400,1600,135,X360,Take-Two Interactive,3.7,1.97,0.09,0.57,6.34
Red Dead Redemption,2010-05-18, Rockstar North,4.2,1500,1500, Shooter,13000,218000,2400,1600,124,PS3,Take-Two Interactive,2.79,2.61,0.17,1.03,6.6
Red Dead Redemption,2010-05-18, Rockstar North,4.2,1500,1500, Shooter,13000,218000,2400,1600,135,X360,Take-Two Interactive,3.7,1.97,0.09,0.57,6.34
Dead Space,2023-01-27,Motive Studios,4.3,501000,501000,Adventure,1300,248000,985000,1900,842,PS3,Electronic Arts,1.05,0.67,0.0,0.3,2.02
Dead Space,2023-01-27,Motive Studios,4.3,501000,501000,Adventure,1300,248000,985000,1900,1364,X360,Electronic Arts,0.89,0.4,0.0,0.13,1.42
Dead Space,2023-01-27,Motive Studios,4.3,501000,501000,Adventure,1300,248000,985000,1900,3384,PC,Electronic Arts,0.0,0.53,0.0,0.06,0.59
Dead Space,2023-01-27, Electronic Arts,4.3,501000,501000,Adventure,1300,248000,985000,1900,842,PS3,Electronic Arts,1.05,0.67,0.0,0.3,2.02
Dead Space,2023-01-27, Electronic Arts,4.3,501000,501000,Adventure,1300,248000,985000,1900,1364,X360,Electronic Arts,0.89,0.4,0.0,0.13,1.42
Dead Space,2023-01-27, Electronic Arts,4.3,501000,501000,Adventure,1300,248000,985000,1900,3384,PC,Electronic Arts,0.0,0.53,0.0,0.06,0.59
Dead Space,2023-01-27,Motive Studios,4.3,501000,501000, RPG,1300,248000,985000,1900,842,PS3,Electronic Arts,1.05,0.67,0.0,0.3,2.02
Dead Space,2023-01-27,Motive Studios,4.3,501000,501000, RPG,1300,248000,985000,1900,1364,X360,Electronic Arts,0.89,0.4,0.0,0.13,1.42
Dead Space,2023-01-27,Motive Studios,4.3,501000,501000, RPG,1300,248000,985000,1900,3384,PC,Electronic Arts,0.0,0.53,0.0,0.06,0.59
Dead Space,2023-01-27, Electronic Arts,4.3,501000,501000, RPG,1300,248000,985000,1900,842,PS3,Electronic Arts,1.05,0.67,0.0,0.3,2.02
Dead Space,2023-01-27, Electronic Arts,4.3,501000,501000, RPG,1300,248000,985000,1900,1364,X360,Electronic Arts,0.89,0.4,0.0,0.13,1.42
Dead Space,2023-01-27, Electronic Arts,4.3,501000,501000, RPG,1300,248000,985000,1900,3384,PC,Electronic Arts,0.0,0.53,0.0,0.06,0.59
Dead Space,2023-01-27,Motive Studios,4.3,501000,501000, Shooter,1300,248000,985000,1900,842,PS3,Electronic Arts,1.05,0.67,0.0,0.3,2.02
Dead Space,2023-01-27,Motive Studios,4.3,501000,501000, Shooter,1300,248000,985000,1900,1364,X360,Electronic Arts,0.89,0.4,0.0,0.13,1.42
Dead Space,2023-01-27,Motive Studios,4.3,501000,501000, Shooter,1300,248000,985000,1900,3384,PC,Electronic Arts,0.0,0.53,0.0,0.06,0.59
Dead Space,2023-01-27, Electronic Arts,4.3,501000,501000, Shooter,1300,248000,985000,1900,842,PS3,Electronic Arts,1.05,0.67,0.0,0.3,2.02
Dead Space,2023-01-27, Electronic Arts,4.3,501000,501000, Shooter,1300,248000,985000,1900,1364,X360,Electronic Arts,0.89,0.4,0.0,0.13,1.42
Dead Space,2023-01-27, Electronic Arts,4.3,501000,501000, Shooter,1300,248000,985000,1900,3384,PC,Electronic Arts,0.0,0.53,0.0,0.06,0.59
Tomb Raider,2013-03-04,Square Enix,3.5,896000,896000,Adventure,15000,175000,2700,508000,230,PS,Eidos Interactive,2.29,1.97,0.13,0.24,4.63
Tomb Raider,2013-03-04,Square Enix,3.5,896000,896000,Adventure,15000,175000,2700,508000,2024,PC,Eidos Interactive,0.96,0.07,0.0,0.0,1.03
Tomb Raider,2013-03-04, Crystal Dynamics,3.5,896000,896000,Adventure,15000,175000,2700,508000,230,PS,Eidos Interactive,2.29,1.97,0.13,0.24,4.63
Tomb Raider,2013-03-04, Crystal Dynamics,3.5,896000,896000,Adventure,15000,175000,2700,508000,2024,PC,Eidos Interactive,0.96,0.07,0.0,0.0,1.03
Tomb Raider,2013-03-04,Square Enix,3.5,896000,896000, Platform,15000,175000,2700,508000,230,PS,Eidos Interactive,2.29,1.97,0.13,0.24,4.63
Tomb Raider,2013-03-04,Square Enix,3.5,896000,896000, Platform,15000,175000,2700,508000,2024,PC,Eidos Interactive,0.96,0.07,0.0,0.0,1.03
Tomb Raider,2013-03-04, Crystal Dynamics,3.5,896000,896000, Platform,15000,175000,2700,508000,230,PS,Eidos Interactive,2.29,1.97,0.13,0.24,4.63
Tomb Raider,2013-03-04, Crystal Dynamics,3.5,896000,896000, Platform,15000,175000,2700,508000,2024,PC,Eidos Interactive,0.96,0.07,0.0,0.0,1.03
Tomb Raider,2013-03-04,Square Enix,3.5,896000,896000, Puzzle,15000,175000,2700,508000,230,PS,Eidos Interactive,2.29,1.97,0.13,0.24,4.63
Tomb Raider,2013-03-04,Square Enix,3.5,896000,896000, Puzzle,15000,175000,2700,508000,2024,PC,Eidos Interactive,0.96,0.07,0.0,0.0,1.03
Tomb Raider,2013-03-04, Crystal Dynamics,3.5,896000,896000, Puzzle,15000,175000,2700,508000,230,PS,Eidos Interactive,2.29,1.97,0.13,0.24,4.63
Tomb Raider,2013-03-04, Crystal Dynamics,3.5,896000,896000, Puzzle,15000,175000,2700,508000,2024,PC,Eidos Interactive,0.96,0.07,0.0,0.0,1.03
Tomb Raider,2013-03-04,Square Enix,3.5,896000,896000, Shooter,15000,175000,2700,508000,230,PS,Eidos Interactive,2.29,1.97,0.13,0.24,4.63
Tomb Raider,2013-03-04,Square Enix,3.5,896000,896000, Shooter,15000,175000,2700,508000,2024,PC,Eidos Interactive,0.96,0.07,0.0,0.0,1.03
Tomb Raider,2013-03-04, Crystal Dynamics,3.5,896000,896000, Shooter,15000,175000,2700,508000,230,PS,Eidos Interactive,2.29,1.97,0.13,0.24,4.63
Tomb Raider,2013-03-04, Crystal Dynamics,3.5,896000,896000, Shooter,15000,175000,2700,508000,2024,PC,Eidos Interactive,0.96,0.07,0.0,0.0,1.03
Super Mario Galaxy 2,2010-05-23,Nintendo EAD,4.3,1800,1800,Adventure,13000,123000,2500,1300,92,Wii,Nintendo,3.66,2.42,0.98,0.64,7.69
Super Mario Galaxy 2,2010-05-23, Nintendo,4.3,1800,1800,Adventure,13000,123000,2500,1300,92,Wii,Nintendo,3.66,2.42,0.98,0.64,7.69
Super Mario Galaxy 2,2010-05-23,Nintendo EAD,4.3,1800,1800, Platform,13000,123000,2500,1300,92,Wii,Nintendo,3.66,2.42,0.98,0.64,7.69
Super Mario Galaxy 2,2010-05-23, Nintendo,4.3,1800,1800, Platform,13000,123000,2500,1300,92,Wii,Nintendo,3.66,2.42,0.98,0.64,7.69
Donkey Kong Country,1994-11-18,Rare,3.9,1300,1300,Adventure,11000,186000,1900,514000,72,SNES,Nintendo,4.36,1.71,3.0,0.23,9.3
Donkey Kong Country,1994-11-18,Rare,3.9,1300,1300,Adventure,11000,186000,1900,514000,746,GB,Nintendo,1.04,0.72,0.3,0.13,2.19
Donkey Kong Country,1994-11-18,Rare,3.9,1300,1300,Adventure,11000,186000,1900,514000,836,GBA,Nintendo,1.2,0.48,0.29,0.07,2.04
Donkey Kong Country,1994-11-18,Rare,3.9,1300,1300, Platform,11000,186000,1900,514000,72,SNES,Nintendo,4.36,1.71,3.0,0.23,9.3
Donkey Kong Country,1994-11-18,Rare,3.9,1300,1300, Platform,11000,186000,1900,514000,746,GB,Nintendo,1.04,0.72,0.3,0.13,2.19
Donkey Kong Country,1994-11-18,Rare,3.9,1300,1300, Platform,11000,186000,1900,514000,836,GBA,Nintendo,1.2,0.48,0.29,0.07,2.04
Assassin's Creed II,2009-11-17,Ubisoft Montreal,3.8,1300,1300,Adventure,16000,140000,1500,521000,157,PS3,Ubisoft,2.54,1.95,0.21,0.87,5.57
Assassin's Creed II,2009-11-17,Ubisoft Montreal,3.8,1300,1300,Adventure,16000,140000,1500,521000,177,X360,Ubisoft,3.1,1.56,0.08,0.51,5.27
Assassin's Creed II,2009-11-17,Ubisoft Montreal,3.8,1300,1300,Adventure,16000,140000,1500,521000,3528,PC,Ubisoft,0.01,0.45,0.0,0.11,0.57
Assassin's Creed II,2009-11-17, Ubisoft Entertainment,3.8,1300,1300,Adventure,16000,140000,1500,521000,157,PS3,Ubisoft,2.54,1.95,0.21,0.87,5.57
Assassin's Creed II,2009-11-17, Ubisoft Entertainment,3.8,1300,1300,Adventure,16000,140000,1500,521000,177,X360,Ubisoft,3.1,1.56,0.08,0.51,5.27
Assassin's Creed II,2009-11-17, Ubisoft Entertainment,3.8,1300,1300,Adventure,16000,140000,1500,521000,3528,PC,Ubisoft,0.01,0.45,0.0,0.11,0.57
Assassin's Creed II,2009-11-17,Ubisoft Montreal,3.8,1300,1300, Platform,16000,140000,1500,521000,157,PS3,Ubisoft,2.54,1.95,0.21,0.87,5.57
Assassin's Creed II,2009-11-17,Ubisoft Montreal,3.8,1300,1300, Platform,16000,140000,1500,521000,177,X360,Ubisoft,3.1,1.56,0.08,0.51,5.27
Assassin's Creed II,2009-11-17,Ubisoft Montreal,3.8,1300,1300, Platform,16000,140000,1500,521000,3528,PC,Ubisoft,0.01,0.45,0.0,0.11,0.57
Assassin's Creed II,2009-11-17, Ubisoft Entertainment,3.8,1300,1300, Platform,16000,140000,1500,521000,157,PS3,Ubisoft,2.54,1.95,0.21,0.87,5.57
Assassin's Creed II,2009-11-17, Ubisoft Entertainment,3.8,1300,1300, Platform,16000,140000,1500,521000,177,X360,Ubisoft,3.1,1.56,0.08,0.51,5.27
Assassin's Creed II,2009-11-17, Ubisoft Entertainment,3.8,1300,1300, Platform,16000,140000,1500,521000,3528,PC,Ubisoft,0.01,0.45,0.0,0.11,0.57
Dead Space,2008-10-14,EA Redwood Shores,4.0,1200,1200,Shooter,9600,302000,2700,1100,842,PS3,Electronic Arts,1.05,0.67,0.0,0.3,2.02
Dead Space,2008-10-14,EA Redwood Shores,4.0,1200,1200,Shooter,9600,302000,2700,1100,1364,X360,Electronic Arts,0.89,0.4,0.0,0.13,1.42
Dead Space,2008-10-14,EA Redwood Shores,4.0,1200,1200,Shooter,9600,302000,2700,1100,3384,PC,Electronic Arts,0.0,0.53,0.0,0.06,0.59
Dead Space,2008-10-14, Electronic Arts,4.0,1200,1200,Shooter,9600,302000,2700,1100,842,PS3,Electronic Arts,1.05,0.67,0.0,0.3,2.02
Dead Space,2008-10-14, Electronic Arts,4.0,1200,1200,Shooter,9600,302000,2700,1100,1364,X360,Electronic Arts,0.89,0.4,0.0,0.13,1.42
Dead Space,2008-10-14, Electronic Arts,4.0,1200,1200,Shooter,9600,302000,2700,1100,3384,PC,Electronic Arts,0.0,0.53,0.0,0.06,0.59
New Super Mario Bros.,2006-05-15,Nintendo,3.5,991000,991000,Adventure,16000,108000,824000,287000,7,DS,Nintendo,11.38,9.23,6.5,2.9,30.01
New Super Mario Bros.,2006-05-15,Nintendo,3.5,991000,991000, Platform,16000,108000,824000,287000,7,DS,Nintendo,11.38,9.23,6.5,2.9,30.01
Shadow of the Colossus,2018-02-06,Sony Interactive Entertainment,4.1,1100,1100,Adventure,7800,242000,3200,1600,1786,PS2,Sony Computer Entertainment,0.78,0.03,0.2,0.13,1.14
Shadow of the Colossus,2018-02-06,Sony Interactive Entertainment,4.1,1100,1100,Adventure,7800,242000,3200,1600,13810,PS3,Sony Computer Entertainment,0.0,0.0,0.04,0.0,0.04
Shadow of the Colossus,2018-02-06, Bluepoint Games,4.1,1100,1100,Adventure,7800,242000,3200,1600,1786,PS2,Sony Computer Entertainment,0.78,0.03,0.2,0.13,1.14
Shadow of the Colossus,2018-02-06, Bluepoint Games,4.1,1100,1100,Adventure,7800,242000,3200,1600,13810,PS3,Sony Computer Entertainment,0.0,0.0,0.04,0.0,0.04
Shadow of the Colossus,2018-02-06,Sony Interactive Entertainment,4.1,1100,1100, Platform,7800,242000,3200,1600,1786,PS2,Sony Computer Entertainment,0.78,0.03,0.2,0.13,1.14
Shadow of the Colossus,2018-02-06,Sony Interactive Entertainment,4.1,1100,1100, Platform,7800,242000,3200,1600,13810,PS3,Sony Computer Entertainment,0.0,0.0,0.04,0.0,0.04
Shadow of the Colossus,2018-02-06, Bluepoint Games,4.1,1100,1100, Platform,7800,242000,3200,1600,1786,PS2,Sony Computer Entertainment,0.78,0.03,0.2,0.13,1.14
Shadow of the Colossus,2018-02-06, Bluepoint Games,4.1,1100,1100, Platform,7800,242000,3200,1600,13810,PS3,Sony Computer Entertainment,0.0,0.0,0.04,0.0,0.04
Shadow of the Colossus,2018-02-06,Sony Interactive Entertainment,4.1,1100,1100, Puzzle,7800,242000,3200,1600,1786,PS2,Sony Computer Entertainment,0.78,0.03,0.2,0.13,1.14
Shadow of the Colossus,2018-02-06,Sony Interactive Entertainment,4.1,1100,1100, Puzzle,7800,242000,3200,1600,13810,PS3,Sony Computer Entertainment,0.0,0.0,0.04,0.0,0.04
Shadow of the Colossus,2018-02-06, Bluepoint Games,4.1,1100,1100, Puzzle,7800,242000,3200,1600,1786,PS2,Sony Computer Entertainment,0.78,0.03,0.2,0.13,1.14
Shadow of the Colossus,2018-02-06, Bluepoint Games,4.1,1100,1100, Puzzle,7800,242000,3200,1600,13810,PS3,Sony Computer Entertainment,0.0,0.0,0.04,0.0,0.04
God of War,2005-03-22,SCE Santa Monica Studio,3.6,981000,981000,Adventure,11000,158000,1500,896000,246,PS2,Sony Computer Entertainment,2.71,1.29,0.02,0.43,4.45
God of War,2005-03-22, Sony Computer Entertainment,3.6,981000,981000,Adventure,11000,158000,1500,896000,246,PS2,Sony Computer Entertainment,2.71,1.29,0.02,0.43,4.45
God of War,2005-03-22,SCE Santa Monica Studio,3.6,981000,981000, Brawler,11000,158000,1500,896000,246,PS2,Sony Computer Entertainment,2.71,1.29,0.02,0.43,4.45
God of War,2005-03-22, Sony Computer Entertainment,3.6,981000,981000, Brawler,11000,158000,1500,896000,246,PS2,Sony Computer Entertainment,2.71,1.29,0.02,0.43,4.45
God of War,2005-03-22,SCE Santa Monica Studio,3.6,981000,981000, Strategy,11000,158000,1500,896000,246,PS2,Sony Computer Entertainment,2.71,1.29,0.02,0.43,4.45
God of War,2005-03-22, Sony Computer Entertainment,3.6,981000,981000, Strategy,11000,158000,1500,896000,246,PS2,Sony Computer Entertainment,2.71,1.29,0.02,0.43,4.45
Killer7,2005-06-09,Capcom,4.3,1200,1200,Adventure,2800,237000,2500,1300,8820,GC,Capcom,0.12,0.03,0.0,0.0,0.15
Killer7,2005-06-09,Capcom,4.3,1200,1200,Adventure,2800,237000,2500,1300,11240,PS2,Capcom,0.04,0.03,0.0,0.01,0.09
Killer7,2005-06-09, Grasshopper Manufacture,4.3,1200,1200,Adventure,2800,237000,2500,1300,8820,GC,Capcom,0.12,0.03,0.0,0.0,0.15
Killer7,2005-06-09, Grasshopper Manufacture,4.3,1200,1200,Adventure,2800,237000,2500,1300,11240,PS2,Capcom,0.04,0.03,0.0,0.01,0.09
Killer7,2005-06-09,Capcom,4.3,1200,1200, Shooter,2800,237000,2500,1300,8820,GC,Capcom,0.12,0.03,0.0,0.0,0.15
Killer7,2005-06-09,Capcom,4.3,1200,1200, Shooter,2800,237000,2500,1300,11240,PS2,Capcom,0.04,0.03,0.0,0.01,0.09
Killer7,2005-06-09, Grasshopper Manufacture,4.3,1200,1200, Shooter,2800,237000,2500,1300,8820,GC,Capcom,0.12,0.03,0.0,0.0,0.15
Killer7,2005-06-09, Grasshopper Manufacture,4.3,1200,1200, Shooter,2800,237000,2500,1300,11240,PS2,Capcom,0.04,0.03,0.0,0.01,0.09
Grand Theft Auto IV,2008-04-29,Rockstar North,3.8,1100,1100,Adventure,14000,258000,1900,721000,52,X360,Take-Two Interactive,6.76,3.1,0.14,1.03,11.02
Grand Theft Auto IV,2008-04-29,Rockstar North,3.8,1100,1100,Adventure,14000,258000,1900,721000,57,PS3,Take-Two Interactive,4.76,3.76,0.44,1.62,10.57
Grand Theft Auto IV,2008-04-29,Rockstar North,3.8,1100,1100,Adventure,14000,258000,1900,721000,2359,PC,Take-Two Interactive,0.01,0.79,0.0,0.08,0.88
Grand Theft Auto IV,2008-04-29, Rockstar Games,3.8,1100,1100,Adventure,14000,258000,1900,721000,52,X360,Take-Two Interactive,6.76,3.1,0.14,1.03,11.02
Grand Theft Auto IV,2008-04-29, Rockstar Games,3.8,1100,1100,Adventure,14000,258000,1900,721000,57,PS3,Take-Two Interactive,4.76,3.76,0.44,1.62,10.57
Grand Theft Auto IV,2008-04-29, Rockstar Games,3.8,1100,1100,Adventure,14000,258000,1900,721000,2359,PC,Take-Two Interactive,0.01,0.79,0.0,0.08,0.88
Grand Theft Auto IV,2008-04-29,Rockstar North,3.8,1100,1100, Racing,14000,258000,1900,721000,52,X360,Take-Two Interactive,6.76,3.1,0.14,1.03,11.02
Grand Theft Auto IV,2008-04-29,Rockstar North,3.8,1100,1100, Racing,14000,258000,1900,721000,57,PS3,Take-Two Interactive,4.76,3.76,0.44,1.62,10.57
Grand Theft Auto IV,2008-04-29,Rockstar North,3.8,1100,1100, Racing,14000,258000,1900,721000,2359,PC,Take-Two Interactive,0.01,0.79,0.0,0.08,0.88
Grand Theft Auto IV,2008-04-29, Rockstar Games,3.8,1100,1100, Racing,14000,258000,1900,721000,52,X360,Take-Two Interactive,6.76,3.1,0.14,1.03,11.02
Grand Theft Auto IV,2008-04-29, Rockstar Games,3.8,1100,1100, Racing,14000,258000,1900,721000,57,PS3,Take-Two Interactive,4.76,3.76,0.44,1.62,10.57
Grand Theft Auto IV,2008-04-29, Rockstar Games,3.8,1100,1100, Racing,14000,258000,1900,721000,2359,PC,Take-Two Interactive,0.01,0.79,0.0,0.08,0.88
Grand Theft Auto IV,2008-04-29,Rockstar North,3.8,1100,1100, Shooter,14000,258000,1900,721000,52,X360,Take-Two Interactive,6.76,3.1,0.14,1.03,11.02
Grand Theft Auto IV,2008-04-29,Rockstar North,3.8,1100,1100, Shooter,14000,258000,1900,721000,57,PS3,Take-Two Interactive,4.76,3.76,0.44,1.62,10.57
Grand Theft Auto IV,2008-04-29,Rockstar North,3.8,1100,1100, Shooter,14000,258000,1900,721000,2359,PC,Take-Two Interactive,0.01,0.79,0.0,0.08,0.88
Grand Theft Auto IV,2008-04-29, Rockstar Games,3.8,1100,1100, Shooter,14000,258000,1900,721000,52,X360,Take-Two Interactive,6.76,3.1,0.14,1.03,11.02
Grand Theft Auto IV,2008-04-29, Rockstar Games,3.8,1100,1100, Shooter,14000,258000,1900,721000,57,PS3,Take-Two Interactive,4.76,3.76,0.44,1.62,10.57
Grand Theft Auto IV,2008-04-29, Rockstar Games,3.8,1100,1100, Shooter,14000,258000,1900,721000,2359,PC,Take-Two Interactive,0.01,0.79,0.0,0.08,0.88
Metroid: Zero Mission,2004-02-09,Nintendo R&D1,4.0,1200,1200,Adventure,7500,148000,1500,700000,2476,GBA,Nintendo,0.6,0.22,0.0,0.01,0.84
Metroid: Zero Mission,2004-02-09, Nintendo,4.0,1200,1200,Adventure,7500,148000,1500,700000,2476,GBA,Nintendo,0.6,0.22,0.0,0.01,0.84
Metroid: Zero Mission,2004-02-09,Nintendo R&D1,4.0,1200,1200, Platform,7500,148000,1500,700000,2476,GBA,Nintendo,0.6,0.22,0.0,0.01,0.84
Metroid: Zero Mission,2004-02-09, Nintendo,4.0,1200,1200, Platform,7500,148000,1500,700000,2476,GBA,Nintendo,0.6,0.22,0.0,0.01,0.84
Metroid: Zero Mission,2004-02-09,Nintendo R&D1,4.0,1200,1200, Shooter,7500,148000,1500,700000,2476,GBA,Nintendo,0.6,0.22,0.0,0.01,0.84
Metroid: Zero Mission,2004-02-09, Nintendo,4.0,1200,1200, Shooter,7500,148000,1500,700000,2476,GBA,Nintendo,0.6,0.22,0.0,0.01,0.84
Final Fantasy X,2001-07-19,Square Electronic Arts,4.1,1500,1500,Adventure,8500,330000,2900,990000,87,PS2,Sony Computer Entertainment,2.91,2.07,2.73,0.33,8.05
Final Fantasy X,2001-07-19, Square,4.1,1500,1500,Adventure,8500,330000,2900,990000,87,PS2,Sony Computer Entertainment,2.91,2.07,2.73,0.33,8.05
Final Fantasy X,2001-07-19,Square Electronic Arts,4.1,1500,1500, RPG,8500,330000,2900,990000,87,PS2,Sony Computer Entertainment,2.91,2.07,2.73,0.33,8.05
Final Fantasy X,2001-07-19, Square,4.1,1500,1500, RPG,8500,330000,2900,990000,87,PS2,Sony Computer Entertainment,2.91,2.07,2.73,0.33,8.05
Danganronpa 2: Goodbye Despair,2012-07-26,NIS America,3.9,972000,972000,Adventure,9900,288000,1800,605000,6461,PSV,Nippon Ichi Software,0.13,0.07,0.0,0.06,0.26
Danganronpa 2: Goodbye Despair,2012-07-26,NIS America,3.9,972000,972000,Adventure,9900,288000,1800,605000,7762,PSP,Spike,0.0,0.0,0.19,0.0,0.19
Danganronpa 2: Goodbye Despair,2012-07-26, Spike ChunSoft,3.9,972000,972000,Adventure,9900,288000,1800,605000,6461,PSV,Nippon Ichi Software,0.13,0.07,0.0,0.06,0.26
Danganronpa 2: Goodbye Despair,2012-07-26, Spike ChunSoft,3.9,972000,972000,Adventure,9900,288000,1800,605000,7762,PSP,Spike,0.0,0.0,0.19,0.0,0.19
Danganronpa 2: Goodbye Despair,2012-07-26,NIS America,3.9,972000,972000, Point-and-Click,9900,288000,1800,605000,6461,PSV,Nippon Ichi Software,0.13,0.07,0.0,0.06,0.26
Danganronpa 2: Goodbye Despair,2012-07-26,NIS America,3.9,972000,972000, Point-and-Click,9900,288000,1800,605000,7762,PSP,Spike,0.0,0.0,0.19,0.0,0.19
Danganronpa 2: Goodbye Despair,2012-07-26, Spike ChunSoft,3.9,972000,972000, Point-and-Click,9900,288000,1800,605000,6461,PSV,Nippon Ichi Software,0.13,0.07,0.0,0.06,0.26
Danganronpa 2: Goodbye Despair,2012-07-26, Spike ChunSoft,3.9,972000,972000, Point-and-Click,9900,288000,1800,605000,7762,PSP,Spike,0.0,0.0,0.19,0.0,0.19
Danganronpa 2: Goodbye Despair,2012-07-26,NIS America,3.9,972000,972000, Visual Novel,9900,288000,1800,605000,6461,PSV,Nippon Ichi Software,0.13,0.07,0.0,0.06,0.26
Danganronpa 2: Goodbye Despair,2012-07-26,NIS America,3.9,972000,972000, Visual Novel,9900,288000,1800,605000,7762,PSP,Spike,0.0,0.0,0.19,0.0,0.19
Danganronpa 2: Goodbye Despair,2012-07-26, Spike ChunSoft,3.9,972000,972000, Visual Novel,9900,288000,1800,605000,6461,PSV,Nippon Ichi Software,0.13,0.07,0.0,0.06,0.26
Danganronpa 2: Goodbye Despair,2012-07-26, Spike ChunSoft,3.9,972000,972000, Visual Novel,9900,288000,1800,605000,7762,PSP,Spike,0.0,0.0,0.19,0.0,0.19
Final Fantasy IX,2000-07-07,Square,4.3,1600,1600,RPG,6800,350000,3600,1200,174,PS,SquareSoft,1.62,0.77,2.78,0.14,5.3
Final Fantasy IX,2000-07-07, Square Electronic Arts,4.3,1600,1600,RPG,6800,350000,3600,1200,174,PS,SquareSoft,1.62,0.77,2.78,0.14,5.3
Final Fantasy IX,2000-07-07,Square,4.3,1600,1600, Turn Based Strategy,6800,350000,3600,1200,174,PS,SquareSoft,1.62,0.77,2.78,0.14,5.3
Final Fantasy IX,2000-07-07, Square Electronic Arts,4.3,1600,1600, Turn Based Strategy,6800,350000,3600,1200,174,PS,SquareSoft,1.62,0.77,2.78,0.14,5.3
Halo 3,2007-09-25,Bungie,4.2,1600,1600,Shooter,12000,101000,1500,528000,44,X360,Microsoft Game Studios,7.97,2.83,0.13,1.21,12.14
Halo 3,2007-09-25, Microsoft Game Studios,4.2,1600,1600,Shooter,12000,101000,1500,528000,44,X360,Microsoft Game Studios,7.97,2.83,0.13,1.21,12.14
Metroid Fusion,2002-11-17,Nintendo,4.0,1300,1300,Adventure,7900,146000,2000,799000,1083,GBA,Nintendo,1.18,0.27,0.17,0.06,1.68
Metroid Fusion,2002-11-17, Nintendo R&D1,4.0,1300,1300,Adventure,7900,146000,2000,799000,1083,GBA,Nintendo,1.18,0.27,0.17,0.06,1.68
Metroid Fusion,2002-11-17,Nintendo,4.0,1300,1300, Platform,7900,146000,2000,799000,1083,GBA,Nintendo,1.18,0.27,0.17,0.06,1.68
Metroid Fusion,2002-11-17, Nintendo R&D1,4.0,1300,1300, Platform,7900,146000,2000,799000,1083,GBA,Nintendo,1.18,0.27,0.17,0.06,1.68
Metroid Fusion,2002-11-17,Nintendo,4.0,1300,1300, Shooter,7900,146000,2000,799000,1083,GBA,Nintendo,1.18,0.27,0.17,0.06,1.68
Metroid Fusion,2002-11-17, Nintendo R&D1,4.0,1300,1300, Shooter,7900,146000,2000,799000,1083,GBA,Nintendo,1.18,0.27,0.17,0.06,1.68
Final Fantasy VI,1994-04-02,Square Enix,4.4,1600,1600,Adventure,6100,312000,3300,1300,11455,PS,Sony Computer Entertainment,0.0,0.0,0.08,0.01,0.08
Final Fantasy VI,1994-04-02, Square,4.4,1600,1600,Adventure,6100,312000,3300,1300,11455,PS,Sony Computer Entertainment,0.0,0.0,0.08,0.01,0.08
Final Fantasy VI,1994-04-02,Square Enix,4.4,1600,1600, RPG,6100,312000,3300,1300,11455,PS,Sony Computer Entertainment,0.0,0.0,0.08,0.01,0.08
Final Fantasy VI,1994-04-02, Square,4.4,1600,1600, RPG,6100,312000,3300,1300,11455,PS,Sony Computer Entertainment,0.0,0.0,0.08,0.01,0.08
Far Cry 3,2012-11-28,Ubisoft Entertainment,3.7,983000,983000,Adventure,14000,188000,1900,660000,383,PS3,Ubisoft,0.88,1.75,0.1,0.72,3.45
Far Cry 3,2012-11-28,Ubisoft Entertainment,3.7,983000,983000,Adventure,14000,188000,1900,660000,460,X360,Ubisoft,1.38,1.35,0.02,0.28,3.04
Far Cry 3,2012-11-28,Ubisoft Entertainment,3.7,983000,983000,Adventure,14000,188000,1900,660000,2108,PC,Ubisoft,0.21,0.62,0.0,0.14,0.98
Far Cry 3,2012-11-28, Ubisoft Montreal,3.7,983000,983000,Adventure,14000,188000,1900,660000,383,PS3,Ubisoft,0.88,1.75,0.1,0.72,3.45
Far Cry 3,2012-11-28, Ubisoft Montreal,3.7,983000,983000,Adventure,14000,188000,1900,660000,460,X360,Ubisoft,1.38,1.35,0.02,0.28,3.04
Far Cry 3,2012-11-28, Ubisoft Montreal,3.7,983000,983000,Adventure,14000,188000,1900,660000,2108,PC,Ubisoft,0.21,0.62,0.0,0.14,0.98
Far Cry 3,2012-11-28,Ubisoft Entertainment,3.7,983000,983000, Shooter,14000,188000,1900,660000,383,PS3,Ubisoft,0.88,1.75,0.1,0.72,3.45
Far Cry 3,2012-11-28,Ubisoft Entertainment,3.7,983000,983000, Shooter,14000,188000,1900,660000,460,X360,Ubisoft,1.38,1.35,0.02,0.28,3.04
Far Cry 3,2012-11-28,Ubisoft Entertainment,3.7,983000,983000, Shooter,14000,188000,1900,660000,2108,PC,Ubisoft,0.21,0.62,0.0,0.14,0.98
Far Cry 3,2012-11-28, Ubisoft Montreal,3.7,983000,983000, Shooter,14000,188000,1900,660000,383,PS3,Ubisoft,0.88,1.75,0.1,0.72,3.45
Far Cry 3,2012-11-28, Ubisoft Montreal,3.7,983000,983000, Shooter,14000,188000,1900,660000,460,X360,Ubisoft,1.38,1.35,0.02,0.28,3.04
Far Cry 3,2012-11-28, Ubisoft Montreal,3.7,983000,983000, Shooter,14000,188000,1900,660000,2108,PC,Ubisoft,0.21,0.62,0.0,0.14,0.98
Plants vs. Zombies,2009-05-05,PopCap Games,3.7,719000,719000,Puzzle,14000,117000,493000,82000,1716,DS,Mastertronic,0.95,0.15,0.0,0.08,1.18
Plants vs. Zombies,2009-05-05,PopCap Games,3.7,719000,719000,Puzzle,14000,117000,493000,82000,6514,X360,PopCap Games,0.24,0.0,0.0,0.02,0.26
Plants vs. Zombies,2009-05-05,PopCap Games,3.7,719000,719000,Puzzle,14000,117000,493000,82000,7821,PS3,PopCap Games,0.18,0.0,0.0,0.01,0.19
Plants vs. Zombies,2009-05-05,PopCap Games,3.7,719000,719000,Puzzle,14000,117000,493000,82000,13034,PC,PopCap Games,0.0,0.04,0.0,0.01,0.05
Plants vs. Zombies,2009-05-05,PopCap Games,3.7,719000,719000, Real Time Strategy,14000,117000,493000,82000,1716,DS,Mastertronic,0.95,0.15,0.0,0.08,1.18
Plants vs. Zombies,2009-05-05,PopCap Games,3.7,719000,719000, Real Time Strategy,14000,117000,493000,82000,6514,X360,PopCap Games,0.24,0.0,0.0,0.02,0.26
Plants vs. Zombies,2009-05-05,PopCap Games,3.7,719000,719000, Real Time Strategy,14000,117000,493000,82000,7821,PS3,PopCap Games,0.18,0.0,0.0,0.01,0.19
Plants vs. Zombies,2009-05-05,PopCap Games,3.7,719000,719000, Real Time Strategy,14000,117000,493000,82000,13034,PC,PopCap Games,0.0,0.04,0.0,0.01,0.05
Plants vs. Zombies,2009-05-05,PopCap Games,3.7,719000,719000, Simulator,14000,117000,493000,82000,1716,DS,Mastertronic,0.95,0.15,0.0,0.08,1.18
Plants vs. Zombies,2009-05-05,PopCap Games,3.7,719000,719000, Simulator,14000,117000,493000,82000,6514,X360,PopCap Games,0.24,0.0,0.0,0.02,0.26
Plants vs. Zombies,2009-05-05,PopCap Games,3.7,719000,719000, Simulator,14000,117000,493000,82000,7821,PS3,PopCap Games,0.18,0.0,0.0,0.01,0.19
Plants vs. Zombies,2009-05-05,PopCap Games,3.7,719000,719000, Simulator,14000,117000,493000,82000,13034,PC,PopCap Games,0.0,0.04,0.0,0.01,0.05
Plants vs. Zombies,2009-05-05,PopCap Games,3.7,719000,719000, Strategy,14000,117000,493000,82000,1716,DS,Mastertronic,0.95,0.15,0.0,0.08,1.18
Plants vs. Zombies,2009-05-05,PopCap Games,3.7,719000,719000, Strategy,14000,117000,493000,82000,6514,X360,PopCap Games,0.24,0.0,0.0,0.02,0.26
Plants vs. Zombies,2009-05-05,PopCap Games,3.7,719000,719000, Strategy,14000,117000,493000,82000,7821,PS3,PopCap Games,0.18,0.0,0.0,0.01,0.19
Plants vs. Zombies,2009-05-05,PopCap Games,3.7,719000,719000, Strategy,14000,117000,493000,82000,13034,PC,PopCap Games,0.0,0.04,0.0,0.01,0.05
Plants vs. Zombies,2009-05-05,PopCap Games,3.7,719000,719000, Tactical,14000,117000,493000,82000,1716,DS,Mastertronic,0.95,0.15,0.0,0.08,1.18
Plants vs. Zombies,2009-05-05,PopCap Games,3.7,719000,719000, Tactical,14000,117000,493000,82000,6514,X360,PopCap Games,0.24,0.0,0.0,0.02,0.26
Plants vs. Zombies,2009-05-05,PopCap Games,3.7,719000,719000, Tactical,14000,117000,493000,82000,7821,PS3,PopCap Games,0.18,0.0,0.0,0.01,0.19
Plants vs. Zombies,2009-05-05,PopCap Games,3.7,719000,719000, Tactical,14000,117000,493000,82000,13034,PC,PopCap Games,0.0,0.04,0.0,0.01,0.05
Demon's Souls,2020-11-12,Bluepoint Games,3.9,880000,880000,Adventure,4100,403000,2400,2100,943,PS3,Namco Bandai Games,0.97,0.34,0.35,0.18,1.84
Demon's Souls,2020-11-12, Sony Interactive Entertainment,3.9,880000,880000,Adventure,4100,403000,2400,2100,943,PS3,Namco Bandai Games,0.97,0.34,0.35,0.18,1.84
Demon's Souls,2020-11-12,Bluepoint Games,3.9,880000,880000, RPG,4100,403000,2400,2100,943,PS3,Namco Bandai Games,0.97,0.34,0.35,0.18,1.84
Demon's Souls,2020-11-12, Sony Interactive Entertainment,3.9,880000,880000, RPG,4100,403000,2400,2100,943,PS3,Namco Bandai Games,0.97,0.34,0.35,0.18,1.84
The Legend of Zelda: Link's Awakening,2019-09-20,Nintendo,3.9,1100,1100,Adventure,7600,387000,2800,2000,319,GB,Nintendo,2.21,0.96,0.54,0.13,3.83
The Legend of Zelda: Link's Awakening,2019-09-20, Grezzo,3.9,1100,1100,Adventure,7600,387000,2800,2000,319,GB,Nintendo,2.21,0.96,0.54,0.13,3.83
Assassin's Creed,2007-11-13,Ubisoft Montreal,2.9,801000,801000,Adventure,13000,118000,1200,496000,159,X360,Ubisoft,3.28,1.65,0.07,0.55,5.55
Assassin's Creed,2007-11-13,Ubisoft Montreal,2.9,801000,801000,Adventure,13000,118000,1200,496000,219,PS3,Ubisoft,1.91,2.0,0.09,0.83,4.83
Assassin's Creed,2007-11-13,Ubisoft Montreal,2.9,801000,801000,Adventure,13000,118000,1200,496000,2262,PC,Ubisoft,0.01,0.83,0.0,0.08,0.92
Assassin's Creed,2007-11-13, Ubisoft Entertainment,2.9,801000,801000,Adventure,13000,118000,1200,496000,159,X360,Ubisoft,3.28,1.65,0.07,0.55,5.55
Assassin's Creed,2007-11-13, Ubisoft Entertainment,2.9,801000,801000,Adventure,13000,118000,1200,496000,219,PS3,Ubisoft,1.91,2.0,0.09,0.83,4.83
Assassin's Creed,2007-11-13, Ubisoft Entertainment,2.9,801000,801000,Adventure,13000,118000,1200,496000,2262,PC,Ubisoft,0.01,0.83,0.0,0.08,0.92
Assassin's Creed,2007-11-13,Ubisoft Montreal,2.9,801000,801000, Platform,13000,118000,1200,496000,159,X360,Ubisoft,3.28,1.65,0.07,0.55,5.55
Assassin's Creed,2007-11-13,Ubisoft Montreal,2.9,801000,801000, Platform,13000,118000,1200,496000,219,PS3,Ubisoft,1.91,2.0,0.09,0.83,4.83
Assassin's Creed,2007-11-13,Ubisoft Montreal,2.9,801000,801000, Platform,13000,118000,1200,496000,2262,PC,Ubisoft,0.01,0.83,0.0,0.08,0.92
Assassin's Creed,2007-11-13, Ubisoft Entertainment,2.9,801000,801000, Platform,13000,118000,1200,496000,159,X360,Ubisoft,3.28,1.65,0.07,0.55,5.55
Assassin's Creed,2007-11-13, Ubisoft Entertainment,2.9,801000,801000, Platform,13000,118000,1200,496000,219,PS3,Ubisoft,1.91,2.0,0.09,0.83,4.83
Assassin's Creed,2007-11-13, Ubisoft Entertainment,2.9,801000,801000, Platform,13000,118000,1200,496000,2262,PC,Ubisoft,0.01,0.83,0.0,0.08,0.92
Call of Duty: Black Ops,2010-11-09,Activision,3.7,920000,920000,Shooter,14000,44000,611000,318000,32,X360,Activision,9.67,3.73,0.11,1.13,14.64
Call of Duty: Black Ops,2010-11-09,Activision,3.7,920000,920000,Shooter,14000,44000,611000,318000,41,PS3,Activision,5.98,4.44,0.48,1.83,12.73
Call of Duty: Black Ops,2010-11-09,Activision,3.7,920000,920000,Shooter,14000,44000,611000,318000,1381,Wii,Activision,0.82,0.47,0.0,0.12,1.4
Call of Duty: Black Ops,2010-11-09,Activision,3.7,920000,920000,Shooter,14000,44000,611000,318000,3213,DS,Activision,0.54,0.05,0.0,0.04,0.63
Call of Duty: Black Ops,2010-11-09, Treyarch,3.7,920000,920000,Shooter,14000,44000,611000,318000,32,X360,Activision,9.67,3.73,0.11,1.13,14.64
Call of Duty: Black Ops,2010-11-09, Treyarch,3.7,920000,920000,Shooter,14000,44000,611000,318000,41,PS3,Activision,5.98,4.44,0.48,1.83,12.73
Call of Duty: Black Ops,2010-11-09, Treyarch,3.7,920000,920000,Shooter,14000,44000,611000,318000,1381,Wii,Activision,0.82,0.47,0.0,0.12,1.4
Call of Duty: Black Ops,2010-11-09, Treyarch,3.7,920000,920000,Shooter,14000,44000,611000,318000,3213,DS,Activision,0.54,0.05,0.0,0.04,0.63
The Legend of Zelda,1986-02-21,Nintendo EAD,3.2,1200,1200,Adventure,9300,132000,1500,463000,128,NES,Nintendo,3.74,0.93,1.69,0.14,6.51
The Legend of Zelda,1986-02-21, Nintendo,3.2,1200,1200,Adventure,9300,132000,1500,463000,128,NES,Nintendo,3.74,0.93,1.69,0.14,6.51
Ghost Trick: Phantom Detective,2010-06-19,Capcom,4.4,830000,830000,Adventure,3600,149000,1800,1200,4621,DS,Capcom,0.2,0.08,0.12,0.03,0.42
Ghost Trick: Phantom Detective,2010-06-19,Capcom,4.4,830000,830000, Puzzle,3600,149000,1800,1200,4621,DS,Capcom,0.2,0.08,0.12,0.03,0.42
Paper Mario: The Thousand-Year Door,2004-07-22,Nintendo,4.4,1300,1300,Adventure,6700,187000,2900,1500,718,GC,Nintendo,1.48,0.25,0.46,0.06,2.25
Paper Mario: The Thousand-Year Door,2004-07-22, Intelligent Systems Co.,4.4,1300,1300,Adventure,6700,187000,2900,1500,718,GC,Nintendo,1.48,0.25,0.46,0.06,2.25
Paper Mario: The Thousand-Year Door,2004-07-22, Ltd.,4.4,1300,1300,Adventure,6700,187000,2900,1500,718,GC,Nintendo,1.48,0.25,0.46,0.06,2.25
Paper Mario: The Thousand-Year Door,2004-07-22,Nintendo,4.4,1300,1300, RPG,6700,187000,2900,1500,718,GC,Nintendo,1.48,0.25,0.46,0.06,2.25
Paper Mario: The Thousand-Year Door,2004-07-22, Intelligent Systems Co.,4.4,1300,1300, RPG,6700,187000,2900,1500,718,GC,Nintendo,1.48,0.25,0.46,0.06,2.25
Paper Mario: The Thousand-Year Door,2004-07-22, Ltd.,4.4,1300,1300, RPG,6700,187000,2900,1500,718,GC,Nintendo,1.48,0.25,0.46,0.06,2.25
Paper Mario: The Thousand-Year Door,2004-07-22,Nintendo,4.4,1300,1300, Turn Based Strategy,6700,187000,2900,1500,718,GC,Nintendo,1.48,0.25,0.46,0.06,2.25
Paper Mario: The Thousand-Year Door,2004-07-22, Intelligent Systems Co.,4.4,1300,1300, Turn Based Strategy,6700,187000,2900,1500,718,GC,Nintendo,1.48,0.25,0.46,0.06,2.25
Paper Mario: The Thousand-Year Door,2004-07-22, Ltd.,4.4,1300,1300, Turn Based Strategy,6700,187000,2900,1500,718,GC,Nintendo,1.48,0.25,0.46,0.06,2.25
God of War II,2007-03-13,Sony Computer Entertainment,4.0,936000,936000,Adventure,9300,89000,1300,687000,291,PS2,Sony Computer Entertainment,2.32,0.04,0.04,1.67,4.07
God of War II,2007-03-13, Inc. (SCEI),4.0,936000,936000,Adventure,9300,89000,1300,687000,291,PS2,Sony Computer Entertainment,2.32,0.04,0.04,1.67,4.07
God of War II,2007-03-13, SIE Santa Monica Studio,4.0,936000,936000,Adventure,9300,89000,1300,687000,291,PS2,Sony Computer Entertainment,2.32,0.04,0.04,1.67,4.07
God of War II,2007-03-13,Sony Computer Entertainment,4.0,936000,936000, Brawler,9300,89000,1300,687000,291,PS2,Sony Computer Entertainment,2.32,0.04,0.04,1.67,4.07
God of War II,2007-03-13, Inc. (SCEI),4.0,936000,936000, Brawler,9300,89000,1300,687000,291,PS2,Sony Computer Entertainment,2.32,0.04,0.04,1.67,4.07
God of War II,2007-03-13, SIE Santa Monica Studio,4.0,936000,936000, Brawler,9300,89000,1300,687000,291,PS2,Sony Computer Entertainment,2.32,0.04,0.04,1.67,4.07
God of War II,2007-03-13,Sony Computer Entertainment,4.0,936000,936000, Platform,9300,89000,1300,687000,291,PS2,Sony Computer Entertainment,2.32,0.04,0.04,1.67,4.07
God of War II,2007-03-13, Inc. (SCEI),4.0,936000,936000, Platform,9300,89000,1300,687000,291,PS2,Sony Computer Entertainment,2.32,0.04,0.04,1.67,4.07
God of War II,2007-03-13, SIE Santa Monica Studio,4.0,936000,936000, Platform,9300,89000,1300,687000,291,PS2,Sony Computer Entertainment,2.32,0.04,0.04,1.67,4.07
Mass Effect 2,2010-01-26,BioWare,4.3,1300,1300,Adventure,9600,107000,1900,645000,449,X360,Electronic Arts,1.99,0.82,0.03,0.27,3.11
Mass Effect 2,2010-01-26,BioWare,4.3,1300,1300,Adventure,9600,107000,1900,645000,1283,PS3,Electronic Arts,0.78,0.47,0.03,0.2,1.48
Mass Effect 2,2010-01-26,BioWare,4.3,1300,1300,Adventure,9600,107000,1900,645000,4869,PC,Electronic Arts,0.01,0.32,0.0,0.07,0.4
Mass Effect 2,2010-01-26, Electronic Arts,4.3,1300,1300,Adventure,9600,107000,1900,645000,449,X360,Electronic Arts,1.99,0.82,0.03,0.27,3.11
Mass Effect 2,2010-01-26, Electronic Arts,4.3,1300,1300,Adventure,9600,107000,1900,645000,1283,PS3,Electronic Arts,0.78,0.47,0.03,0.2,1.48
Mass Effect 2,2010-01-26, Electronic Arts,4.3,1300,1300,Adventure,9600,107000,1900,645000,4869,PC,Electronic Arts,0.01,0.32,0.0,0.07,0.4
Mass Effect 2,2010-01-26,BioWare,4.3,1300,1300, RPG,9600,107000,1900,645000,449,X360,Electronic Arts,1.99,0.82,0.03,0.27,3.11
Mass Effect 2,2010-01-26,BioWare,4.3,1300,1300, RPG,9600,107000,1900,645000,1283,PS3,Electronic Arts,0.78,0.47,0.03,0.2,1.48
Mass Effect 2,2010-01-26,BioWare,4.3,1300,1300, RPG,9600,107000,1900,645000,4869,PC,Electronic Arts,0.01,0.32,0.0,0.07,0.4
Mass Effect 2,2010-01-26, Electronic Arts,4.3,1300,1300, RPG,9600,107000,1900,645000,449,X360,Electronic Arts,1.99,0.82,0.03,0.27,3.11
Mass Effect 2,2010-01-26, Electronic Arts,4.3,1300,1300, RPG,9600,107000,1900,645000,1283,PS3,Electronic Arts,0.78,0.47,0.03,0.2,1.48
Mass Effect 2,2010-01-26, Electronic Arts,4.3,1300,1300, RPG,9600,107000,1900,645000,4869,PC,Electronic Arts,0.01,0.32,0.0,0.07,0.4
Mass Effect 2,2010-01-26,BioWare,4.3,1300,1300, Shooter,9600,107000,1900,645000,449,X360,Electronic Arts,1.99,0.82,0.03,0.27,3.11
Mass Effect 2,2010-01-26,BioWare,4.3,1300,1300, Shooter,9600,107000,1900,645000,1283,PS3,Electronic Arts,0.78,0.47,0.03,0.2,1.48
Mass Effect 2,2010-01-26,BioWare,4.3,1300,1300, Shooter,9600,107000,1900,645000,4869,PC,Electronic Arts,0.01,0.32,0.0,0.07,0.4
Mass Effect 2,2010-01-26, Electronic Arts,4.3,1300,1300, Shooter,9600,107000,1900,645000,449,X360,Electronic Arts,1.99,0.82,0.03,0.27,3.11
Mass Effect 2,2010-01-26, Electronic Arts,4.3,1300,1300, Shooter,9600,107000,1900,645000,1283,PS3,Electronic Arts,0.78,0.47,0.03,0.2,1.48
Mass Effect 2,2010-01-26, Electronic Arts,4.3,1300,1300, Shooter,9600,107000,1900,645000,4869,PC,Electronic Arts,0.01,0.32,0.0,0.07,0.4
Metal Gear Solid V: Ground Zeroes,2014-03-18,Konami,3.3,650000,650000,Adventure,9500,53000,1700,549000,1543,PS4,Konami Digital Entertainment,0.45,0.46,0.17,0.2,1.28
Metal Gear Solid V: Ground Zeroes,2014-03-18,Konami,3.3,650000,650000,Adventure,9500,53000,1700,549000,3267,PS3,Konami Digital Entertainment,0.14,0.14,0.27,0.06,0.62
Metal Gear Solid V: Ground Zeroes,2014-03-18,Konami,3.3,650000,650000,Adventure,9500,53000,1700,549000,6120,XOne,Konami Digital Entertainment,0.15,0.11,0.0,0.02,0.28
Metal Gear Solid V: Ground Zeroes,2014-03-18,Konami,3.3,650000,650000,Adventure,9500,53000,1700,549000,8755,X360,Konami Digital Entertainment,0.07,0.06,0.01,0.01,0.15
Metal Gear Solid V: Ground Zeroes,2014-03-18, Kojima Productions,3.3,650000,650000,Adventure,9500,53000,1700,549000,1543,PS4,Konami Digital Entertainment,0.45,0.46,0.17,0.2,1.28
Metal Gear Solid V: Ground Zeroes,2014-03-18, Kojima Productions,3.3,650000,650000,Adventure,9500,53000,1700,549000,3267,PS3,Konami Digital Entertainment,0.14,0.14,0.27,0.06,0.62
Metal Gear Solid V: Ground Zeroes,2014-03-18, Kojima Productions,3.3,650000,650000,Adventure,9500,53000,1700,549000,6120,XOne,Konami Digital Entertainment,0.15,0.11,0.0,0.02,0.28
Metal Gear Solid V: Ground Zeroes,2014-03-18, Kojima Productions,3.3,650000,650000,Adventure,9500,53000,1700,549000,8755,X360,Konami Digital Entertainment,0.07,0.06,0.01,0.01,0.15
Metal Gear Solid V: Ground Zeroes,2014-03-18,Konami,3.3,650000,650000, RPG,9500,53000,1700,549000,1543,PS4,Konami Digital Entertainment,0.45,0.46,0.17,0.2,1.28
Metal Gear Solid V: Ground Zeroes,2014-03-18,Konami,3.3,650000,650000, RPG,9500,53000,1700,549000,3267,PS3,Konami Digital Entertainment,0.14,0.14,0.27,0.06,0.62
Metal Gear Solid V: Ground Zeroes,2014-03-18,Konami,3.3,650000,650000, RPG,9500,53000,1700,549000,6120,XOne,Konami Digital Entertainment,0.15,0.11,0.0,0.02,0.28
Metal Gear Solid V: Ground Zeroes,2014-03-18,Konami,3.3,650000,650000, RPG,9500,53000,1700,549000,8755,X360,Konami Digital Entertainment,0.07,0.06,0.01,0.01,0.15
Metal Gear Solid V: Ground Zeroes,2014-03-18, Kojima Productions,3.3,650000,650000, RPG,9500,53000,1700,549000,1543,PS4,Konami Digital Entertainment,0.45,0.46,0.17,0.2,1.28
Metal Gear Solid V: Ground Zeroes,2014-03-18, Kojima Productions,3.3,650000,650000, RPG,9500,53000,1700,549000,3267,PS3,Konami Digital Entertainment,0.14,0.14,0.27,0.06,0.62
Metal Gear Solid V: Ground Zeroes,2014-03-18, Kojima Productions,3.3,650000,650000, RPG,9500,53000,1700,549000,6120,XOne,Konami Digital Entertainment,0.15,0.11,0.0,0.02,0.28
Metal Gear Solid V: Ground Zeroes,2014-03-18, Kojima Productions,3.3,650000,650000, RPG,9500,53000,1700,549000,8755,X360,Konami Digital Entertainment,0.07,0.06,0.01,0.01,0.15
Metal Gear Solid V: Ground Zeroes,2014-03-18,Konami,3.3,650000,650000, Shooter,9500,53000,1700,549000,1543,PS4,Konami Digital Entertainment,0.45,0.46,0.17,0.2,1.28
Metal Gear Solid V: Ground Zeroes,2014-03-18,Konami,3.3,650000,650000, Shooter,9500,53000,1700,549000,3267,PS3,Konami Digital Entertainment,0.14,0.14,0.27,0.06,0.62
Metal Gear Solid V: Ground Zeroes,2014-03-18,Konami,3.3,650000,650000, Shooter,9500,53000,1700,549000,6120,XOne,Konami Digital Entertainment,0.15,0.11,0.0,0.02,0.28
Metal Gear Solid V: Ground Zeroes,2014-03-18,Konami,3.3,650000,650000, Shooter,9500,53000,1700,549000,8755,X360,Konami Digital Entertainment,0.07,0.06,0.01,0.01,0.15
Metal Gear Solid V: Ground Zeroes,2014-03-18, Kojima Productions,3.3,650000,650000, Shooter,9500,53000,1700,549000,1543,PS4,Konami Digital Entertainment,0.45,0.46,0.17,0.2,1.28
Metal Gear Solid V: Ground Zeroes,2014-03-18, Kojima Productions,3.3,650000,650000, Shooter,9500,53000,1700,549000,3267,PS3,Konami Digital Entertainment,0.14,0.14,0.27,0.06,0.62
Metal Gear Solid V: Ground Zeroes,2014-03-18, Kojima Productions,3.3,650000,650000, Shooter,9500,53000,1700,549000,6120,XOne,Konami Digital Entertainment,0.15,0.11,0.0,0.02,0.28
Metal Gear Solid V: Ground Zeroes,2014-03-18, Kojima Productions,3.3,650000,650000, Shooter,9500,53000,1700,549000,8755,X360,Konami Digital Entertainment,0.07,0.06,0.01,0.01,0.15
Metal Gear Solid V: Ground Zeroes,2014-03-18,Konami,3.3,650000,650000, Strategy,9500,53000,1700,549000,1543,PS4,Konami Digital Entertainment,0.45,0.46,0.17,0.2,1.28
Metal Gear Solid V: Ground Zeroes,2014-03-18,Konami,3.3,650000,650000, Strategy,9500,53000,1700,549000,3267,PS3,Konami Digital Entertainment,0.14,0.14,0.27,0.06,0.62
Metal Gear Solid V: Ground Zeroes,2014-03-18,Konami,3.3,650000,650000, Strategy,9500,53000,1700,549000,6120,XOne,Konami Digital Entertainment,0.15,0.11,0.0,0.02,0.28
Metal Gear Solid V: Ground Zeroes,2014-03-18,Konami,3.3,650000,650000, Strategy,9500,53000,1700,549000,8755,X360,Konami Digital Entertainment,0.07,0.06,0.01,0.01,0.15
Metal Gear Solid V: Ground Zeroes,2014-03-18, Kojima Productions,3.3,650000,650000, Strategy,9500,53000,1700,549000,1543,PS4,Konami Digital Entertainment,0.45,0.46,0.17,0.2,1.28
Metal Gear Solid V: Ground Zeroes,2014-03-18, Kojima Productions,3.3,650000,650000, Strategy,9500,53000,1700,549000,3267,PS3,Konami Digital Entertainment,0.14,0.14,0.27,0.06,0.62
Metal Gear Solid V: Ground Zeroes,2014-03-18, Kojima Productions,3.3,650000,650000, Strategy,9500,53000,1700,549000,6120,XOne,Konami Digital Entertainment,0.15,0.11,0.0,0.02,0.28
Metal Gear Solid V: Ground Zeroes,2014-03-18, Kojima Productions,3.3,650000,650000, Strategy,9500,53000,1700,549000,8755,X360,Konami Digital Entertainment,0.07,0.06,0.01,0.01,0.15
Banjo-Kazooie,1998-06-29,Microsoft Game Studios,4.0,1200,1200,Adventure,7400,205000,2100,765000,342,N64,Nintendo,1.87,1.13,0.55,0.1,3.65
Banjo-Kazooie,1998-06-29,Microsoft Game Studios,4.0,1200,1200,Adventure,7400,205000,2100,765000,16056,X360,Microsoft Game Studios,0.0,0.01,0.0,0.0,0.01
Banjo-Kazooie,1998-06-29, Rare,4.0,1200,1200,Adventure,7400,205000,2100,765000,342,N64,Nintendo,1.87,1.13,0.55,0.1,3.65
Banjo-Kazooie,1998-06-29, Rare,4.0,1200,1200,Adventure,7400,205000,2100,765000,16056,X360,Microsoft Game Studios,0.0,0.01,0.0,0.0,0.01
Banjo-Kazooie,1998-06-29,Microsoft Game Studios,4.0,1200,1200, Platform,7400,205000,2100,765000,342,N64,Nintendo,1.87,1.13,0.55,0.1,3.65
Banjo-Kazooie,1998-06-29,Microsoft Game Studios,4.0,1200,1200, Platform,7400,205000,2100,765000,16056,X360,Microsoft Game Studios,0.0,0.01,0.0,0.0,0.01
Banjo-Kazooie,1998-06-29, Rare,4.0,1200,1200, Platform,7400,205000,2100,765000,342,N64,Nintendo,1.87,1.13,0.55,0.1,3.65
Banjo-Kazooie,1998-06-29, Rare,4.0,1200,1200, Platform,7400,205000,2100,765000,16056,X360,Microsoft Game Studios,0.0,0.01,0.0,0.0,0.01
Call of Duty: Black Ops II,2012-11-12,Treyarch,3.8,903000,903000,Shooter,13000,57000,626000,286000,35,PS3,Activision,4.99,5.88,0.65,2.52,14.03
Call of Duty: Black Ops II,2012-11-12,Treyarch,3.8,903000,903000,Shooter,13000,57000,626000,286000,36,X360,Activision,8.25,4.3,0.07,1.12,13.73
Call of Duty: Black Ops II,2012-11-12,Treyarch,3.8,903000,903000,Shooter,13000,57000,626000,286000,1219,PC,Activision,0.63,0.69,0.0,0.21,1.53
Call of Duty: Black Ops II,2012-11-12,Treyarch,3.8,903000,903000,Shooter,13000,57000,626000,286000,4556,WiiU,Activision,0.21,0.18,0.0,0.03,0.43
Call of Duty: Black Ops II,2012-11-12, Activision,3.8,903000,903000,Shooter,13000,57000,626000,286000,35,PS3,Activision,4.99,5.88,0.65,2.52,14.03
Call of Duty: Black Ops II,2012-11-12, Activision,3.8,903000,903000,Shooter,13000,57000,626000,286000,36,X360,Activision,8.25,4.3,0.07,1.12,13.73
Call of Duty: Black Ops II,2012-11-12, Activision,3.8,903000,903000,Shooter,13000,57000,626000,286000,1219,PC,Activision,0.63,0.69,0.0,0.21,1.53
Call of Duty: Black Ops II,2012-11-12, Activision,3.8,903000,903000,Shooter,13000,57000,626000,286000,4556,WiiU,Activision,0.21,0.18,0.0,0.03,0.43
Mega Man X,1993-12-17,Rozner Labs Software Group,4.1,1200,1200,Adventure,6900,76000,1100,385000,1753,SNES,Capcom,0.57,0.08,0.5,0.01,1.16
Mega Man X,1993-12-17, Nintendo,4.1,1200,1200,Adventure,6900,76000,1100,385000,1753,SNES,Capcom,0.57,0.08,0.5,0.01,1.16
Mega Man X,1993-12-17,Rozner Labs Software Group,4.1,1200,1200, Platform,6900,76000,1100,385000,1753,SNES,Capcom,0.57,0.08,0.5,0.01,1.16
Mega Man X,1993-12-17, Nintendo,4.1,1200,1200, Platform,6900,76000,1100,385000,1753,SNES,Capcom,0.57,0.08,0.5,0.01,1.16
Mega Man X,1993-12-17,Rozner Labs Software Group,4.1,1200,1200, Shooter,6900,76000,1100,385000,1753,SNES,Capcom,0.57,0.08,0.5,0.01,1.16
Mega Man X,1993-12-17, Nintendo,4.1,1200,1200, Shooter,6900,76000,1100,385000,1753,SNES,Capcom,0.57,0.08,0.5,0.01,1.16
New Super Mario Bros. Wii,2009-11-12,Nintendo,3.5,859000,859000,Adventure,13000,85000,696000,241000,9,Wii,Nintendo,14.59,7.06,4.7,2.26,28.62
New Super Mario Bros. Wii,2009-11-12, Nintendo EAD,3.5,859000,859000,Adventure,13000,85000,696000,241000,9,Wii,Nintendo,14.59,7.06,4.7,2.26,28.62
New Super Mario Bros. Wii,2009-11-12,Nintendo,3.5,859000,859000, Platform,13000,85000,696000,241000,9,Wii,Nintendo,14.59,7.06,4.7,2.26,28.62
New Super Mario Bros. Wii,2009-11-12, Nintendo EAD,3.5,859000,859000, Platform,13000,85000,696000,241000,9,Wii,Nintendo,14.59,7.06,4.7,2.26,28.62
Wolfenstein: The New Order,2014-05-20,MachineGames,3.6,794000,794000,Adventure,8400,149000,2200,722000,1170,PS4,Bethesda Softworks,0.47,0.8,0.03,0.29,1.58
Wolfenstein: The New Order,2014-05-20,MachineGames,3.6,794000,794000,Adventure,8400,149000,2200,722000,3020,XOne,Bethesda Softworks,0.33,0.28,0.0,0.06,0.67
Wolfenstein: The New Order,2014-05-20,MachineGames,3.6,794000,794000,Adventure,8400,149000,2200,722000,3945,PS3,Bethesda Softworks,0.14,0.25,0.02,0.09,0.51
Wolfenstein: The New Order,2014-05-20,MachineGames,3.6,794000,794000,Adventure,8400,149000,2200,722000,4246,PC,Bethesda Softworks,0.12,0.29,0.0,0.05,0.46
Wolfenstein: The New Order,2014-05-20,MachineGames,3.6,794000,794000,Adventure,8400,149000,2200,722000,4704,X360,Bethesda Softworks,0.18,0.19,0.0,0.04,0.41
Wolfenstein: The New Order,2014-05-20, Bethesda Softworks,3.6,794000,794000,Adventure,8400,149000,2200,722000,1170,PS4,Bethesda Softworks,0.47,0.8,0.03,0.29,1.58
Wolfenstein: The New Order,2014-05-20, Bethesda Softworks,3.6,794000,794000,Adventure,8400,149000,2200,722000,3020,XOne,Bethesda Softworks,0.33,0.28,0.0,0.06,0.67
Wolfenstein: The New Order,2014-05-20, Bethesda Softworks,3.6,794000,794000,Adventure,8400,149000,2200,722000,3945,PS3,Bethesda Softworks,0.14,0.25,0.02,0.09,0.51
Wolfenstein: The New Order,2014-05-20, Bethesda Softworks,3.6,794000,794000,Adventure,8400,149000,2200,722000,4246,PC,Bethesda Softworks,0.12,0.29,0.0,0.05,0.46
Wolfenstein: The New Order,2014-05-20, Bethesda Softworks,3.6,794000,794000,Adventure,8400,149000,2200,722000,4704,X360,Bethesda Softworks,0.18,0.19,0.0,0.04,0.41
Wolfenstein: The New Order,2014-05-20,MachineGames,3.6,794000,794000, Shooter,8400,149000,2200,722000,1170,PS4,Bethesda Softworks,0.47,0.8,0.03,0.29,1.58
Wolfenstein: The New Order,2014-05-20,MachineGames,3.6,794000,794000, Shooter,8400,149000,2200,722000,3020,XOne,Bethesda Softworks,0.33,0.28,0.0,0.06,0.67
Wolfenstein: The New Order,2014-05-20,MachineGames,3.6,794000,794000, Shooter,8400,149000,2200,722000,3945,PS3,Bethesda Softworks,0.14,0.25,0.02,0.09,0.51
Wolfenstein: The New Order,2014-05-20,MachineGames,3.6,794000,794000, Shooter,8400,149000,2200,722000,4246,PC,Bethesda Softworks,0.12,0.29,0.0,0.05,0.46
Wolfenstein: The New Order,2014-05-20,MachineGames,3.6,794000,794000, Shooter,8400,149000,2200,722000,4704,X360,Bethesda Softworks,0.18,0.19,0.0,0.04,0.41
Wolfenstein: The New Order,2014-05-20, Bethesda Softworks,3.6,794000,794000, Shooter,8400,149000,2200,722000,1170,PS4,Bethesda Softworks,0.47,0.8,0.03,0.29,1.58
Wolfenstein: The New Order,2014-05-20, Bethesda Softworks,3.6,794000,794000, Shooter,8400,149000,2200,722000,3020,XOne,Bethesda Softworks,0.33,0.28,0.0,0.06,0.67
Wolfenstein: The New Order,2014-05-20, Bethesda Softworks,3.6,794000,794000, Shooter,8400,149000,2200,722000,3945,PS3,Bethesda Softworks,0.14,0.25,0.02,0.09,0.51
Wolfenstein: The New Order,2014-05-20, Bethesda Softworks,3.6,794000,794000, Shooter,8400,149000,2200,722000,4246,PC,Bethesda Softworks,0.12,0.29,0.0,0.05,0.46
Wolfenstein: The New Order,2014-05-20, Bethesda Softworks,3.6,794000,794000, Shooter,8400,149000,2200,722000,4704,X360,Bethesda Softworks,0.18,0.19,0.0,0.04,0.41
Deus Ex,2000-06-26,Aspyr Media,4.4,899000,899000,RPG,3800,189000,2700,958000,16166,PC,Eidos Interactive,0.0,0.01,0.0,0.0,0.01
Deus Ex,2000-06-26, Ion Storm,4.4,899000,899000,RPG,3800,189000,2700,958000,16166,PC,Eidos Interactive,0.0,0.01,0.0,0.0,0.01
Deus Ex,2000-06-26,Aspyr Media,4.4,899000,899000, Shooter,3800,189000,2700,958000,16166,PC,Eidos Interactive,0.0,0.01,0.0,0.0,0.01
Deus Ex,2000-06-26, Ion Storm,4.4,899000,899000, Shooter,3800,189000,2700,958000,16166,PC,Eidos Interactive,0.0,0.01,0.0,0.0,0.01
BioShock 2,2010-02-09,2K Marin,3.6,687000,687000,Adventure,9100,103000,3300,691000,732,X360,Take-Two Interactive,1.45,0.55,0.02,0.19,2.21
BioShock 2,2010-02-09,2K Marin,3.6,687000,687000,Adventure,9100,103000,3300,691000,1201,PS3,Take-Two Interactive,0.85,0.47,0.02,0.22,1.55
BioShock 2,2010-02-09, 2K Games,3.6,687000,687000,Adventure,9100,103000,3300,691000,732,X360,Take-Two Interactive,1.45,0.55,0.02,0.19,2.21
BioShock 2,2010-02-09, 2K Games,3.6,687000,687000,Adventure,9100,103000,3300,691000,1201,PS3,Take-Two Interactive,0.85,0.47,0.02,0.22,1.55
BioShock 2,2010-02-09,2K Marin,3.6,687000,687000, RPG,9100,103000,3300,691000,732,X360,Take-Two Interactive,1.45,0.55,0.02,0.19,2.21
BioShock 2,2010-02-09,2K Marin,3.6,687000,687000, RPG,9100,103000,3300,691000,1201,PS3,Take-Two Interactive,0.85,0.47,0.02,0.22,1.55
BioShock 2,2010-02-09, 2K Games,3.6,687000,687000, RPG,9100,103000,3300,691000,732,X360,Take-Two Interactive,1.45,0.55,0.02,0.19,2.21
BioShock 2,2010-02-09, 2K Games,3.6,687000,687000, RPG,9100,103000,3300,691000,1201,PS3,Take-Two Interactive,0.85,0.47,0.02,0.22,1.55
BioShock 2,2010-02-09,2K Marin,3.6,687000,687000, Shooter,9100,103000,3300,691000,732,X360,Take-Two Interactive,1.45,0.55,0.02,0.19,2.21
BioShock 2,2010-02-09,2K Marin,3.6,687000,687000, Shooter,9100,103000,3300,691000,1201,PS3,Take-Two Interactive,0.85,0.47,0.02,0.22,1.55
BioShock 2,2010-02-09, 2K Games,3.6,687000,687000, Shooter,9100,103000,3300,691000,732,X360,Take-Two Interactive,1.45,0.55,0.02,0.19,2.21
BioShock 2,2010-02-09, 2K Games,3.6,687000,687000, Shooter,9100,103000,3300,691000,1201,PS3,Take-Two Interactive,0.85,0.47,0.02,0.22,1.55
Shovel Knight,2014-06-26,Yacht Club Games,4.0,761000,761000,Adventure,8500,135000,1900,1200,9362,3DS,Yacht Club Games,0.07,0.04,0.01,0.01,0.13
Shovel Knight,2014-06-26,Yacht Club Games,4.0,761000,761000,Adventure,8500,135000,1900,1200,10400,WiiU,Yacht Club Games,0.06,0.04,0.0,0.01,0.11
Shovel Knight,2014-06-26,Yacht Club Games,4.0,761000,761000,Adventure,8500,135000,1900,1200,11724,PS4,Yacht Club Games,0.03,0.03,0.0,0.01,0.08
Shovel Knight,2014-06-26,Yacht Club Games,4.0,761000,761000, Indie,8500,135000,1900,1200,9362,3DS,Yacht Club Games,0.07,0.04,0.01,0.01,0.13
Shovel Knight,2014-06-26,Yacht Club Games,4.0,761000,761000, Indie,8500,135000,1900,1200,10400,WiiU,Yacht Club Games,0.06,0.04,0.0,0.01,0.11
Shovel Knight,2014-06-26,Yacht Club Games,4.0,761000,761000, Indie,8500,135000,1900,1200,11724,PS4,Yacht Club Games,0.03,0.03,0.0,0.01,0.08
Shovel Knight,2014-06-26,Yacht Club Games,4.0,761000,761000, Platform,8500,135000,1900,1200,9362,3DS,Yacht Club Games,0.07,0.04,0.01,0.01,0.13
Shovel Knight,2014-06-26,Yacht Club Games,4.0,761000,761000, Platform,8500,135000,1900,1200,10400,WiiU,Yacht Club Games,0.06,0.04,0.0,0.01,0.11
Shovel Knight,2014-06-26,Yacht Club Games,4.0,761000,761000, Platform,8500,135000,1900,1200,11724,PS4,Yacht Club Games,0.03,0.03,0.0,0.01,0.08
Dark Souls II,2014-03-11,FromSoftware,3.3,815000,815000,Adventure,6700,128000,1400,834000,1487,PS3,Namco Bandai Games,0.4,0.36,0.4,0.17,1.32
Dark Souls II,2014-03-11,FromSoftware,3.3,815000,815000,Adventure,6700,128000,1400,834000,2722,X360,Namco Bandai Games,0.48,0.2,0.01,0.06,0.76
Dark Souls II,2014-03-11,FromSoftware,3.3,815000,815000,Adventure,6700,128000,1400,834000,3430,PS4,Namco Bandai Games,0.2,0.22,0.08,0.08,0.59
Dark Souls II,2014-03-11,FromSoftware,3.3,815000,815000,Adventure,6700,128000,1400,834000,7163,XOne,Namco Bandai Games,0.13,0.07,0.0,0.02,0.22
Dark Souls II,2014-03-11,FromSoftware,3.3,815000,815000,Adventure,6700,128000,1400,834000,8119,PC,Namco Bandai Games,0.08,0.08,0.0,0.02,0.18
Dark Souls II,2014-03-11, Bandai Namco Entertainment,3.3,815000,815000,Adventure,6700,128000,1400,834000,1487,PS3,Namco Bandai Games,0.4,0.36,0.4,0.17,1.32
Dark Souls II,2014-03-11, Bandai Namco Entertainment,3.3,815000,815000,Adventure,6700,128000,1400,834000,2722,X360,Namco Bandai Games,0.48,0.2,0.01,0.06,0.76
Dark Souls II,2014-03-11, Bandai Namco Entertainment,3.3,815000,815000,Adventure,6700,128000,1400,834000,3430,PS4,Namco Bandai Games,0.2,0.22,0.08,0.08,0.59
Dark Souls II,2014-03-11, Bandai Namco Entertainment,3.3,815000,815000,Adventure,6700,128000,1400,834000,7163,XOne,Namco Bandai Games,0.13,0.07,0.0,0.02,0.22
Dark Souls II,2014-03-11, Bandai Namco Entertainment,3.3,815000,815000,Adventure,6700,128000,1400,834000,8119,PC,Namco Bandai Games,0.08,0.08,0.0,0.02,0.18
Dark Souls II,2014-03-11,FromSoftware,3.3,815000,815000, RPG,6700,128000,1400,834000,1487,PS3,Namco Bandai Games,0.4,0.36,0.4,0.17,1.32
Dark Souls II,2014-03-11,FromSoftware,3.3,815000,815000, RPG,6700,128000,1400,834000,2722,X360,Namco Bandai Games,0.48,0.2,0.01,0.06,0.76
Dark Souls II,2014-03-11,FromSoftware,3.3,815000,815000, RPG,6700,128000,1400,834000,3430,PS4,Namco Bandai Games,0.2,0.22,0.08,0.08,0.59
Dark Souls II,2014-03-11,FromSoftware,3.3,815000,815000, RPG,6700,128000,1400,834000,7163,XOne,Namco Bandai Games,0.13,0.07,0.0,0.02,0.22
Dark Souls II,2014-03-11,FromSoftware,3.3,815000,815000, RPG,6700,128000,1400,834000,8119,PC,Namco Bandai Games,0.08,0.08,0.0,0.02,0.18
Dark Souls II,2014-03-11, Bandai Namco Entertainment,3.3,815000,815000, RPG,6700,128000,1400,834000,1487,PS3,Namco Bandai Games,0.4,0.36,0.4,0.17,1.32
Dark Souls II,2014-03-11, Bandai Namco Entertainment,3.3,815000,815000, RPG,6700,128000,1400,834000,2722,X360,Namco Bandai Games,0.48,0.2,0.01,0.06,0.76
Dark Souls II,2014-03-11, Bandai Namco Entertainment,3.3,815000,815000, RPG,6700,128000,1400,834000,3430,PS4,Namco Bandai Games,0.2,0.22,0.08,0.08,0.59
Dark Souls II,2014-03-11, Bandai Namco Entertainment,3.3,815000,815000, RPG,6700,128000,1400,834000,7163,XOne,Namco Bandai Games,0.13,0.07,0.0,0.02,0.22
Dark Souls II,2014-03-11, Bandai Namco Entertainment,3.3,815000,815000, RPG,6700,128000,1400,834000,8119,PC,Namco Bandai Games,0.08,0.08,0.0,0.02,0.18
Resident Evil 6,2012-10-02,Capcom,2.5,888000,888000,Adventure,7800,189000,1800,552000,439,PS3,Capcom,0.88,0.97,0.88,0.42,3.15
Resident Evil 6,2012-10-02,Capcom,2.5,888000,888000,Adventure,7800,189000,1800,552000,859,X360,Capcom,1.11,0.63,0.07,0.16,1.98
Resident Evil 6,2012-10-02,Capcom,2.5,888000,888000,Adventure,7800,189000,1800,552000,12135,PS4,Capcom,0.05,0.0,0.0,0.01,0.07
Resident Evil 6,2012-10-02,Capcom,2.5,888000,888000,Adventure,7800,189000,1800,552000,13501,PC,Capcom,0.0,0.04,0.0,0.01,0.04
Resident Evil 6,2012-10-02,Capcom,2.5,888000,888000,Adventure,7800,189000,1800,552000,13952,XOne,Capcom,0.03,0.0,0.0,0.0,0.04
Resident Evil 6,2012-10-02,Capcom,2.5,888000,888000, Shooter,7800,189000,1800,552000,439,PS3,Capcom,0.88,0.97,0.88,0.42,3.15
Resident Evil 6,2012-10-02,Capcom,2.5,888000,888000, Shooter,7800,189000,1800,552000,859,X360,Capcom,1.11,0.63,0.07,0.16,1.98
Resident Evil 6,2012-10-02,Capcom,2.5,888000,888000, Shooter,7800,189000,1800,552000,12135,PS4,Capcom,0.05,0.0,0.0,0.01,0.07
Resident Evil 6,2012-10-02,Capcom,2.5,888000,888000, Shooter,7800,189000,1800,552000,13501,PC,Capcom,0.0,0.04,0.0,0.01,0.04
Resident Evil 6,2012-10-02,Capcom,2.5,888000,888000, Shooter,7800,189000,1800,552000,13952,XOne,Capcom,0.03,0.0,0.0,0.0,0.04
Devil May Cry 3: Dante's Awakening,2005-02-17,Capcom,4.2,909000,909000,Adventure,6100,116000,1600,648000,792,PS2,Capcom,0.99,0.63,0.29,0.19,2.09
Devil May Cry 3: Dante's Awakening,2005-02-17, Capcom Production Studio 1,4.2,909000,909000,Adventure,6100,116000,1600,648000,792,PS2,Capcom,0.99,0.63,0.29,0.19,2.09
Devil May Cry 3: Dante's Awakening,2005-02-17,Capcom,4.2,909000,909000, Brawler,6100,116000,1600,648000,792,PS2,Capcom,0.99,0.63,0.29,0.19,2.09
Devil May Cry 3: Dante's Awakening,2005-02-17, Capcom Production Studio 1,4.2,909000,909000, Brawler,6100,116000,1600,648000,792,PS2,Capcom,0.99,0.63,0.29,0.19,2.09
Devil May Cry 3: Dante's Awakening,2005-02-17,Capcom,4.2,909000,909000, Shooter,6100,116000,1600,648000,792,PS2,Capcom,0.99,0.63,0.29,0.19,2.09
Devil May Cry 3: Dante's Awakening,2005-02-17, Capcom Production Studio 1,4.2,909000,909000, Shooter,6100,116000,1600,648000,792,PS2,Capcom,0.99,0.63,0.29,0.19,2.09
Tetris,1989-11-01,Nintendo,4.1,688000,688000,Arcade,9600,54000,175000,66000,6,GB,Nintendo,23.2,2.26,4.22,0.58,30.26
Tetris,1989-11-01,Nintendo,4.1,688000,688000,Arcade,9600,54000,175000,66000,156,NES,Nintendo,2.97,0.69,1.81,0.11,5.58
Tetris,1989-11-01,Nintendo,4.1,688000,688000, Puzzle,9600,54000,175000,66000,6,GB,Nintendo,23.2,2.26,4.22,0.58,30.26
Tetris,1989-11-01,Nintendo,4.1,688000,688000, Puzzle,9600,54000,175000,66000,156,NES,Nintendo,2.97,0.69,1.81,0.11,5.58
Super Mario 3D World,2013-11-21,Nintendo,3.9,1100,1100,Adventure,9600,93000,787000,432000,262,WiiU,Nintendo,2.11,1.11,0.72,0.3,4.25
Super Mario 3D World,2013-11-21,Nintendo,3.9,1100,1100, Platform,9600,93000,787000,432000,262,WiiU,Nintendo,2.11,1.11,0.72,0.3,4.25
Uncharted 3: Drake's Deception,2011-11-01,Naughty Dog,3.6,941000,941000,Adventure,11000,60000,1500,477000,116,PS3,Sony Computer Entertainment,2.77,2.8,0.19,1.06,6.83
Uncharted 3: Drake's Deception,2011-11-01, Sony Computer Entertainment,3.6,941000,941000,Adventure,11000,60000,1500,477000,116,PS3,Sony Computer Entertainment,2.77,2.8,0.19,1.06,6.83
Uncharted 3: Drake's Deception,2011-11-01, Inc. (SCEI),3.6,941000,941000,Adventure,11000,60000,1500,477000,116,PS3,Sony Computer Entertainment,2.77,2.8,0.19,1.06,6.83
Uncharted 3: Drake's Deception,2011-11-01,Naughty Dog,3.6,941000,941000, Platform,11000,60000,1500,477000,116,PS3,Sony Computer Entertainment,2.77,2.8,0.19,1.06,6.83
Uncharted 3: Drake's Deception,2011-11-01, Sony Computer Entertainment,3.6,941000,941000, Platform,11000,60000,1500,477000,116,PS3,Sony Computer Entertainment,2.77,2.8,0.19,1.06,6.83
Uncharted 3: Drake's Deception,2011-11-01, Inc. (SCEI),3.6,941000,941000, Platform,11000,60000,1500,477000,116,PS3,Sony Computer Entertainment,2.77,2.8,0.19,1.06,6.83
Uncharted 3: Drake's Deception,2011-11-01,Naughty Dog,3.6,941000,941000, Shooter,11000,60000,1500,477000,116,PS3,Sony Computer Entertainment,2.77,2.8,0.19,1.06,6.83
Uncharted 3: Drake's Deception,2011-11-01, Sony Computer Entertainment,3.6,941000,941000, Shooter,11000,60000,1500,477000,116,PS3,Sony Computer Entertainment,2.77,2.8,0.19,1.06,6.83
Uncharted 3: Drake's Deception,2011-11-01, Inc. (SCEI),3.6,941000,941000, Shooter,11000,60000,1500,477000,116,PS3,Sony Computer Entertainment,2.77,2.8,0.19,1.06,6.83
Phoenix Wright: Ace Attorney - Trials and Tribulations,2006-03-31,Capcom,4.4,995000,995000,Adventure,6600,172000,1600,623000,3047,DS,Capcom,0.33,0.05,0.25,0.04,0.67
Phoenix Wright: Ace Attorney - Trials and Tribulations,2006-03-31,Capcom,4.4,995000,995000, Visual Novel,6600,172000,1600,623000,3047,DS,Capcom,0.33,0.05,0.25,0.04,0.67
Max Payne,2001-07-23,Gathering of Developers,3.9,786000,786000,Shooter,6300,102000,1500,742000,408,PS2,Take-Two Interactive,1.99,1.05,0.05,0.22,3.31
Max Payne,2001-07-23,Gathering of Developers,3.9,786000,786000,Shooter,6300,102000,1500,742000,1648,XB,Take-Two Interactive,0.98,0.19,0.0,0.05,1.22
Max Payne,2001-07-23,Gathering of Developers,3.9,786000,786000,Shooter,6300,102000,1500,742000,14714,GBA,Take-Two Interactive,0.02,0.01,0.0,0.0,0.03
Max Payne,2001-07-23,Gathering of Developers,3.9,786000,786000,Shooter,6300,102000,1500,742000,15142,PC,Take-Two Interactive,0.0,0.02,0.0,0.0,0.02
Max Payne,2001-07-23, Remedy Entertainment,3.9,786000,786000,Shooter,6300,102000,1500,742000,408,PS2,Take-Two Interactive,1.99,1.05,0.05,0.22,3.31
Max Payne,2001-07-23, Remedy Entertainment,3.9,786000,786000,Shooter,6300,102000,1500,742000,1648,XB,Take-Two Interactive,0.98,0.19,0.0,0.05,1.22
Max Payne,2001-07-23, Remedy Entertainment,3.9,786000,786000,Shooter,6300,102000,1500,742000,14714,GBA,Take-Two Interactive,0.02,0.01,0.0,0.0,0.03
Max Payne,2001-07-23, Remedy Entertainment,3.9,786000,786000,Shooter,6300,102000,1500,742000,15142,PC,Take-Two Interactive,0.0,0.02,0.0,0.0,0.02
Donkey Kong Country 2: Diddy's Kong Quest,1995-11-21,Nintendo,4.2,1200,1200,Adventure,6600,115000,1600,455000,188,SNES,Nintendo,2.1,0.74,2.2,0.11,5.15
Donkey Kong Country 2: Diddy's Kong Quest,1995-11-21, Rare,4.2,1200,1200,Adventure,6600,115000,1600,455000,188,SNES,Nintendo,2.1,0.74,2.2,0.11,5.15
Donkey Kong Country 2: Diddy's Kong Quest,1995-11-21,Nintendo,4.2,1200,1200, Platform,6600,115000,1600,455000,188,SNES,Nintendo,2.1,0.74,2.2,0.11,5.15
Donkey Kong Country 2: Diddy's Kong Quest,1995-11-21, Rare,4.2,1200,1200, Platform,6600,115000,1600,455000,188,SNES,Nintendo,2.1,0.74,2.2,0.11,5.15
Kirby's Adventure,1993-03-23,HAL Laboratory,3.6,718000,718000,Platform,6000,61000,690000,217000,1012,NES,Nintendo,0.79,0.14,0.8,0.02,1.75
Kirby's Adventure,1993-03-23, Nintendo,3.6,718000,718000,Platform,6000,61000,690000,217000,1012,NES,Nintendo,0.79,0.14,0.8,0.02,1.75
The Sims 4,2014-09-02,Electronic Arts,3.0,458000,458000,RPG,8300,434000,667000,110000,479,PC,Electronic Arts,0.96,1.72,0.0,0.29,2.97
The Sims 4,2014-09-02, The Sims Studio,3.0,458000,458000,RPG,8300,434000,667000,110000,479,PC,Electronic Arts,0.96,1.72,0.0,0.29,2.97
The Sims 4,2014-09-02,Electronic Arts,3.0,458000,458000, Simulator,8300,434000,667000,110000,479,PC,Electronic Arts,0.96,1.72,0.0,0.29,2.97
The Sims 4,2014-09-02, The Sims Studio,3.0,458000,458000, Simulator,8300,434000,667000,110000,479,PC,Electronic Arts,0.96,1.72,0.0,0.29,2.97
Far Cry 4,2014-11-18,Ubisoft Montreal,3.2,558000,558000,Adventure,8500,90000,1300,442000,296,PS4,Ubisoft,1.12,2.12,0.1,0.69,4.03
Far Cry 4,2014-11-18,Ubisoft Montreal,3.2,558000,558000,Adventure,8500,90000,1300,442000,1149,XOne,Ubisoft,0.79,0.68,0.01,0.13,1.61
Far Cry 4,2014-11-18,Ubisoft Montreal,3.2,558000,558000,Adventure,8500,90000,1300,442000,1339,PS3,Ubisoft,0.33,0.79,0.08,0.23,1.44
Far Cry 4,2014-11-18,Ubisoft Montreal,3.2,558000,558000,Adventure,8500,90000,1300,442000,2121,X360,Ubisoft,0.45,0.44,0.0,0.08,0.98
Far Cry 4,2014-11-18,Ubisoft Montreal,3.2,558000,558000,Adventure,8500,90000,1300,442000,3249,PC,Ubisoft,0.15,0.42,0.0,0.05,0.62
Far Cry 4,2014-11-18,Ubisoft Montreal,3.2,558000,558000, Shooter,8500,90000,1300,442000,296,PS4,Ubisoft,1.12,2.12,0.1,0.69,4.03
Far Cry 4,2014-11-18,Ubisoft Montreal,3.2,558000,558000, Shooter,8500,90000,1300,442000,1149,XOne,Ubisoft,0.79,0.68,0.01,0.13,1.61
Far Cry 4,2014-11-18,Ubisoft Montreal,3.2,558000,558000, Shooter,8500,90000,1300,442000,1339,PS3,Ubisoft,0.33,0.79,0.08,0.23,1.44
Far Cry 4,2014-11-18,Ubisoft Montreal,3.2,558000,558000, Shooter,8500,90000,1300,442000,2121,X360,Ubisoft,0.45,0.44,0.0,0.08,0.98
Far Cry 4,2014-11-18,Ubisoft Montreal,3.2,558000,558000, Shooter,8500,90000,1300,442000,3249,PC,Ubisoft,0.15,0.42,0.0,0.05,0.62
Far Cry 4,2014-11-18,Ubisoft Montreal,3.2,558000,558000, Tactical,8500,90000,1300,442000,296,PS4,Ubisoft,1.12,2.12,0.1,0.69,4.03
Far Cry 4,2014-11-18,Ubisoft Montreal,3.2,558000,558000, Tactical,8500,90000,1300,442000,1149,XOne,Ubisoft,0.79,0.68,0.01,0.13,1.61
Far Cry 4,2014-11-18,Ubisoft Montreal,3.2,558000,558000, Tactical,8500,90000,1300,442000,1339,PS3,Ubisoft,0.33,0.79,0.08,0.23,1.44
Far Cry 4,2014-11-18,Ubisoft Montreal,3.2,558000,558000, Tactical,8500,90000,1300,442000,2121,X360,Ubisoft,0.45,0.44,0.0,0.08,0.98
Far Cry 4,2014-11-18,Ubisoft Montreal,3.2,558000,558000, Tactical,8500,90000,1300,442000,3249,PC,Ubisoft,0.15,0.42,0.0,0.05,0.62
Super Smash Bros.,1999-01-21,Nintendo,3.4,688000,688000,Fighting,9800,20000,279000,207000,158,N64,Nintendo,2.95,0.6,1.97,0.04,5.55
Super Smash Bros.,1999-01-21, HAL Laboratory,3.4,688000,688000,Fighting,9800,20000,279000,207000,158,N64,Nintendo,2.95,0.6,1.97,0.04,5.55
Super Smash Bros.,1999-01-21,Nintendo,3.4,688000,688000, Platform,9800,20000,279000,207000,158,N64,Nintendo,2.95,0.6,1.97,0.04,5.55
Super Smash Bros.,1999-01-21, HAL Laboratory,3.4,688000,688000, Platform,9800,20000,279000,207000,158,N64,Nintendo,2.95,0.6,1.97,0.04,5.55
Halo 4,2012-11-06,343 Industries,3.0,674000,674000,Shooter,7600,57000,1200,277000,66,X360,Microsoft Game Studios,6.63,2.36,0.04,0.73,9.76
Halo 4,2012-11-06, Microsoft Studios,3.0,674000,674000,Shooter,7600,57000,1200,277000,66,X360,Microsoft Game Studios,6.63,2.36,0.04,0.73,9.76
Mega Man 2,1989-06-02,Capcom,3.6,857000,857000,Adventure,6100,34000,542000,163000,1248,NES,Capcom,0.93,0.15,0.42,0.01,1.51
Mega Man 2,1989-06-02,Capcom,3.6,857000,857000, Platform,6100,34000,542000,163000,1248,NES,Capcom,0.93,0.15,0.42,0.01,1.51
Phoenix Wright: Ace Attorney Trilogy,2014-04-17,Capcom,4.3,516000,516000,Adventure,4000,644000,1900,779000,15832,3DS,Capcom,0.0,0.0,0.02,0.0,0.02
Phoenix Wright: Ace Attorney Trilogy,2014-04-17,Capcom,4.3,516000,516000, Puzzle,4000,644000,1900,779000,15832,3DS,Capcom,0.0,0.0,0.02,0.0,0.02
Phoenix Wright: Ace Attorney Trilogy,2014-04-17,Capcom,4.3,516000,516000, Simulator,4000,644000,1900,779000,15832,3DS,Capcom,0.0,0.0,0.02,0.0,0.02
Phoenix Wright: Ace Attorney Trilogy,2014-04-17,Capcom,4.3,516000,516000, Visual Novel,4000,644000,1900,779000,15832,3DS,Capcom,0.0,0.0,0.02,0.0,0.02
Star Wars: Knights of the Old Republic,2003-07-15,BioWare,4.2,839000,839000,Adventure,5300,180000,2300,705000,744,XB,Activision,1.68,0.44,0.0,0.08,2.19
Star Wars: Knights of the Old Republic,2003-07-15,BioWare,4.2,839000,839000,Adventure,5300,180000,2300,705000,9078,PC,LucasArts,0.01,0.1,0.0,0.02,0.14
Star Wars: Knights of the Old Republic,2003-07-15, LucasArts,4.2,839000,839000,Adventure,5300,180000,2300,705000,744,XB,Activision,1.68,0.44,0.0,0.08,2.19
Star Wars: Knights of the Old Republic,2003-07-15, LucasArts,4.2,839000,839000,Adventure,5300,180000,2300,705000,9078,PC,LucasArts,0.01,0.1,0.0,0.02,0.14
Star Wars: Knights of the Old Republic,2003-07-15,BioWare,4.2,839000,839000, RPG,5300,180000,2300,705000,744,XB,Activision,1.68,0.44,0.0,0.08,2.19
Star Wars: Knights of the Old Republic,2003-07-15,BioWare,4.2,839000,839000, RPG,5300,180000,2300,705000,9078,PC,LucasArts,0.01,0.1,0.0,0.02,0.14
Star Wars: Knights of the Old Republic,2003-07-15, LucasArts,4.2,839000,839000, RPG,5300,180000,2300,705000,744,XB,Activision,1.68,0.44,0.0,0.08,2.19
Star Wars: Knights of the Old Republic,2003-07-15, LucasArts,4.2,839000,839000, RPG,5300,180000,2300,705000,9078,PC,LucasArts,0.01,0.1,0.0,0.02,0.14
No More Heroes 2: Desperate Struggle,2010-01-26,Ubisoft Entertainment,3.5,608000,608000,Adventure,3200,68000,1500,855000,4747,Wii,Rising Star Games,0.21,0.12,0.04,0.03,0.41
No More Heroes 2: Desperate Struggle,2010-01-26, Grasshopper Manufacture,3.5,608000,608000,Adventure,3200,68000,1500,855000,4747,Wii,Rising Star Games,0.21,0.12,0.04,0.03,0.41
No More Heroes 2: Desperate Struggle,2010-01-26,Ubisoft Entertainment,3.5,608000,608000, Brawler,3200,68000,1500,855000,4747,Wii,Rising Star Games,0.21,0.12,0.04,0.03,0.41
No More Heroes 2: Desperate Struggle,2010-01-26, Grasshopper Manufacture,3.5,608000,608000, Brawler,3200,68000,1500,855000,4747,Wii,Rising Star Games,0.21,0.12,0.04,0.03,0.41
Kirby Super Star Ultra,2008-09-22,Nintendo of Europe,4.3,743000,743000,Adventure,5800,47000,773000,427000,482,DS,Nintendo,1.57,0.04,1.19,0.15,2.96
Kirby Super Star Ultra,2008-09-22, HAL Laboratory,4.3,743000,743000,Adventure,5800,47000,773000,427000,482,DS,Nintendo,1.57,0.04,1.19,0.15,2.96
Kirby Super Star Ultra,2008-09-22,Nintendo of Europe,4.3,743000,743000, Platform,5800,47000,773000,427000,482,DS,Nintendo,1.57,0.04,1.19,0.15,2.96
Kirby Super Star Ultra,2008-09-22, HAL Laboratory,4.3,743000,743000, Platform,5800,47000,773000,427000,482,DS,Nintendo,1.57,0.04,1.19,0.15,2.96
"Flower, Sun, and Rain",2001-05-02,Grasshopper Manufacture,4.3,466000,466000,Adventure,632000,32000,1000,1100,11910,DS,Rising Star Games,0.07,0.0,0.0,0.01,0.07
"Flower, Sun, and Rain",2001-05-02, Victor Interactive Software,4.3,466000,466000,Adventure,632000,32000,1000,1100,11910,DS,Rising Star Games,0.07,0.0,0.0,0.01,0.07
"Flower, Sun, and Rain",2001-05-02,Grasshopper Manufacture,4.3,466000,466000, Puzzle,632000,32000,1000,1100,11910,DS,Rising Star Games,0.07,0.0,0.0,0.01,0.07
"Flower, Sun, and Rain",2001-05-02, Victor Interactive Software,4.3,466000,466000, Puzzle,632000,32000,1000,1100,11910,DS,Rising Star Games,0.07,0.0,0.0,0.01,0.07
Katamari Damacy,2004-03-18,Namco,4.2,939000,939000,Adventure,4100,60000,1000,761000,2816,PS2,Namco Bandai Games,0.47,0.02,0.17,0.08,0.73
Katamari Damacy,2004-03-18, NOW Production,4.2,939000,939000,Adventure,4100,60000,1000,761000,2816,PS2,Namco Bandai Games,0.47,0.02,0.17,0.08,0.73
Katamari Damacy,2004-03-18,Namco,4.2,939000,939000, Puzzle,4100,60000,1000,761000,2816,PS2,Namco Bandai Games,0.47,0.02,0.17,0.08,0.73
Katamari Damacy,2004-03-18, NOW Production,4.2,939000,939000, Puzzle,4100,60000,1000,761000,2816,PS2,Namco Bandai Games,0.47,0.02,0.17,0.08,0.73
Borderlands,2009-10-20,2K Games,3.1,484000,484000,RPG,9100,98000,1200,450000,385,X360,Take-Two Interactive,2.39,0.73,0.03,0.29,3.44
Borderlands,2009-10-20,2K Games,3.1,484000,484000,RPG,9100,98000,1200,450000,779,PS3,Take-Two Interactive,1.2,0.62,0.0,0.29,2.11
Borderlands,2009-10-20,2K Games,3.1,484000,484000,RPG,9100,98000,1200,450000,8035,PC,Take-Two Interactive,0.01,0.14,0.0,0.04,0.18
Borderlands,2009-10-20, Gearbox Software,3.1,484000,484000,RPG,9100,98000,1200,450000,385,X360,Take-Two Interactive,2.39,0.73,0.03,0.29,3.44
Borderlands,2009-10-20, Gearbox Software,3.1,484000,484000,RPG,9100,98000,1200,450000,779,PS3,Take-Two Interactive,1.2,0.62,0.0,0.29,2.11
Borderlands,2009-10-20, Gearbox Software,3.1,484000,484000,RPG,9100,98000,1200,450000,8035,PC,Take-Two Interactive,0.01,0.14,0.0,0.04,0.18
Borderlands,2009-10-20,2K Games,3.1,484000,484000, Shooter,9100,98000,1200,450000,385,X360,Take-Two Interactive,2.39,0.73,0.03,0.29,3.44
Borderlands,2009-10-20,2K Games,3.1,484000,484000, Shooter,9100,98000,1200,450000,779,PS3,Take-Two Interactive,1.2,0.62,0.0,0.29,2.11
Borderlands,2009-10-20,2K Games,3.1,484000,484000, Shooter,9100,98000,1200,450000,8035,PC,Take-Two Interactive,0.01,0.14,0.0,0.04,0.18
Borderlands,2009-10-20, Gearbox Software,3.1,484000,484000, Shooter,9100,98000,1200,450000,385,X360,Take-Two Interactive,2.39,0.73,0.03,0.29,3.44
Borderlands,2009-10-20, Gearbox Software,3.1,484000,484000, Shooter,9100,98000,1200,450000,779,PS3,Take-Two Interactive,1.2,0.62,0.0,0.29,2.11
Borderlands,2009-10-20, Gearbox Software,3.1,484000,484000, Shooter,9100,98000,1200,450000,8035,PC,Take-Two Interactive,0.01,0.14,0.0,0.04,0.18
Klonoa: Door to Phantomile,1997-12-11,Namco,4.1,648000,648000,Platform,2200,63000,877000,590000,8053,PS,Sony Computer Entertainment,0.0,0.0,0.17,0.01,0.18
Mario & Luigi: Bowser's Inside Story,2009-09-14,Nintendo,4.2,837000,837000,Platform,6600,95000,1500,629000,320,DS,Nintendo,2.26,0.48,0.81,0.27,3.83
Mario & Luigi: Bowser's Inside Story,2009-09-14, AlphaDream,4.2,837000,837000,Platform,6600,95000,1500,629000,320,DS,Nintendo,2.26,0.48,0.81,0.27,3.83
Mario & Luigi: Bowser's Inside Story,2009-09-14,Nintendo,4.2,837000,837000, RPG,6600,95000,1500,629000,320,DS,Nintendo,2.26,0.48,0.81,0.27,3.83
Mario & Luigi: Bowser's Inside Story,2009-09-14, AlphaDream,4.2,837000,837000, RPG,6600,95000,1500,629000,320,DS,Nintendo,2.26,0.48,0.81,0.27,3.83
Mass Effect 3,2012-03-06,BioWare Edmonton,3.7,777000,777000,Adventure,7300,79000,1500,482000,458,X360,Electronic Arts,1.94,0.86,0.03,0.24,3.07
Mass Effect 3,2012-03-06,BioWare Edmonton,3.7,777000,777000,Adventure,7300,79000,1500,482000,1311,PS3,Electronic Arts,0.63,0.59,0.03,0.21,1.46
Mass Effect 3,2012-03-06,BioWare Edmonton,3.7,777000,777000,Adventure,7300,79000,1500,482000,2133,PC,Electronic Arts,0.4,0.44,0.0,0.13,0.97
Mass Effect 3,2012-03-06,BioWare Edmonton,3.7,777000,777000,Adventure,7300,79000,1500,482000,6229,WiiU,Electronic Arts,0.14,0.11,0.0,0.02,0.28
Mass Effect 3,2012-03-06, Electronic Arts,3.7,777000,777000,Adventure,7300,79000,1500,482000,458,X360,Electronic Arts,1.94,0.86,0.03,0.24,3.07
Mass Effect 3,2012-03-06, Electronic Arts,3.7,777000,777000,Adventure,7300,79000,1500,482000,1311,PS3,Electronic Arts,0.63,0.59,0.03,0.21,1.46
Mass Effect 3,2012-03-06, Electronic Arts,3.7,777000,777000,Adventure,7300,79000,1500,482000,2133,PC,Electronic Arts,0.4,0.44,0.0,0.13,0.97
Mass Effect 3,2012-03-06, Electronic Arts,3.7,777000,777000,Adventure,7300,79000,1500,482000,6229,WiiU,Electronic Arts,0.14,0.11,0.0,0.02,0.28
Mass Effect 3,2012-03-06,BioWare Edmonton,3.7,777000,777000, RPG,7300,79000,1500,482000,458,X360,Electronic Arts,1.94,0.86,0.03,0.24,3.07
Mass Effect 3,2012-03-06,BioWare Edmonton,3.7,777000,777000, RPG,7300,79000,1500,482000,1311,PS3,Electronic Arts,0.63,0.59,0.03,0.21,1.46
Mass Effect 3,2012-03-06,BioWare Edmonton,3.7,777000,777000, RPG,7300,79000,1500,482000,2133,PC,Electronic Arts,0.4,0.44,0.0,0.13,0.97
Mass Effect 3,2012-03-06,BioWare Edmonton,3.7,777000,777000, RPG,7300,79000,1500,482000,6229,WiiU,Electronic Arts,0.14,0.11,0.0,0.02,0.28
Mass Effect 3,2012-03-06, Electronic Arts,3.7,777000,777000, RPG,7300,79000,1500,482000,458,X360,Electronic Arts,1.94,0.86,0.03,0.24,3.07
Mass Effect 3,2012-03-06, Electronic Arts,3.7,777000,777000, RPG,7300,79000,1500,482000,1311,PS3,Electronic Arts,0.63,0.59,0.03,0.21,1.46
Mass Effect 3,2012-03-06, Electronic Arts,3.7,777000,777000, RPG,7300,79000,1500,482000,2133,PC,Electronic Arts,0.4,0.44,0.0,0.13,0.97
Mass Effect 3,2012-03-06, Electronic Arts,3.7,777000,777000, RPG,7300,79000,1500,482000,6229,WiiU,Electronic Arts,0.14,0.11,0.0,0.02,0.28
Mass Effect 3,2012-03-06,BioWare Edmonton,3.7,777000,777000, Shooter,7300,79000,1500,482000,458,X360,Electronic Arts,1.94,0.86,0.03,0.24,3.07
Mass Effect 3,2012-03-06,BioWare Edmonton,3.7,777000,777000, Shooter,7300,79000,1500,482000,1311,PS3,Electronic Arts,0.63,0.59,0.03,0.21,1.46
Mass Effect 3,2012-03-06,BioWare Edmonton,3.7,777000,777000, Shooter,7300,79000,1500,482000,2133,PC,Electronic Arts,0.4,0.44,0.0,0.13,0.97
Mass Effect 3,2012-03-06,BioWare Edmonton,3.7,777000,777000, Shooter,7300,79000,1500,482000,6229,WiiU,Electronic Arts,0.14,0.11,0.0,0.02,0.28
Mass Effect 3,2012-03-06, Electronic Arts,3.7,777000,777000, Shooter,7300,79000,1500,482000,458,X360,Electronic Arts,1.94,0.86,0.03,0.24,3.07
Mass Effect 3,2012-03-06, Electronic Arts,3.7,777000,777000, Shooter,7300,79000,1500,482000,1311,PS3,Electronic Arts,0.63,0.59,0.03,0.21,1.46
Mass Effect 3,2012-03-06, Electronic Arts,3.7,777000,777000, Shooter,7300,79000,1500,482000,2133,PC,Electronic Arts,0.4,0.44,0.0,0.13,0.97
Mass Effect 3,2012-03-06, Electronic Arts,3.7,777000,777000, Shooter,7300,79000,1500,482000,6229,WiiU,Electronic Arts,0.14,0.11,0.0,0.02,0.28
Goat Simulator,2014-04-01,Coffee Stain Studios,2.4,337000,337000,Adventure,8400,22000,492000,125000,16432,XOne,Koch Media,0.0,0.01,0.0,0.0,0.01
Goat Simulator,2014-04-01,Coffee Stain Studios,2.4,337000,337000, Indie,8400,22000,492000,125000,16432,XOne,Koch Media,0.0,0.01,0.0,0.0,0.01
Goat Simulator,2014-04-01,Coffee Stain Studios,2.4,337000,337000, Simulator,8400,22000,492000,125000,16432,XOne,Koch Media,0.0,0.01,0.0,0.0,0.01
Call of Duty: Modern Warfare 3,2011-11-08,Sledgehammer Games,3.2,587000,587000,Adventure,10000,27000,492000,195000,30,X360,Activision,9.03,4.28,0.13,1.32,14.76
Call of Duty: Modern Warfare 3,2011-11-08,Sledgehammer Games,3.2,587000,587000,Adventure,10000,27000,492000,195000,38,PS3,Activision,5.54,5.82,0.49,1.62,13.46
Call of Duty: Modern Warfare 3,2011-11-08,Sledgehammer Games,3.2,587000,587000,Adventure,10000,27000,492000,195000,1039,PC,Activision,0.41,0.98,0.0,0.33,1.72
Call of Duty: Modern Warfare 3,2011-11-08,Sledgehammer Games,3.2,587000,587000,Adventure,10000,27000,492000,195000,2352,Wii,Activision,0.6,0.21,0.0,0.08,0.89
Call of Duty: Modern Warfare 3,2011-11-08, Activision,3.2,587000,587000,Adventure,10000,27000,492000,195000,30,X360,Activision,9.03,4.28,0.13,1.32,14.76
Call of Duty: Modern Warfare 3,2011-11-08, Activision,3.2,587000,587000,Adventure,10000,27000,492000,195000,38,PS3,Activision,5.54,5.82,0.49,1.62,13.46
Call of Duty: Modern Warfare 3,2011-11-08, Activision,3.2,587000,587000,Adventure,10000,27000,492000,195000,1039,PC,Activision,0.41,0.98,0.0,0.33,1.72
Call of Duty: Modern Warfare 3,2011-11-08, Activision,3.2,587000,587000,Adventure,10000,27000,492000,195000,2352,Wii,Activision,0.6,0.21,0.0,0.08,0.89
Call of Duty: Modern Warfare 3,2011-11-08,Sledgehammer Games,3.2,587000,587000, Shooter,10000,27000,492000,195000,30,X360,Activision,9.03,4.28,0.13,1.32,14.76
Call of Duty: Modern Warfare 3,2011-11-08,Sledgehammer Games,3.2,587000,587000, Shooter,10000,27000,492000,195000,38,PS3,Activision,5.54,5.82,0.49,1.62,13.46
Call of Duty: Modern Warfare 3,2011-11-08,Sledgehammer Games,3.2,587000,587000, Shooter,10000,27000,492000,195000,1039,PC,Activision,0.41,0.98,0.0,0.33,1.72
Call of Duty: Modern Warfare 3,2011-11-08,Sledgehammer Games,3.2,587000,587000, Shooter,10000,27000,492000,195000,2352,Wii,Activision,0.6,0.21,0.0,0.08,0.89
Call of Duty: Modern Warfare 3,2011-11-08, Activision,3.2,587000,587000, Shooter,10000,27000,492000,195000,30,X360,Activision,9.03,4.28,0.13,1.32,14.76
Call of Duty: Modern Warfare 3,2011-11-08, Activision,3.2,587000,587000, Shooter,10000,27000,492000,195000,38,PS3,Activision,5.54,5.82,0.49,1.62,13.46
Call of Duty: Modern Warfare 3,2011-11-08, Activision,3.2,587000,587000, Shooter,10000,27000,492000,195000,1039,PC,Activision,0.41,0.98,0.0,0.33,1.72
Call of Duty: Modern Warfare 3,2011-11-08, Activision,3.2,587000,587000, Shooter,10000,27000,492000,195000,2352,Wii,Activision,0.6,0.21,0.0,0.08,0.89
Call of Duty: Modern Warfare 3,2011-11-08,Sledgehammer Games,3.2,587000,587000, Tactical,10000,27000,492000,195000,30,X360,Activision,9.03,4.28,0.13,1.32,14.76
Call of Duty: Modern Warfare 3,2011-11-08,Sledgehammer Games,3.2,587000,587000, Tactical,10000,27000,492000,195000,38,PS3,Activision,5.54,5.82,0.49,1.62,13.46
Call of Duty: Modern Warfare 3,2011-11-08,Sledgehammer Games,3.2,587000,587000, Tactical,10000,27000,492000,195000,1039,PC,Activision,0.41,0.98,0.0,0.33,1.72
Call of Duty: Modern Warfare 3,2011-11-08,Sledgehammer Games,3.2,587000,587000, Tactical,10000,27000,492000,195000,2352,Wii,Activision,0.6,0.21,0.0,0.08,0.89
Call of Duty: Modern Warfare 3,2011-11-08, Activision,3.2,587000,587000, Tactical,10000,27000,492000,195000,30,X360,Activision,9.03,4.28,0.13,1.32,14.76
Call of Duty: Modern Warfare 3,2011-11-08, Activision,3.2,587000,587000, Tactical,10000,27000,492000,195000,38,PS3,Activision,5.54,5.82,0.49,1.62,13.46
Call of Duty: Modern Warfare 3,2011-11-08, Activision,3.2,587000,587000, Tactical,10000,27000,492000,195000,1039,PC,Activision,0.41,0.98,0.0,0.33,1.72
Call of Duty: Modern Warfare 3,2011-11-08, Activision,3.2,587000,587000, Tactical,10000,27000,492000,195000,2352,Wii,Activision,0.6,0.21,0.0,0.08,0.89
The Legend of Zelda: Twilight Princess,2006-11-19,Nintendo,4.1,642000,642000,Adventure,6000,82000,1100,466000,101,Wii,Nintendo,3.83,2.19,0.6,0.7,7.31
The Legend of Zelda: Twilight Princess,2006-11-19,Nintendo,4.1,642000,642000,Adventure,6000,82000,1100,466000,1162,GC,Nintendo,1.15,0.36,0.04,0.04,1.59
The Legend of Zelda: Twilight Princess,2006-11-19, Nintendo EAD Software Development Group No.3,4.1,642000,642000,Adventure,6000,82000,1100,466000,101,Wii,Nintendo,3.83,2.19,0.6,0.7,7.31
The Legend of Zelda: Twilight Princess,2006-11-19, Nintendo EAD Software Development Group No.3,4.1,642000,642000,Adventure,6000,82000,1100,466000,1162,GC,Nintendo,1.15,0.36,0.04,0.04,1.59
The Legend of Zelda: Twilight Princess,2006-11-19,Nintendo,4.1,642000,642000, RPG,6000,82000,1100,466000,101,Wii,Nintendo,3.83,2.19,0.6,0.7,7.31
The Legend of Zelda: Twilight Princess,2006-11-19,Nintendo,4.1,642000,642000, RPG,6000,82000,1100,466000,1162,GC,Nintendo,1.15,0.36,0.04,0.04,1.59
The Legend of Zelda: Twilight Princess,2006-11-19, Nintendo EAD Software Development Group No.3,4.1,642000,642000, RPG,6000,82000,1100,466000,101,Wii,Nintendo,3.83,2.19,0.6,0.7,7.31
The Legend of Zelda: Twilight Princess,2006-11-19, Nintendo EAD Software Development Group No.3,4.1,642000,642000, RPG,6000,82000,1100,466000,1162,GC,Nintendo,1.15,0.36,0.04,0.04,1.59
Super Mario RPG: Legend of the Seven Stars,1996-03-09,Square,4.0,832000,832000,Adventure,4400,133000,2300,858000,764,SNES,Nintendo,0.66,0.0,1.45,0.03,2.14
Super Mario RPG: Legend of the Seven Stars,1996-03-09, Nintendo,4.0,832000,832000,Adventure,4400,133000,2300,858000,764,SNES,Nintendo,0.66,0.0,1.45,0.03,2.14
Super Mario RPG: Legend of the Seven Stars,1996-03-09,Square,4.0,832000,832000, Platform,4400,133000,2300,858000,764,SNES,Nintendo,0.66,0.0,1.45,0.03,2.14
Super Mario RPG: Legend of the Seven Stars,1996-03-09, Nintendo,4.0,832000,832000, Platform,4400,133000,2300,858000,764,SNES,Nintendo,0.66,0.0,1.45,0.03,2.14
Super Mario RPG: Legend of the Seven Stars,1996-03-09,Square,4.0,832000,832000, RPG,4400,133000,2300,858000,764,SNES,Nintendo,0.66,0.0,1.45,0.03,2.14
Super Mario RPG: Legend of the Seven Stars,1996-03-09, Nintendo,4.0,832000,832000, RPG,4400,133000,2300,858000,764,SNES,Nintendo,0.66,0.0,1.45,0.03,2.14
DmC: Devil May Cry,2013-01-15,Ninja Theory,3.0,432000,432000,Adventure,6300,62000,1200,448000,2520,PS3,Capcom,0.24,0.28,0.19,0.12,0.82
DmC: Devil May Cry,2013-01-15,Ninja Theory,3.0,432000,432000,Adventure,6300,62000,1200,448000,4431,X360,Capcom,0.26,0.13,0.01,0.04,0.44
DmC: Devil May Cry,2013-01-15,Ninja Theory,3.0,432000,432000,Adventure,6300,62000,1200,448000,5874,PS4,Capcom,0.12,0.13,0.0,0.05,0.3
DmC: Devil May Cry,2013-01-15,Ninja Theory,3.0,432000,432000,Adventure,6300,62000,1200,448000,9373,XOne,Capcom,0.08,0.04,0.0,0.01,0.13
DmC: Devil May Cry,2013-01-15, Capcom,3.0,432000,432000,Adventure,6300,62000,1200,448000,2520,PS3,Capcom,0.24,0.28,0.19,0.12,0.82
DmC: Devil May Cry,2013-01-15, Capcom,3.0,432000,432000,Adventure,6300,62000,1200,448000,4431,X360,Capcom,0.26,0.13,0.01,0.04,0.44
DmC: Devil May Cry,2013-01-15, Capcom,3.0,432000,432000,Adventure,6300,62000,1200,448000,5874,PS4,Capcom,0.12,0.13,0.0,0.05,0.3
DmC: Devil May Cry,2013-01-15, Capcom,3.0,432000,432000,Adventure,6300,62000,1200,448000,9373,XOne,Capcom,0.08,0.04,0.0,0.01,0.13
DmC: Devil May Cry,2013-01-15,Ninja Theory,3.0,432000,432000, Brawler,6300,62000,1200,448000,2520,PS3,Capcom,0.24,0.28,0.19,0.12,0.82
DmC: Devil May Cry,2013-01-15,Ninja Theory,3.0,432000,432000, Brawler,6300,62000,1200,448000,4431,X360,Capcom,0.26,0.13,0.01,0.04,0.44
DmC: Devil May Cry,2013-01-15,Ninja Theory,3.0,432000,432000, Brawler,6300,62000,1200,448000,5874,PS4,Capcom,0.12,0.13,0.0,0.05,0.3
DmC: Devil May Cry,2013-01-15,Ninja Theory,3.0,432000,432000, Brawler,6300,62000,1200,448000,9373,XOne,Capcom,0.08,0.04,0.0,0.01,0.13
DmC: Devil May Cry,2013-01-15, Capcom,3.0,432000,432000, Brawler,6300,62000,1200,448000,2520,PS3,Capcom,0.24,0.28,0.19,0.12,0.82
DmC: Devil May Cry,2013-01-15, Capcom,3.0,432000,432000, Brawler,6300,62000,1200,448000,4431,X360,Capcom,0.26,0.13,0.01,0.04,0.44
DmC: Devil May Cry,2013-01-15, Capcom,3.0,432000,432000, Brawler,6300,62000,1200,448000,5874,PS4,Capcom,0.12,0.13,0.0,0.05,0.3
DmC: Devil May Cry,2013-01-15, Capcom,3.0,432000,432000, Brawler,6300,62000,1200,448000,9373,XOne,Capcom,0.08,0.04,0.0,0.01,0.13
Dragon Age: Origins,2009-11-03,Electronic Arts,4.0,712000,712000,RPG,6100,148000,1700,534000,600,X360,Electronic Arts,1.76,0.56,0.03,0.22,2.57
Dragon Age: Origins,2009-11-03,Electronic Arts,4.0,712000,712000,RPG,6100,148000,1700,534000,1064,PS3,Electronic Arts,0.96,0.44,0.08,0.22,1.69
Dragon Age: Origins,2009-11-03,Electronic Arts,4.0,712000,712000,RPG,6100,148000,1700,534000,3880,PC,Electronic Arts,0.0,0.46,0.0,0.06,0.51
Dragon Age: Origins,2009-11-03, BioWare,4.0,712000,712000,RPG,6100,148000,1700,534000,600,X360,Electronic Arts,1.76,0.56,0.03,0.22,2.57
Dragon Age: Origins,2009-11-03, BioWare,4.0,712000,712000,RPG,6100,148000,1700,534000,1064,PS3,Electronic Arts,0.96,0.44,0.08,0.22,1.69
Dragon Age: Origins,2009-11-03, BioWare,4.0,712000,712000,RPG,6100,148000,1700,534000,3880,PC,Electronic Arts,0.0,0.46,0.0,0.06,0.51
Vagrant Story,2000-02-10,Square,4.0,503000,503000,Adventure,1000,59000,1600,889000,2404,PS,Crave Entertainment,0.3,0.2,0.3,0.06,0.87
Vagrant Story,2000-02-10, (Archive) Square Product Development Division 4,4.0,503000,503000,Adventure,1000,59000,1600,889000,2404,PS,Crave Entertainment,0.3,0.2,0.3,0.06,0.87
Vagrant Story,2000-02-10,Square,4.0,503000,503000, RPG,1000,59000,1600,889000,2404,PS,Crave Entertainment,0.3,0.2,0.3,0.06,0.87
Vagrant Story,2000-02-10, (Archive) Square Product Development Division 4,4.0,503000,503000, RPG,1000,59000,1600,889000,2404,PS,Crave Entertainment,0.3,0.2,0.3,0.06,0.87
LEGO Marvel Super Heroes,2013-09-30,WB Games,3.6,522000,522000,Adventure,6000,65000,592000,126000,692,X360,Warner Bros. Interactive Entertainment,1.24,0.85,0.0,0.21,2.3
LEGO Marvel Super Heroes,2013-09-30,WB Games,3.6,522000,522000,Adventure,6000,65000,592000,126000,848,PS3,Warner Bros. Interactive Entertainment,0.77,0.85,0.01,0.37,2.0
LEGO Marvel Super Heroes,2013-09-30,WB Games,3.6,522000,522000,Adventure,6000,65000,592000,126000,1195,PS4,Warner Bros. Interactive Entertainment,0.59,0.75,0.01,0.21,1.56
LEGO Marvel Super Heroes,2013-09-30,WB Games,3.6,522000,522000,Adventure,6000,65000,592000,126000,2009,XOne,Warner Bros. Interactive Entertainment,0.61,0.34,0.0,0.09,1.04
LEGO Marvel Super Heroes,2013-09-30,WB Games,3.6,522000,522000,Adventure,6000,65000,592000,126000,2346,3DS,Warner Bros. Interactive Entertainment,0.42,0.36,0.04,0.07,0.89
LEGO Marvel Super Heroes,2013-09-30,WB Games,3.6,522000,522000,Adventure,6000,65000,592000,126000,2776,WiiU,Warner Bros. Interactive Entertainment,0.31,0.35,0.02,0.06,0.74
LEGO Marvel Super Heroes,2013-09-30,WB Games,3.6,522000,522000,Adventure,6000,65000,592000,126000,3082,PSV,Warner Bros. Interactive Entertainment,0.15,0.35,0.0,0.16,0.66
LEGO Marvel Super Heroes,2013-09-30,WB Games,3.6,522000,522000,Adventure,6000,65000,592000,126000,4058,DS,Warner Bros. Interactive Entertainment,0.28,0.17,0.0,0.04,0.49
LEGO Marvel Super Heroes,2013-09-30,WB Games,3.6,522000,522000,Adventure,6000,65000,592000,126000,8097,PC,Warner Bros. Interactive Entertainment,0.04,0.12,0.0,0.02,0.18
LEGO Marvel Super Heroes,2013-09-30," ""Travellers Tales""",3.6,522000,522000,Adventure,6000,65000,592000,126000,692,X360,Warner Bros. Interactive Entertainment,1.24,0.85,0.0,0.21,2.3
LEGO Marvel Super Heroes,2013-09-30," ""Travellers Tales""",3.6,522000,522000,Adventure,6000,65000,592000,126000,848,PS3,Warner Bros. Interactive Entertainment,0.77,0.85,0.01,0.37,2.0
LEGO Marvel Super Heroes,2013-09-30," ""Travellers Tales""",3.6,522000,522000,Adventure,6000,65000,592000,126000,1195,PS4,Warner Bros. Interactive Entertainment,0.59,0.75,0.01,0.21,1.56
LEGO Marvel Super Heroes,2013-09-30," ""Travellers Tales""",3.6,522000,522000,Adventure,6000,65000,592000,126000,2009,XOne,Warner Bros. Interactive Entertainment,0.61,0.34,0.0,0.09,1.04
LEGO Marvel Super Heroes,2013-09-30," ""Travellers Tales""",3.6,522000,522000,Adventure,6000,65000,592000,126000,2346,3DS,Warner Bros. Interactive Entertainment,0.42,0.36,0.04,0.07,0.89
LEGO Marvel Super Heroes,2013-09-30," ""Travellers Tales""",3.6,522000,522000,Adventure,6000,65000,592000,126000,2776,WiiU,Warner Bros. Interactive Entertainment,0.31,0.35,0.02,0.06,0.74
LEGO Marvel Super Heroes,2013-09-30," ""Travellers Tales""",3.6,522000,522000,Adventure,6000,65000,592000,126000,3082,PSV,Warner Bros. Interactive Entertainment,0.15,0.35,0.0,0.16,0.66
LEGO Marvel Super Heroes,2013-09-30," ""Travellers Tales""",3.6,522000,522000,Adventure,6000,65000,592000,126000,4058,DS,Warner Bros. Interactive Entertainment,0.28,0.17,0.0,0.04,0.49
LEGO Marvel Super Heroes,2013-09-30," ""Travellers Tales""",3.6,522000,522000,Adventure,6000,65000,592000,126000,8097,PC,Warner Bros. Interactive Entertainment,0.04,0.12,0.0,0.02,0.18
LEGO Marvel Super Heroes,2013-09-30,WB Games,3.6,522000,522000, Brawler,6000,65000,592000,126000,692,X360,Warner Bros. Interactive Entertainment,1.24,0.85,0.0,0.21,2.3
LEGO Marvel Super Heroes,2013-09-30,WB Games,3.6,522000,522000, Brawler,6000,65000,592000,126000,848,PS3,Warner Bros. Interactive Entertainment,0.77,0.85,0.01,0.37,2.0
LEGO Marvel Super Heroes,2013-09-30,WB Games,3.6,522000,522000, Brawler,6000,65000,592000,126000,1195,PS4,Warner Bros. Interactive Entertainment,0.59,0.75,0.01,0.21,1.56
LEGO Marvel Super Heroes,2013-09-30,WB Games,3.6,522000,522000, Brawler,6000,65000,592000,126000,2009,XOne,Warner Bros. Interactive Entertainment,0.61,0.34,0.0,0.09,1.04
LEGO Marvel Super Heroes,2013-09-30,WB Games,3.6,522000,522000, Brawler,6000,65000,592000,126000,2346,3DS,Warner Bros. Interactive Entertainment,0.42,0.36,0.04,0.07,0.89
LEGO Marvel Super Heroes,2013-09-30,WB Games,3.6,522000,522000, Brawler,6000,65000,592000,126000,2776,WiiU,Warner Bros. Interactive Entertainment,0.31,0.35,0.02,0.06,0.74
LEGO Marvel Super Heroes,2013-09-30,WB Games,3.6,522000,522000, Brawler,6000,65000,592000,126000,3082,PSV,Warner Bros. Interactive Entertainment,0.15,0.35,0.0,0.16,0.66
LEGO Marvel Super Heroes,2013-09-30,WB Games,3.6,522000,522000, Brawler,6000,65000,592000,126000,4058,DS,Warner Bros. Interactive Entertainment,0.28,0.17,0.0,0.04,0.49
LEGO Marvel Super Heroes,2013-09-30,WB Games,3.6,522000,522000, Brawler,6000,65000,592000,126000,8097,PC,Warner Bros. Interactive Entertainment,0.04,0.12,0.0,0.02,0.18
LEGO Marvel Super Heroes,2013-09-30," ""Travellers Tales""",3.6,522000,522000, Brawler,6000,65000,592000,126000,692,X360,Warner Bros. Interactive Entertainment,1.24,0.85,0.0,0.21,2.3
LEGO Marvel Super Heroes,2013-09-30," ""Travellers Tales""",3.6,522000,522000, Brawler,6000,65000,592000,126000,848,PS3,Warner Bros. Interactive Entertainment,0.77,0.85,0.01,0.37,2.0
LEGO Marvel Super Heroes,2013-09-30," ""Travellers Tales""",3.6,522000,522000, Brawler,6000,65000,592000,126000,1195,PS4,Warner Bros. Interactive Entertainment,0.59,0.75,0.01,0.21,1.56
LEGO Marvel Super Heroes,2013-09-30," ""Travellers Tales""",3.6,522000,522000, Brawler,6000,65000,592000,126000,2009,XOne,Warner Bros. Interactive Entertainment,0.61,0.34,0.0,0.09,1.04
LEGO Marvel Super Heroes,2013-09-30," ""Travellers Tales""",3.6,522000,522000, Brawler,6000,65000,592000,126000,2346,3DS,Warner Bros. Interactive Entertainment,0.42,0.36,0.04,0.07,0.89
LEGO Marvel Super Heroes,2013-09-30," ""Travellers Tales""",3.6,522000,522000, Brawler,6000,65000,592000,126000,2776,WiiU,Warner Bros. Interactive Entertainment,0.31,0.35,0.02,0.06,0.74
LEGO Marvel Super Heroes,2013-09-30," ""Travellers Tales""",3.6,522000,522000, Brawler,6000,65000,592000,126000,3082,PSV,Warner Bros. Interactive Entertainment,0.15,0.35,0.0,0.16,0.66
LEGO Marvel Super Heroes,2013-09-30," ""Travellers Tales""",3.6,522000,522000, Brawler,6000,65000,592000,126000,4058,DS,Warner Bros. Interactive Entertainment,0.28,0.17,0.0,0.04,0.49
LEGO Marvel Super Heroes,2013-09-30," ""Travellers Tales""",3.6,522000,522000, Brawler,6000,65000,592000,126000,8097,PC,Warner Bros. Interactive Entertainment,0.04,0.12,0.0,0.02,0.18
LEGO Marvel Super Heroes,2013-09-30,WB Games,3.6,522000,522000, Puzzle,6000,65000,592000,126000,692,X360,Warner Bros. Interactive Entertainment,1.24,0.85,0.0,0.21,2.3
LEGO Marvel Super Heroes,2013-09-30,WB Games,3.6,522000,522000, Puzzle,6000,65000,592000,126000,848,PS3,Warner Bros. Interactive Entertainment,0.77,0.85,0.01,0.37,2.0
LEGO Marvel Super Heroes,2013-09-30,WB Games,3.6,522000,522000, Puzzle,6000,65000,592000,126000,1195,PS4,Warner Bros. Interactive Entertainment,0.59,0.75,0.01,0.21,1.56
LEGO Marvel Super Heroes,2013-09-30,WB Games,3.6,522000,522000, Puzzle,6000,65000,592000,126000,2009,XOne,Warner Bros. Interactive Entertainment,0.61,0.34,0.0,0.09,1.04
LEGO Marvel Super Heroes,2013-09-30,WB Games,3.6,522000,522000, Puzzle,6000,65000,592000,126000,2346,3DS,Warner Bros. Interactive Entertainment,0.42,0.36,0.04,0.07,0.89
LEGO Marvel Super Heroes,2013-09-30,WB Games,3.6,522000,522000, Puzzle,6000,65000,592000,126000,2776,WiiU,Warner Bros. Interactive Entertainment,0.31,0.35,0.02,0.06,0.74
LEGO Marvel Super Heroes,2013-09-30,WB Games,3.6,522000,522000, Puzzle,6000,65000,592000,126000,3082,PSV,Warner Bros. Interactive Entertainment,0.15,0.35,0.0,0.16,0.66
LEGO Marvel Super Heroes,2013-09-30,WB Games,3.6,522000,522000, Puzzle,6000,65000,592000,126000,4058,DS,Warner Bros. Interactive Entertainment,0.28,0.17,0.0,0.04,0.49
LEGO Marvel Super Heroes,2013-09-30,WB Games,3.6,522000,522000, Puzzle,6000,65000,592000,126000,8097,PC,Warner Bros. Interactive Entertainment,0.04,0.12,0.0,0.02,0.18
LEGO Marvel Super Heroes,2013-09-30," ""Travellers Tales""",3.6,522000,522000, Puzzle,6000,65000,592000,126000,692,X360,Warner Bros. Interactive Entertainment,1.24,0.85,0.0,0.21,2.3
LEGO Marvel Super Heroes,2013-09-30," ""Travellers Tales""",3.6,522000,522000, Puzzle,6000,65000,592000,126000,848,PS3,Warner Bros. Interactive Entertainment,0.77,0.85,0.01,0.37,2.0
LEGO Marvel Super Heroes,2013-09-30," ""Travellers Tales""",3.6,522000,522000, Puzzle,6000,65000,592000,126000,1195,PS4,Warner Bros. Interactive Entertainment,0.59,0.75,0.01,0.21,1.56
LEGO Marvel Super Heroes,2013-09-30," ""Travellers Tales""",3.6,522000,522000, Puzzle,6000,65000,592000,126000,2009,XOne,Warner Bros. Interactive Entertainment,0.61,0.34,0.0,0.09,1.04
LEGO Marvel Super Heroes,2013-09-30," ""Travellers Tales""",3.6,522000,522000, Puzzle,6000,65000,592000,126000,2346,3DS,Warner Bros. Interactive Entertainment,0.42,0.36,0.04,0.07,0.89
LEGO Marvel Super Heroes,2013-09-30," ""Travellers Tales""",3.6,522000,522000, Puzzle,6000,65000,592000,126000,2776,WiiU,Warner Bros. Interactive Entertainment,0.31,0.35,0.02,0.06,0.74
LEGO Marvel Super Heroes,2013-09-30," ""Travellers Tales""",3.6,522000,522000, Puzzle,6000,65000,592000,126000,3082,PSV,Warner Bros. Interactive Entertainment,0.15,0.35,0.0,0.16,0.66
LEGO Marvel Super Heroes,2013-09-30," ""Travellers Tales""",3.6,522000,522000, Puzzle,6000,65000,592000,126000,4058,DS,Warner Bros. Interactive Entertainment,0.28,0.17,0.0,0.04,0.49
LEGO Marvel Super Heroes,2013-09-30," ""Travellers Tales""",3.6,522000,522000, Puzzle,6000,65000,592000,126000,8097,PC,Warner Bros. Interactive Entertainment,0.04,0.12,0.0,0.02,0.18
Sonic Colors,2010-11-11,SEGA of America,3.4,609000,609000,Adventure,5100,44000,690000,342000,1021,Wii,Sega,0.96,0.61,0.01,0.16,1.74
Sonic Colors,2010-11-11,SEGA of America,3.4,609000,609000,Adventure,5100,44000,690000,342000,1420,DS,Sega,0.74,0.5,0.01,0.13,1.37
Sonic Colors,2010-11-11, Sonic Team,3.4,609000,609000,Adventure,5100,44000,690000,342000,1021,Wii,Sega,0.96,0.61,0.01,0.16,1.74
Sonic Colors,2010-11-11, Sonic Team,3.4,609000,609000,Adventure,5100,44000,690000,342000,1420,DS,Sega,0.74,0.5,0.01,0.13,1.37
Sonic Colors,2010-11-11,SEGA of America,3.4,609000,609000, Platform,5100,44000,690000,342000,1021,Wii,Sega,0.96,0.61,0.01,0.16,1.74
Sonic Colors,2010-11-11,SEGA of America,3.4,609000,609000, Platform,5100,44000,690000,342000,1420,DS,Sega,0.74,0.5,0.01,0.13,1.37
Sonic Colors,2010-11-11, Sonic Team,3.4,609000,609000, Platform,5100,44000,690000,342000,1021,Wii,Sega,0.96,0.61,0.01,0.16,1.74
Sonic Colors,2010-11-11, Sonic Team,3.4,609000,609000, Platform,5100,44000,690000,342000,1420,DS,Sega,0.74,0.5,0.01,0.13,1.37
Zelda II: The Adventure of Link,1987-01-14,Nintendo,2.6,756000,756000,Adventure,4500,55000,1100,290000,252,NES,Nintendo,2.19,0.5,1.61,0.08,4.38
Zelda II: The Adventure of Link,1987-01-14, Nintendo EAD,2.6,756000,756000,Adventure,4500,55000,1100,290000,252,NES,Nintendo,2.19,0.5,1.61,0.08,4.38
Zelda II: The Adventure of Link,1987-01-14,Nintendo,2.6,756000,756000, RPG,4500,55000,1100,290000,252,NES,Nintendo,2.19,0.5,1.61,0.08,4.38
Zelda II: The Adventure of Link,1987-01-14, Nintendo EAD,2.6,756000,756000, RPG,4500,55000,1100,290000,252,NES,Nintendo,2.19,0.5,1.61,0.08,4.38
Battlefield 4,2013-10-29,EA Digital Illusions CE,3.5,431000,431000,Shooter,7100,72000,506000,124000,337,PS3,Electronic Arts,1.3,1.51,0.27,0.61,3.69
Battlefield 4,2013-10-29,EA Digital Illusions CE,3.5,431000,431000,Shooter,7100,72000,506000,124000,366,X360,Electronic Arts,2.14,1.08,0.02,0.29,3.53
Battlefield 4,2013-10-29,EA Digital Illusions CE,3.5,431000,431000,Shooter,7100,72000,506000,124000,387,PS4,Electronic Arts,1.34,1.54,0.17,0.38,3.43
Battlefield 4,2013-10-29,EA Digital Illusions CE,3.5,431000,431000,Shooter,7100,72000,506000,124000,858,XOne,Electronic Arts,1.25,0.58,0.0,0.16,1.98
Battlefield 4,2013-10-29,EA Digital Illusions CE,3.5,431000,431000,Shooter,7100,72000,506000,124000,1388,PC,Electronic Arts,0.38,0.86,0.0,0.16,1.4
Battlefield 4,2013-10-29, Electronic Arts,3.5,431000,431000,Shooter,7100,72000,506000,124000,337,PS3,Electronic Arts,1.3,1.51,0.27,0.61,3.69
Battlefield 4,2013-10-29, Electronic Arts,3.5,431000,431000,Shooter,7100,72000,506000,124000,366,X360,Electronic Arts,2.14,1.08,0.02,0.29,3.53
Battlefield 4,2013-10-29, Electronic Arts,3.5,431000,431000,Shooter,7100,72000,506000,124000,387,PS4,Electronic Arts,1.34,1.54,0.17,0.38,3.43
Battlefield 4,2013-10-29, Electronic Arts,3.5,431000,431000,Shooter,7100,72000,506000,124000,858,XOne,Electronic Arts,1.25,0.58,0.0,0.16,1.98
Battlefield 4,2013-10-29, Electronic Arts,3.5,431000,431000,Shooter,7100,72000,506000,124000,1388,PC,Electronic Arts,0.38,0.86,0.0,0.16,1.4
Dragon Ball Z: Budokai Tenkaichi 3,2007-10-04,Namco Bandai Games,3.9,435000,435000,Fighting,6600,32000,278000,135000,470,PS2,Atari,1.15,0.0,0.76,1.09,3.0
Dragon Ball Z: Budokai Tenkaichi 3,2007-10-04,Namco Bandai Games,3.9,435000,435000,Fighting,6600,32000,278000,135000,1993,Wii,Atari,0.33,0.37,0.26,0.09,1.04
Dragon Ball Z: Budokai Tenkaichi 3,2007-10-04, Spike,3.9,435000,435000,Fighting,6600,32000,278000,135000,470,PS2,Atari,1.15,0.0,0.76,1.09,3.0
Dragon Ball Z: Budokai Tenkaichi 3,2007-10-04, Spike,3.9,435000,435000,Fighting,6600,32000,278000,135000,1993,Wii,Atari,0.33,0.37,0.26,0.09,1.04
Beyond: Two Souls,2013-10-08,Quantic Dream,2.7,433000,433000,Adventure,5400,52000,1100,524000,971,PS3,Sony Computer Entertainment,0.52,0.88,0.06,0.34,1.79
Beyond: Two Souls,2013-10-08, Sony Computer Entertainment,2.7,433000,433000,Adventure,5400,52000,1100,524000,971,PS3,Sony Computer Entertainment,0.52,0.88,0.06,0.34,1.79
Psychonauts,2005-04-19,Double Fine Productions,4.0,1200,1200,Adventure,7100,388000,4200,1200,9883,XB,THQ,0.09,0.03,0.0,0.0,0.12
Psychonauts,2005-04-19,Double Fine Productions,4.0,1200,1200,Adventure,7100,388000,4200,1200,10887,PS2,Majesco Entertainment,0.05,0.04,0.0,0.01,0.09
Psychonauts,2005-04-19, Majesco Entertainment,4.0,1200,1200,Adventure,7100,388000,4200,1200,9883,XB,THQ,0.09,0.03,0.0,0.0,0.12
Psychonauts,2005-04-19, Majesco Entertainment,4.0,1200,1200,Adventure,7100,388000,4200,1200,10887,PS2,Majesco Entertainment,0.05,0.04,0.0,0.01,0.09
Psychonauts,2005-04-19,Double Fine Productions,4.0,1200,1200, Platform,7100,388000,4200,1200,9883,XB,THQ,0.09,0.03,0.0,0.0,0.12
Psychonauts,2005-04-19,Double Fine Productions,4.0,1200,1200, Platform,7100,388000,4200,1200,10887,PS2,Majesco Entertainment,0.05,0.04,0.0,0.01,0.09
Psychonauts,2005-04-19, Majesco Entertainment,4.0,1200,1200, Platform,7100,388000,4200,1200,9883,XB,THQ,0.09,0.03,0.0,0.0,0.12
Psychonauts,2005-04-19, Majesco Entertainment,4.0,1200,1200, Platform,7100,388000,4200,1200,10887,PS2,Majesco Entertainment,0.05,0.04,0.0,0.01,0.09
Fallout 4,2015-11-09,Bethesda Game Studios,3.1,1000,1000,RPG,16000,407000,2900,752000,110,PS4,Bethesda Softworks,2.47,3.15,0.24,1.1,6.96
Fallout 4,2015-11-09,Bethesda Game Studios,3.1,1000,1000,RPG,16000,407000,2900,752000,288,XOne,Bethesda Softworks,2.45,1.26,0.01,0.37,4.09
Fallout 4,2015-11-09,Bethesda Game Studios,3.1,1000,1000,RPG,16000,407000,2900,752000,1632,PC,Bethesda Softworks,0.5,0.63,0.0,0.1,1.23
Fallout 4,2015-11-09, Bethesda Softworks,3.1,1000,1000,RPG,16000,407000,2900,752000,110,PS4,Bethesda Softworks,2.47,3.15,0.24,1.1,6.96
Fallout 4,2015-11-09, Bethesda Softworks,3.1,1000,1000,RPG,16000,407000,2900,752000,288,XOne,Bethesda Softworks,2.45,1.26,0.01,0.37,4.09
Fallout 4,2015-11-09, Bethesda Softworks,3.1,1000,1000,RPG,16000,407000,2900,752000,1632,PC,Bethesda Softworks,0.5,0.63,0.0,0.1,1.23
Fallout 4,2015-11-09,Bethesda Game Studios,3.1,1000,1000, Shooter,16000,407000,2900,752000,110,PS4,Bethesda Softworks,2.47,3.15,0.24,1.1,6.96
Fallout 4,2015-11-09,Bethesda Game Studios,3.1,1000,1000, Shooter,16000,407000,2900,752000,288,XOne,Bethesda Softworks,2.45,1.26,0.01,0.37,4.09
Fallout 4,2015-11-09,Bethesda Game Studios,3.1,1000,1000, Shooter,16000,407000,2900,752000,1632,PC,Bethesda Softworks,0.5,0.63,0.0,0.1,1.23
Fallout 4,2015-11-09, Bethesda Softworks,3.1,1000,1000, Shooter,16000,407000,2900,752000,110,PS4,Bethesda Softworks,2.47,3.15,0.24,1.1,6.96
Fallout 4,2015-11-09, Bethesda Softworks,3.1,1000,1000, Shooter,16000,407000,2900,752000,288,XOne,Bethesda Softworks,2.45,1.26,0.01,0.37,4.09
Fallout 4,2015-11-09, Bethesda Softworks,3.1,1000,1000, Shooter,16000,407000,2900,752000,1632,PC,Bethesda Softworks,0.5,0.63,0.0,0.1,1.23
Uncharted 4: A Thief's End,2016-05-10,Naughty Dog,4.1,1800,1800,Adventure,14000,177000,2700,1200,272,PS4,Sony Computer Entertainment,1.3,2.07,0.18,0.65,4.2
Uncharted 4: A Thief's End,2016-05-10, Sony Interactive Entertainment,4.1,1800,1800,Adventure,14000,177000,2700,1200,272,PS4,Sony Computer Entertainment,1.3,2.07,0.18,0.65,4.2
Uncharted 4: A Thief's End,2016-05-10,Naughty Dog,4.1,1800,1800, Shooter,14000,177000,2700,1200,272,PS4,Sony Computer Entertainment,1.3,2.07,0.18,0.65,4.2
Uncharted 4: A Thief's End,2016-05-10, Sony Interactive Entertainment,4.1,1800,1800, Shooter,14000,177000,2700,1200,272,PS4,Sony Computer Entertainment,1.3,2.07,0.18,0.65,4.2
The Legend of Zelda: A Link to the Past,1991-11-21,Nintendo EAD,4.1,1700,1700,Adventure,13000,360000,3200,911000,232,SNES,Nintendo,2.42,0.91,1.15,0.13,4.61
The Legend of Zelda: A Link to the Past,1991-11-21,Nintendo EAD,4.1,1700,1700,Adventure,13000,360000,3200,911000,552,GBA,Nintendo,1.75,0.52,0.33,0.1,2.7
The Legend of Zelda: A Link to the Past,1991-11-21, St. GIGA,4.1,1700,1700,Adventure,13000,360000,3200,911000,232,SNES,Nintendo,2.42,0.91,1.15,0.13,4.61
The Legend of Zelda: A Link to the Past,1991-11-21, St. GIGA,4.1,1700,1700,Adventure,13000,360000,3200,911000,552,GBA,Nintendo,1.75,0.52,0.33,0.1,2.7
The Legend of Zelda: A Link to the Past,1991-11-21,Nintendo EAD,4.1,1700,1700, Puzzle,13000,360000,3200,911000,232,SNES,Nintendo,2.42,0.91,1.15,0.13,4.61
The Legend of Zelda: A Link to the Past,1991-11-21,Nintendo EAD,4.1,1700,1700, Puzzle,13000,360000,3200,911000,552,GBA,Nintendo,1.75,0.52,0.33,0.1,2.7
The Legend of Zelda: A Link to the Past,1991-11-21, St. GIGA,4.1,1700,1700, Puzzle,13000,360000,3200,911000,232,SNES,Nintendo,2.42,0.91,1.15,0.13,4.61
The Legend of Zelda: A Link to the Past,1991-11-21, St. GIGA,4.1,1700,1700, Puzzle,13000,360000,3200,911000,552,GBA,Nintendo,1.75,0.52,0.33,0.1,2.7
The Legend of Zelda: A Link to the Past,1991-11-21,Nintendo EAD,4.1,1700,1700, RPG,13000,360000,3200,911000,232,SNES,Nintendo,2.42,0.91,1.15,0.13,4.61
The Legend of Zelda: A Link to the Past,1991-11-21,Nintendo EAD,4.1,1700,1700, RPG,13000,360000,3200,911000,552,GBA,Nintendo,1.75,0.52,0.33,0.1,2.7
The Legend of Zelda: A Link to the Past,1991-11-21, St. GIGA,4.1,1700,1700, RPG,13000,360000,3200,911000,232,SNES,Nintendo,2.42,0.91,1.15,0.13,4.61
The Legend of Zelda: A Link to the Past,1991-11-21, St. GIGA,4.1,1700,1700, RPG,13000,360000,3200,911000,552,GBA,Nintendo,1.75,0.52,0.33,0.1,2.7
Silent Hill,1999-02-23,Konami,4.1,1300,1300,Adventure,6800,272000,2300,1600,1156,PS,Konami Digital Entertainment,0.71,0.48,0.3,0.1,1.6
Silent Hill,1999-02-23, Team Silent,4.1,1300,1300,Adventure,6800,272000,2300,1600,1156,PS,Konami Digital Entertainment,0.71,0.48,0.3,0.1,1.6
Silent Hill,1999-02-23,Konami,4.1,1300,1300, Puzzle,6800,272000,2300,1600,1156,PS,Konami Digital Entertainment,0.71,0.48,0.3,0.1,1.6
Silent Hill,1999-02-23, Team Silent,4.1,1300,1300, Puzzle,6800,272000,2300,1600,1156,PS,Konami Digital Entertainment,0.71,0.48,0.3,0.1,1.6
Super Smash Bros. Brawl,2008-01-31,Nintendo,3.8,1300,1300,Fighting,19000,51000,511000,250000,40,Wii,Nintendo,6.75,2.61,2.66,1.02,13.04
Super Smash Bros. Brawl,2008-01-31, Sora,3.8,1300,1300,Fighting,19000,51000,511000,250000,40,Wii,Nintendo,6.75,2.61,2.66,1.02,13.04
Super Smash Bros. Brawl,2008-01-31,Nintendo,3.8,1300,1300, Platform,19000,51000,511000,250000,40,Wii,Nintendo,6.75,2.61,2.66,1.02,13.04
Super Smash Bros. Brawl,2008-01-31, Sora,3.8,1300,1300, Platform,19000,51000,511000,250000,40,Wii,Nintendo,6.75,2.61,2.66,1.02,13.04
Borderlands 2,2012-09-18,Gearbox Software,3.5,1100,1100,RPG,16000,344000,2700,494000,454,X360,Take-Two Interactive,1.89,0.91,0.04,0.24,3.07
Borderlands 2,2012-09-18,Gearbox Software,3.5,1100,1100,RPG,16000,344000,2700,494000,705,PS3,Take-Two Interactive,1.05,0.77,0.1,0.36,2.28
Borderlands 2,2012-09-18,Gearbox Software,3.5,1100,1100,RPG,16000,344000,2700,494000,2226,PC,Take-Two Interactive,0.42,0.41,0.0,0.11,0.93
Borderlands 2,2012-09-18,Gearbox Software,3.5,1100,1100,RPG,16000,344000,2700,494000,2488,PSV,Take-Two Interactive,0.43,0.21,0.01,0.19,0.83
Borderlands 2,2012-09-18, 2K Games,3.5,1100,1100,RPG,16000,344000,2700,494000,454,X360,Take-Two Interactive,1.89,0.91,0.04,0.24,3.07
Borderlands 2,2012-09-18, 2K Games,3.5,1100,1100,RPG,16000,344000,2700,494000,705,PS3,Take-Two Interactive,1.05,0.77,0.1,0.36,2.28
Borderlands 2,2012-09-18, 2K Games,3.5,1100,1100,RPG,16000,344000,2700,494000,2226,PC,Take-Two Interactive,0.42,0.41,0.0,0.11,0.93
Borderlands 2,2012-09-18, 2K Games,3.5,1100,1100,RPG,16000,344000,2700,494000,2488,PSV,Take-Two Interactive,0.43,0.21,0.01,0.19,0.83
Borderlands 2,2012-09-18,Gearbox Software,3.5,1100,1100, Shooter,16000,344000,2700,494000,454,X360,Take-Two Interactive,1.89,0.91,0.04,0.24,3.07
Borderlands 2,2012-09-18,Gearbox Software,3.5,1100,1100, Shooter,16000,344000,2700,494000,705,PS3,Take-Two Interactive,1.05,0.77,0.1,0.36,2.28
Borderlands 2,2012-09-18,Gearbox Software,3.5,1100,1100, Shooter,16000,344000,2700,494000,2226,PC,Take-Two Interactive,0.42,0.41,0.0,0.11,0.93
Borderlands 2,2012-09-18,Gearbox Software,3.5,1100,1100, Shooter,16000,344000,2700,494000,2488,PSV,Take-Two Interactive,0.43,0.21,0.01,0.19,0.83
Borderlands 2,2012-09-18, 2K Games,3.5,1100,1100, Shooter,16000,344000,2700,494000,454,X360,Take-Two Interactive,1.89,0.91,0.04,0.24,3.07
Borderlands 2,2012-09-18, 2K Games,3.5,1100,1100, Shooter,16000,344000,2700,494000,705,PS3,Take-Two Interactive,1.05,0.77,0.1,0.36,2.28
Borderlands 2,2012-09-18, 2K Games,3.5,1100,1100, Shooter,16000,344000,2700,494000,2226,PC,Take-Two Interactive,0.42,0.41,0.0,0.11,0.93
Borderlands 2,2012-09-18, 2K Games,3.5,1100,1100, Shooter,16000,344000,2700,494000,2488,PSV,Take-Two Interactive,0.43,0.21,0.01,0.19,0.83
No More Heroes,2007-12-06,Grasshopper Manufacture,4.0,1200,1200,Adventure,5600,280000,2600,1800,3527,Wii,Rising Star Games,0.3,0.17,0.04,0.05,0.57
No More Heroes,2007-12-06,Grasshopper Manufacture,4.0,1200,1200, Brawler,5600,280000,2600,1800,3527,Wii,Rising Star Games,0.3,0.17,0.04,0.05,0.57
Resident Evil 2,1998-01-21,Capcom,4.2,1100,1100,Adventure,5500,54000,1100,597000,152,PS,Virgin Interactive,1.88,1.47,2.02,0.45,5.82
Resident Evil 2,1998-01-21,Capcom,4.2,1100,1100,Adventure,5500,54000,1100,597000,3592,N64,Virgin Interactive,0.39,0.09,0.07,0.01,0.56
Resident Evil 2,1998-01-21,Capcom,4.2,1100,1100,Adventure,5500,54000,1100,597000,12676,GC,Capcom,0.04,0.01,0.0,0.0,0.06
Resident Evil 2,1998-01-21, Factor 5,4.2,1100,1100,Adventure,5500,54000,1100,597000,152,PS,Virgin Interactive,1.88,1.47,2.02,0.45,5.82
Resident Evil 2,1998-01-21, Factor 5,4.2,1100,1100,Adventure,5500,54000,1100,597000,3592,N64,Virgin Interactive,0.39,0.09,0.07,0.01,0.56
Resident Evil 2,1998-01-21, Factor 5,4.2,1100,1100,Adventure,5500,54000,1100,597000,12676,GC,Capcom,0.04,0.01,0.0,0.0,0.06
Resident Evil 2,1998-01-21,Capcom,4.2,1100,1100, Shooter,5500,54000,1100,597000,152,PS,Virgin Interactive,1.88,1.47,2.02,0.45,5.82
Resident Evil 2,1998-01-21,Capcom,4.2,1100,1100, Shooter,5500,54000,1100,597000,3592,N64,Virgin Interactive,0.39,0.09,0.07,0.01,0.56
Resident Evil 2,1998-01-21,Capcom,4.2,1100,1100, Shooter,5500,54000,1100,597000,12676,GC,Capcom,0.04,0.01,0.0,0.0,0.06
Resident Evil 2,1998-01-21, Factor 5,4.2,1100,1100, Shooter,5500,54000,1100,597000,152,PS,Virgin Interactive,1.88,1.47,2.02,0.45,5.82
Resident Evil 2,1998-01-21, Factor 5,4.2,1100,1100, Shooter,5500,54000,1100,597000,3592,N64,Virgin Interactive,0.39,0.09,0.07,0.01,0.56
Resident Evil 2,1998-01-21, Factor 5,4.2,1100,1100, Shooter,5500,54000,1100,597000,12676,GC,Capcom,0.04,0.01,0.0,0.0,0.06
Mario Kart 7,2011-12-02,Nintendo,3.5,593000,593000,Racing,10000,59000,336000,141000,43,3DS,Nintendo,4.74,3.91,2.67,0.89,12.21
Bully,2006-10-17,Rockstar Vancouver,3.9,635000,635000,Adventure,6700,80000,1300,768000,2215,PS2,Take-Two Interactive,0.75,0.03,0.04,0.12,0.94
Bully,2006-10-17, Take-Two Interactive,3.9,635000,635000,Adventure,6700,80000,1300,768000,2215,PS2,Take-Two Interactive,0.75,0.03,0.04,0.12,0.94
Mario Kart 64,1996-12-14,Nintendo,3.5,725000,725000,Racing,9700,21000,389000,194000,64,N64,Nintendo,5.55,1.94,2.23,0.15,9.87
Resident Evil,2002-03-22,Capcom,4.3,1000,1000,Adventure,4000,93000,1100,470000,202,PS,Virgin Interactive,2.05,1.16,1.11,0.73,5.05
Resident Evil,2002-03-22,Capcom,4.3,1000,1000,Adventure,4000,93000,1100,470000,8444,SAT,Capcom,0.0,0.0,0.17,0.0,0.17
Resident Evil,2002-03-22,Capcom,4.3,1000,1000,Adventure,4000,93000,1100,470000,9673,PS3,Capcom,0.0,0.0,0.12,0.0,0.12
Resident Evil,2002-03-22, Capcom Production Studio 4,4.3,1000,1000,Adventure,4000,93000,1100,470000,202,PS,Virgin Interactive,2.05,1.16,1.11,0.73,5.05
Resident Evil,2002-03-22, Capcom Production Studio 4,4.3,1000,1000,Adventure,4000,93000,1100,470000,8444,SAT,Capcom,0.0,0.0,0.17,0.0,0.17
Resident Evil,2002-03-22, Capcom Production Studio 4,4.3,1000,1000,Adventure,4000,93000,1100,470000,9673,PS3,Capcom,0.0,0.0,0.12,0.0,0.12
Resident Evil,2002-03-22,Capcom,4.3,1000,1000, Puzzle,4000,93000,1100,470000,202,PS,Virgin Interactive,2.05,1.16,1.11,0.73,5.05
Resident Evil,2002-03-22,Capcom,4.3,1000,1000, Puzzle,4000,93000,1100,470000,8444,SAT,Capcom,0.0,0.0,0.17,0.0,0.17
Resident Evil,2002-03-22,Capcom,4.3,1000,1000, Puzzle,4000,93000,1100,470000,9673,PS3,Capcom,0.0,0.0,0.12,0.0,0.12
Resident Evil,2002-03-22, Capcom Production Studio 4,4.3,1000,1000, Puzzle,4000,93000,1100,470000,202,PS,Virgin Interactive,2.05,1.16,1.11,0.73,5.05
Resident Evil,2002-03-22, Capcom Production Studio 4,4.3,1000,1000, Puzzle,4000,93000,1100,470000,8444,SAT,Capcom,0.0,0.0,0.17,0.0,0.17
Resident Evil,2002-03-22, Capcom Production Studio 4,4.3,1000,1000, Puzzle,4000,93000,1100,470000,9673,PS3,Capcom,0.0,0.0,0.12,0.0,0.12
The Evil Within,2014-10-14,Tango Gameworks,3.4,629000,629000,Adventure,4800,140000,1800,822000,959,PS4,Bethesda Softworks,0.55,0.84,0.11,0.31,1.81
The Evil Within,2014-10-14,Tango Gameworks,3.4,629000,629000,Adventure,4800,140000,1800,822000,2267,PS3,Bethesda Softworks,0.26,0.39,0.12,0.14,0.92
The Evil Within,2014-10-14,Tango Gameworks,3.4,629000,629000,Adventure,4800,140000,1800,822000,3100,XOne,Bethesda Softworks,0.35,0.25,0.0,0.05,0.65
The Evil Within,2014-10-14,Tango Gameworks,3.4,629000,629000,Adventure,4800,140000,1800,822000,4014,X360,Bethesda Softworks,0.25,0.2,0.01,0.04,0.5
The Evil Within,2014-10-14,Tango Gameworks,3.4,629000,629000,Adventure,4800,140000,1800,822000,6300,PC,Bethesda Softworks,0.09,0.16,0.0,0.02,0.27
The Evil Within,2014-10-14, Bethesda Softworks,3.4,629000,629000,Adventure,4800,140000,1800,822000,959,PS4,Bethesda Softworks,0.55,0.84,0.11,0.31,1.81
The Evil Within,2014-10-14, Bethesda Softworks,3.4,629000,629000,Adventure,4800,140000,1800,822000,2267,PS3,Bethesda Softworks,0.26,0.39,0.12,0.14,0.92
The Evil Within,2014-10-14, Bethesda Softworks,3.4,629000,629000,Adventure,4800,140000,1800,822000,3100,XOne,Bethesda Softworks,0.35,0.25,0.0,0.05,0.65
The Evil Within,2014-10-14, Bethesda Softworks,3.4,629000,629000,Adventure,4800,140000,1800,822000,4014,X360,Bethesda Softworks,0.25,0.2,0.01,0.04,0.5
The Evil Within,2014-10-14, Bethesda Softworks,3.4,629000,629000,Adventure,4800,140000,1800,822000,6300,PC,Bethesda Softworks,0.09,0.16,0.0,0.02,0.27
The Evil Within,2014-10-14,Tango Gameworks,3.4,629000,629000, Shooter,4800,140000,1800,822000,959,PS4,Bethesda Softworks,0.55,0.84,0.11,0.31,1.81
The Evil Within,2014-10-14,Tango Gameworks,3.4,629000,629000, Shooter,4800,140000,1800,822000,2267,PS3,Bethesda Softworks,0.26,0.39,0.12,0.14,0.92
The Evil Within,2014-10-14,Tango Gameworks,3.4,629000,629000, Shooter,4800,140000,1800,822000,3100,XOne,Bethesda Softworks,0.35,0.25,0.0,0.05,0.65
The Evil Within,2014-10-14,Tango Gameworks,3.4,629000,629000, Shooter,4800,140000,1800,822000,4014,X360,Bethesda Softworks,0.25,0.2,0.01,0.04,0.5
The Evil Within,2014-10-14,Tango Gameworks,3.4,629000,629000, Shooter,4800,140000,1800,822000,6300,PC,Bethesda Softworks,0.09,0.16,0.0,0.02,0.27
The Evil Within,2014-10-14, Bethesda Softworks,3.4,629000,629000, Shooter,4800,140000,1800,822000,959,PS4,Bethesda Softworks,0.55,0.84,0.11,0.31,1.81
The Evil Within,2014-10-14, Bethesda Softworks,3.4,629000,629000, Shooter,4800,140000,1800,822000,2267,PS3,Bethesda Softworks,0.26,0.39,0.12,0.14,0.92
The Evil Within,2014-10-14, Bethesda Softworks,3.4,629000,629000, Shooter,4800,140000,1800,822000,3100,XOne,Bethesda Softworks,0.35,0.25,0.0,0.05,0.65
The Evil Within,2014-10-14, Bethesda Softworks,3.4,629000,629000, Shooter,4800,140000,1800,822000,4014,X360,Bethesda Softworks,0.25,0.2,0.01,0.04,0.5
The Evil Within,2014-10-14, Bethesda Softworks,3.4,629000,629000, Shooter,4800,140000,1800,822000,6300,PC,Bethesda Softworks,0.09,0.16,0.0,0.02,0.27
Halo: The Master Chief Collection,2014-11-11,343 Industries,4.2,356000,356000,Shooter,5100,362000,1300,463000,440,XOne,Microsoft Game Studios,1.89,0.99,0.03,0.24,3.15
Halo: The Master Chief Collection,2014-11-11, Xbox Game Studios,4.2,356000,356000,Shooter,5100,362000,1300,463000,440,XOne,Microsoft Game Studios,1.89,0.99,0.03,0.24,3.15
Resident Evil 3: Nemesis,1999-09-22,Capcom,3.8,849000,849000,Adventure,4300,56000,953000,496000,333,PS,Eidos Interactive,1.3,0.77,1.54,0.11,3.72
Resident Evil 3: Nemesis,1999-09-22,Capcom,3.8,849000,849000,Adventure,4300,56000,953000,496000,11653,GC,Capcom,0.06,0.02,0.0,0.0,0.08
Resident Evil 3: Nemesis,1999-09-22, Capcom Planning Room 2,3.8,849000,849000,Adventure,4300,56000,953000,496000,333,PS,Eidos Interactive,1.3,0.77,1.54,0.11,3.72
Resident Evil 3: Nemesis,1999-09-22, Capcom Planning Room 2,3.8,849000,849000,Adventure,4300,56000,953000,496000,11653,GC,Capcom,0.06,0.02,0.0,0.0,0.08
Resident Evil 3: Nemesis,1999-09-22,Capcom,3.8,849000,849000, Shooter,4300,56000,953000,496000,333,PS,Eidos Interactive,1.3,0.77,1.54,0.11,3.72
Resident Evil 3: Nemesis,1999-09-22,Capcom,3.8,849000,849000, Shooter,4300,56000,953000,496000,11653,GC,Capcom,0.06,0.02,0.0,0.0,0.08
Resident Evil 3: Nemesis,1999-09-22, Capcom Planning Room 2,3.8,849000,849000, Shooter,4300,56000,953000,496000,333,PS,Eidos Interactive,1.3,0.77,1.54,0.11,3.72
Resident Evil 3: Nemesis,1999-09-22, Capcom Planning Room 2,3.8,849000,849000, Shooter,4300,56000,953000,496000,11653,GC,Capcom,0.06,0.02,0.0,0.0,0.08
F.E.A.R.,2005-10-17,Monolith Productions,3.8,564000,564000,Shooter,3600,65000,1000,505000,3656,PS3,Vivendi Games,0.18,0.27,0.0,0.1,0.55
F.E.A.R.,2005-10-17,Monolith Productions,3.8,564000,564000,Shooter,3600,65000,1000,505000,5366,X360,Vivendi Games,0.28,0.03,0.0,0.03,0.34
F.E.A.R.,2005-10-17, Vivendi Universal,3.8,564000,564000,Shooter,3600,65000,1000,505000,3656,PS3,Vivendi Games,0.18,0.27,0.0,0.1,0.55
F.E.A.R.,2005-10-17, Vivendi Universal,3.8,564000,564000,Shooter,3600,65000,1000,505000,5366,X360,Vivendi Games,0.28,0.03,0.0,0.03,0.34
NieR,2010-04-22,Square Enix,4.2,743000,743000,Adventure,2900,67000,999000,854000,3165,PS3,Square Enix,0.17,0.2,0.2,0.07,0.64
NieR,2010-04-22,Square Enix,4.2,743000,743000,Adventure,2900,67000,999000,854000,5965,X360,Square Enix,0.13,0.1,0.04,0.02,0.29
NieR,2010-04-22, Cavia,4.2,743000,743000,Adventure,2900,67000,999000,854000,3165,PS3,Square Enix,0.17,0.2,0.2,0.07,0.64
NieR,2010-04-22, Cavia,4.2,743000,743000,Adventure,2900,67000,999000,854000,5965,X360,Square Enix,0.13,0.1,0.04,0.02,0.29
NieR,2010-04-22,Square Enix,4.2,743000,743000, RPG,2900,67000,999000,854000,3165,PS3,Square Enix,0.17,0.2,0.2,0.07,0.64
NieR,2010-04-22,Square Enix,4.2,743000,743000, RPG,2900,67000,999000,854000,5965,X360,Square Enix,0.13,0.1,0.04,0.02,0.29
NieR,2010-04-22, Cavia,4.2,743000,743000, RPG,2900,67000,999000,854000,3165,PS3,Square Enix,0.17,0.2,0.2,0.07,0.64
NieR,2010-04-22, Cavia,4.2,743000,743000, RPG,2900,67000,999000,854000,5965,X360,Square Enix,0.13,0.1,0.04,0.02,0.29
NieR,2010-04-22,Square Enix,4.2,743000,743000, Shooter,2900,67000,999000,854000,3165,PS3,Square Enix,0.17,0.2,0.2,0.07,0.64
NieR,2010-04-22,Square Enix,4.2,743000,743000, Shooter,2900,67000,999000,854000,5965,X360,Square Enix,0.13,0.1,0.04,0.02,0.29
NieR,2010-04-22, Cavia,4.2,743000,743000, Shooter,2900,67000,999000,854000,3165,PS3,Square Enix,0.17,0.2,0.2,0.07,0.64
NieR,2010-04-22, Cavia,4.2,743000,743000, Shooter,2900,67000,999000,854000,5965,X360,Square Enix,0.13,0.1,0.04,0.02,0.29
NieR,2010-04-22,Square Enix,4.2,743000,743000, Simulator,2900,67000,999000,854000,3165,PS3,Square Enix,0.17,0.2,0.2,0.07,0.64
NieR,2010-04-22,Square Enix,4.2,743000,743000, Simulator,2900,67000,999000,854000,5965,X360,Square Enix,0.13,0.1,0.04,0.02,0.29
NieR,2010-04-22, Cavia,4.2,743000,743000, Simulator,2900,67000,999000,854000,3165,PS3,Square Enix,0.17,0.2,0.2,0.07,0.64
NieR,2010-04-22, Cavia,4.2,743000,743000, Simulator,2900,67000,999000,854000,5965,X360,Square Enix,0.13,0.1,0.04,0.02,0.29
NieR,2010-04-22,Square Enix,4.2,743000,743000, Strategy,2900,67000,999000,854000,3165,PS3,Square Enix,0.17,0.2,0.2,0.07,0.64
NieR,2010-04-22,Square Enix,4.2,743000,743000, Strategy,2900,67000,999000,854000,5965,X360,Square Enix,0.13,0.1,0.04,0.02,0.29
NieR,2010-04-22, Cavia,4.2,743000,743000, Strategy,2900,67000,999000,854000,3165,PS3,Square Enix,0.17,0.2,0.2,0.07,0.64
NieR,2010-04-22, Cavia,4.2,743000,743000, Strategy,2900,67000,999000,854000,5965,X360,Square Enix,0.13,0.1,0.04,0.02,0.29
The Walking Dead: Season Two,2013-12-17,Telltale Games,3.5,559000,559000,Adventure,6700,35000,718000,262000,6950,PS4,Telltale Games,0.1,0.09,0.01,0.04,0.24
The Walking Dead: Season Two,2013-12-17,Telltale Games,3.5,559000,559000,Adventure,6700,35000,718000,262000,7218,PS3,Telltale Games,0.09,0.09,0.0,0.04,0.22
The Walking Dead: Season Two,2013-12-17,Telltale Games,3.5,559000,559000,Adventure,6700,35000,718000,262000,8927,PSV,Telltale Games,0.1,0.0,0.01,0.03,0.15
The Walking Dead: Season Two,2013-12-17,Telltale Games,3.5,559000,559000,Adventure,6700,35000,718000,262000,9199,XOne,Telltale Games,0.08,0.05,0.0,0.01,0.14
The Walking Dead: Season Two,2013-12-17,Telltale Games,3.5,559000,559000,Adventure,6700,35000,718000,262000,9892,X360,Telltale Games,0.04,0.07,0.0,0.01,0.12
The Walking Dead: Season Two,2013-12-17, Skybound Games,3.5,559000,559000,Adventure,6700,35000,718000,262000,6950,PS4,Telltale Games,0.1,0.09,0.01,0.04,0.24
The Walking Dead: Season Two,2013-12-17, Skybound Games,3.5,559000,559000,Adventure,6700,35000,718000,262000,7218,PS3,Telltale Games,0.09,0.09,0.0,0.04,0.22
The Walking Dead: Season Two,2013-12-17, Skybound Games,3.5,559000,559000,Adventure,6700,35000,718000,262000,8927,PSV,Telltale Games,0.1,0.0,0.01,0.03,0.15
The Walking Dead: Season Two,2013-12-17, Skybound Games,3.5,559000,559000,Adventure,6700,35000,718000,262000,9199,XOne,Telltale Games,0.08,0.05,0.0,0.01,0.14
The Walking Dead: Season Two,2013-12-17, Skybound Games,3.5,559000,559000,Adventure,6700,35000,718000,262000,9892,X360,Telltale Games,0.04,0.07,0.0,0.01,0.12
The Walking Dead: Season Two,2013-12-17,Telltale Games,3.5,559000,559000, Point-and-Click,6700,35000,718000,262000,6950,PS4,Telltale Games,0.1,0.09,0.01,0.04,0.24
The Walking Dead: Season Two,2013-12-17,Telltale Games,3.5,559000,559000, Point-and-Click,6700,35000,718000,262000,7218,PS3,Telltale Games,0.09,0.09,0.0,0.04,0.22
The Walking Dead: Season Two,2013-12-17,Telltale Games,3.5,559000,559000, Point-and-Click,6700,35000,718000,262000,8927,PSV,Telltale Games,0.1,0.0,0.01,0.03,0.15
The Walking Dead: Season Two,2013-12-17,Telltale Games,3.5,559000,559000, Point-and-Click,6700,35000,718000,262000,9199,XOne,Telltale Games,0.08,0.05,0.0,0.01,0.14
The Walking Dead: Season Two,2013-12-17,Telltale Games,3.5,559000,559000, Point-and-Click,6700,35000,718000,262000,9892,X360,Telltale Games,0.04,0.07,0.0,0.01,0.12
The Walking Dead: Season Two,2013-12-17, Skybound Games,3.5,559000,559000, Point-and-Click,6700,35000,718000,262000,6950,PS4,Telltale Games,0.1,0.09,0.01,0.04,0.24
The Walking Dead: Season Two,2013-12-17, Skybound Games,3.5,559000,559000, Point-and-Click,6700,35000,718000,262000,7218,PS3,Telltale Games,0.09,0.09,0.0,0.04,0.22
The Walking Dead: Season Two,2013-12-17, Skybound Games,3.5,559000,559000, Point-and-Click,6700,35000,718000,262000,8927,PSV,Telltale Games,0.1,0.0,0.01,0.03,0.15
The Walking Dead: Season Two,2013-12-17, Skybound Games,3.5,559000,559000, Point-and-Click,6700,35000,718000,262000,9199,XOne,Telltale Games,0.08,0.05,0.0,0.01,0.14
The Walking Dead: Season Two,2013-12-17, Skybound Games,3.5,559000,559000, Point-and-Click,6700,35000,718000,262000,9892,X360,Telltale Games,0.04,0.07,0.0,0.01,0.12
The Walking Dead: Season Two,2013-12-17,Telltale Games,3.5,559000,559000, Puzzle,6700,35000,718000,262000,6950,PS4,Telltale Games,0.1,0.09,0.01,0.04,0.24
The Walking Dead: Season Two,2013-12-17,Telltale Games,3.5,559000,559000, Puzzle,6700,35000,718000,262000,7218,PS3,Telltale Games,0.09,0.09,0.0,0.04,0.22
The Walking Dead: Season Two,2013-12-17,Telltale Games,3.5,559000,559000, Puzzle,6700,35000,718000,262000,8927,PSV,Telltale Games,0.1,0.0,0.01,0.03,0.15
The Walking Dead: Season Two,2013-12-17,Telltale Games,3.5,559000,559000, Puzzle,6700,35000,718000,262000,9199,XOne,Telltale Games,0.08,0.05,0.0,0.01,0.14
The Walking Dead: Season Two,2013-12-17,Telltale Games,3.5,559000,559000, Puzzle,6700,35000,718000,262000,9892,X360,Telltale Games,0.04,0.07,0.0,0.01,0.12
The Walking Dead: Season Two,2013-12-17, Skybound Games,3.5,559000,559000, Puzzle,6700,35000,718000,262000,6950,PS4,Telltale Games,0.1,0.09,0.01,0.04,0.24
The Walking Dead: Season Two,2013-12-17, Skybound Games,3.5,559000,559000, Puzzle,6700,35000,718000,262000,7218,PS3,Telltale Games,0.09,0.09,0.0,0.04,0.22
The Walking Dead: Season Two,2013-12-17, Skybound Games,3.5,559000,559000, Puzzle,6700,35000,718000,262000,8927,PSV,Telltale Games,0.1,0.0,0.01,0.03,0.15
The Walking Dead: Season Two,2013-12-17, Skybound Games,3.5,559000,559000, Puzzle,6700,35000,718000,262000,9199,XOne,Telltale Games,0.08,0.05,0.0,0.01,0.14
The Walking Dead: Season Two,2013-12-17, Skybound Games,3.5,559000,559000, Puzzle,6700,35000,718000,262000,9892,X360,Telltale Games,0.04,0.07,0.0,0.01,0.12
Max Payne 2: The Fall of Max Payne,2003-10-14,Remedy Entertainment,4.1,553000,553000,Shooter,4100,37000,1100,464000,1464,PS2,Take-Two Interactive,0.65,0.51,0.0,0.17,1.34
Max Payne 2: The Fall of Max Payne,2003-10-14,Remedy Entertainment,4.1,553000,553000,Shooter,4100,37000,1100,464000,3144,XB,Take-Two Interactive,0.47,0.15,0.0,0.02,0.64
Max Payne 2: The Fall of Max Payne,2003-10-14,Remedy Entertainment,4.1,553000,553000,Shooter,4100,37000,1100,464000,14725,PC,Take-Two Interactive,0.0,0.02,0.0,0.0,0.03
Max Payne 2: The Fall of Max Payne,2003-10-14, Rockstar Games,4.1,553000,553000,Shooter,4100,37000,1100,464000,1464,PS2,Take-Two Interactive,0.65,0.51,0.0,0.17,1.34
Max Payne 2: The Fall of Max Payne,2003-10-14, Rockstar Games,4.1,553000,553000,Shooter,4100,37000,1100,464000,3144,XB,Take-Two Interactive,0.47,0.15,0.0,0.02,0.64
Max Payne 2: The Fall of Max Payne,2003-10-14, Rockstar Games,4.1,553000,553000,Shooter,4100,37000,1100,464000,14725,PC,Take-Two Interactive,0.0,0.02,0.0,0.0,0.03
Shin Megami Tensei: Devil Summoner - Soul Hackers,1997-11-13,Atlus,3.8,470000,470000,Adventure,1200,153000,1600,651000,5780,SAT,Atlus,0.0,0.0,0.31,0.0,0.31
Shin Megami Tensei: Devil Summoner - Soul Hackers,1997-11-13,Atlus,3.8,470000,470000,Adventure,1200,153000,1600,651000,5909,3DS,Atlus,0.13,0.02,0.14,0.01,0.3
Shin Megami Tensei: Devil Summoner - Soul Hackers,1997-11-13,Atlus,3.8,470000,470000,Adventure,1200,153000,1600,651000,8960,PS,Atlus,0.0,0.0,0.14,0.01,0.15
Shin Megami Tensei: Devil Summoner - Soul Hackers,1997-11-13, NIS America,3.8,470000,470000,Adventure,1200,153000,1600,651000,5780,SAT,Atlus,0.0,0.0,0.31,0.0,0.31
Shin Megami Tensei: Devil Summoner - Soul Hackers,1997-11-13, NIS America,3.8,470000,470000,Adventure,1200,153000,1600,651000,5909,3DS,Atlus,0.13,0.02,0.14,0.01,0.3
Shin Megami Tensei: Devil Summoner - Soul Hackers,1997-11-13, NIS America,3.8,470000,470000,Adventure,1200,153000,1600,651000,8960,PS,Atlus,0.0,0.0,0.14,0.01,0.15
Shin Megami Tensei: Devil Summoner - Soul Hackers,1997-11-13,Atlus,3.8,470000,470000, RPG,1200,153000,1600,651000,5780,SAT,Atlus,0.0,0.0,0.31,0.0,0.31
Shin Megami Tensei: Devil Summoner - Soul Hackers,1997-11-13,Atlus,3.8,470000,470000, RPG,1200,153000,1600,651000,5909,3DS,Atlus,0.13,0.02,0.14,0.01,0.3
Shin Megami Tensei: Devil Summoner - Soul Hackers,1997-11-13,Atlus,3.8,470000,470000, RPG,1200,153000,1600,651000,8960,PS,Atlus,0.0,0.0,0.14,0.01,0.15
Shin Megami Tensei: Devil Summoner - Soul Hackers,1997-11-13, NIS America,3.8,470000,470000, RPG,1200,153000,1600,651000,5780,SAT,Atlus,0.0,0.0,0.31,0.0,0.31
Shin Megami Tensei: Devil Summoner - Soul Hackers,1997-11-13, NIS America,3.8,470000,470000, RPG,1200,153000,1600,651000,5909,3DS,Atlus,0.13,0.02,0.14,0.01,0.3
Shin Megami Tensei: Devil Summoner - Soul Hackers,1997-11-13, NIS America,3.8,470000,470000, RPG,1200,153000,1600,651000,8960,PS,Atlus,0.0,0.0,0.14,0.01,0.15
The Elder Scrolls III: Morrowind,2002-05-01,Bethesda Game Studios,4.0,549000,549000,Adventure,3700,150000,1700,487000,508,XB,Ubisoft,2.09,0.63,0.03,0.11,2.86
The Elder Scrolls III: Morrowind,2002-05-01, ZeniMax Media,4.0,549000,549000,Adventure,3700,150000,1700,487000,508,XB,Ubisoft,2.09,0.63,0.03,0.11,2.86
The Elder Scrolls III: Morrowind,2002-05-01,Bethesda Game Studios,4.0,549000,549000, RPG,3700,150000,1700,487000,508,XB,Ubisoft,2.09,0.63,0.03,0.11,2.86
The Elder Scrolls III: Morrowind,2002-05-01, ZeniMax Media,4.0,549000,549000, RPG,3700,150000,1700,487000,508,XB,Ubisoft,2.09,0.63,0.03,0.11,2.86
Injustice: Gods Among Us,2013-04-16,NetherRealm Studios,3.0,364000,364000,Adventure,7100,17000,502000,112000,1372,X360,Warner Bros. Interactive Entertainment,0.97,0.34,0.0,0.11,1.41
Injustice: Gods Among Us,2013-04-16,NetherRealm Studios,3.0,364000,364000,Adventure,7100,17000,502000,112000,1592,PS3,Warner Bros. Interactive Entertainment,0.48,0.53,0.01,0.23,1.25
Injustice: Gods Among Us,2013-04-16,NetherRealm Studios,3.0,364000,364000,Adventure,7100,17000,502000,112000,2395,PS4,Warner Bros. Interactive Entertainment,0.46,0.29,0.0,0.12,0.87
Injustice: Gods Among Us,2013-04-16,NetherRealm Studios,3.0,364000,364000,Adventure,7100,17000,502000,112000,7610,WiiU,Warner Bros. Interactive Entertainment,0.1,0.08,0.0,0.02,0.2
Injustice: Gods Among Us,2013-04-16,NetherRealm Studios,3.0,364000,364000,Adventure,7100,17000,502000,112000,9159,PSV,Warner Bros. Interactive Entertainment,0.11,0.01,0.0,0.02,0.14
Injustice: Gods Among Us,2013-04-16, WB Games,3.0,364000,364000,Adventure,7100,17000,502000,112000,1372,X360,Warner Bros. Interactive Entertainment,0.97,0.34,0.0,0.11,1.41
Injustice: Gods Among Us,2013-04-16, WB Games,3.0,364000,364000,Adventure,7100,17000,502000,112000,1592,PS3,Warner Bros. Interactive Entertainment,0.48,0.53,0.01,0.23,1.25
Injustice: Gods Among Us,2013-04-16, WB Games,3.0,364000,364000,Adventure,7100,17000,502000,112000,2395,PS4,Warner Bros. Interactive Entertainment,0.46,0.29,0.0,0.12,0.87
Injustice: Gods Among Us,2013-04-16, WB Games,3.0,364000,364000,Adventure,7100,17000,502000,112000,7610,WiiU,Warner Bros. Interactive Entertainment,0.1,0.08,0.0,0.02,0.2
Injustice: Gods Among Us,2013-04-16, WB Games,3.0,364000,364000,Adventure,7100,17000,502000,112000,9159,PSV,Warner Bros. Interactive Entertainment,0.11,0.01,0.0,0.02,0.14
Injustice: Gods Among Us,2013-04-16,NetherRealm Studios,3.0,364000,364000, Fighting,7100,17000,502000,112000,1372,X360,Warner Bros. Interactive Entertainment,0.97,0.34,0.0,0.11,1.41
Injustice: Gods Among Us,2013-04-16,NetherRealm Studios,3.0,364000,364000, Fighting,7100,17000,502000,112000,1592,PS3,Warner Bros. Interactive Entertainment,0.48,0.53,0.01,0.23,1.25
Injustice: Gods Among Us,2013-04-16,NetherRealm Studios,3.0,364000,364000, Fighting,7100,17000,502000,112000,2395,PS4,Warner Bros. Interactive Entertainment,0.46,0.29,0.0,0.12,0.87
Injustice: Gods Among Us,2013-04-16,NetherRealm Studios,3.0,364000,364000, Fighting,7100,17000,502000,112000,7610,WiiU,Warner Bros. Interactive Entertainment,0.1,0.08,0.0,0.02,0.2
Injustice: Gods Among Us,2013-04-16,NetherRealm Studios,3.0,364000,364000, Fighting,7100,17000,502000,112000,9159,PSV,Warner Bros. Interactive Entertainment,0.11,0.01,0.0,0.02,0.14
Injustice: Gods Among Us,2013-04-16, WB Games,3.0,364000,364000, Fighting,7100,17000,502000,112000,1372,X360,Warner Bros. Interactive Entertainment,0.97,0.34,0.0,0.11,1.41
Injustice: Gods Among Us,2013-04-16, WB Games,3.0,364000,364000, Fighting,7100,17000,502000,112000,1592,PS3,Warner Bros. Interactive Entertainment,0.48,0.53,0.01,0.23,1.25
Injustice: Gods Among Us,2013-04-16, WB Games,3.0,364000,364000, Fighting,7100,17000,502000,112000,2395,PS4,Warner Bros. Interactive Entertainment,0.46,0.29,0.0,0.12,0.87
Injustice: Gods Among Us,2013-04-16, WB Games,3.0,364000,364000, Fighting,7100,17000,502000,112000,7610,WiiU,Warner Bros. Interactive Entertainment,0.1,0.08,0.0,0.02,0.2
Injustice: Gods Among Us,2013-04-16, WB Games,3.0,364000,364000, Fighting,7100,17000,502000,112000,9159,PSV,Warner Bros. Interactive Entertainment,0.11,0.01,0.0,0.02,0.14
Pac-Man,1980-05-22,Wiz,3.4,427000,427000,Arcade,5200,7000,108000,31000,90,2600,Atari,7.28,0.45,0.0,0.08,7.81
Pac-Man,1980-05-22,Wiz,3.4,427000,427000,Arcade,5200,7000,108000,31000,1640,NES,Namco Bandai Games,0.27,0.08,0.85,0.02,1.22
Pac-Man,1980-05-22, Namco Networks America,3.4,427000,427000,Arcade,5200,7000,108000,31000,90,2600,Atari,7.28,0.45,0.0,0.08,7.81
Pac-Man,1980-05-22, Namco Networks America,3.4,427000,427000,Arcade,5200,7000,108000,31000,1640,NES,Namco Bandai Games,0.27,0.08,0.85,0.02,1.22
Pac-Man,1980-05-22, Inc.,3.4,427000,427000,Arcade,5200,7000,108000,31000,90,2600,Atari,7.28,0.45,0.0,0.08,7.81
Pac-Man,1980-05-22, Inc.,3.4,427000,427000,Arcade,5200,7000,108000,31000,1640,NES,Namco Bandai Games,0.27,0.08,0.85,0.02,1.22
Final Fantasy X/X-2 HD Remaster,2013-12-26,Virtuos,4.1,368000,368000,RPG,3200,281000,2300,677000,2877,PS4,Square Enix,0.29,0.25,0.06,0.11,0.71
Final Fantasy X/X-2 HD Remaster,2013-12-26, Square Enix,4.1,368000,368000,RPG,3200,281000,2300,677000,2877,PS4,Square Enix,0.29,0.25,0.06,0.11,0.71
Final Fantasy X/X-2 HD Remaster,2013-12-26,Virtuos,4.1,368000,368000, Strategy,3200,281000,2300,677000,2877,PS4,Square Enix,0.29,0.25,0.06,0.11,0.71
Final Fantasy X/X-2 HD Remaster,2013-12-26, Square Enix,4.1,368000,368000, Strategy,3200,281000,2300,677000,2877,PS4,Square Enix,0.29,0.25,0.06,0.11,0.71
Mortal Kombat X,2015-04-13,NetherRealm Studios,3.3,430000,430000,Fighting,7100,43000,602000,138000,554,PS4,Warner Bros. Interactive Entertainment,1.47,0.76,0.0,0.47,2.7
Mortal Kombat X,2015-04-13,NetherRealm Studios,3.3,430000,430000,Fighting,7100,43000,602000,138000,1446,XOne,Warner Bros. Interactive Entertainment,1.0,0.21,0.0,0.13,1.35
Mortal Kombat X,2015-04-13,NetherRealm Studios,3.3,430000,430000,Fighting,7100,43000,602000,138000,13025,PC,Warner Bros. Interactive Entertainment,0.01,0.04,0.0,0.0,0.05
Mortal Kombat X,2015-04-13, WB Games,3.3,430000,430000,Fighting,7100,43000,602000,138000,554,PS4,Warner Bros. Interactive Entertainment,1.47,0.76,0.0,0.47,2.7
Mortal Kombat X,2015-04-13, WB Games,3.3,430000,430000,Fighting,7100,43000,602000,138000,1446,XOne,Warner Bros. Interactive Entertainment,1.0,0.21,0.0,0.13,1.35
Mortal Kombat X,2015-04-13, WB Games,3.3,430000,430000,Fighting,7100,43000,602000,138000,13025,PC,Warner Bros. Interactive Entertainment,0.01,0.04,0.0,0.0,0.05
Shin Megami Tensei: Digital Devil Saga,2004-07-15,Atlus,4.1,657000,657000,RPG,2000,200000,1900,916000,9543,PS2,Ghostlight,0.06,0.05,0.0,0.02,0.13
Shin Megami Tensei: Digital Devil Saga,2004-07-15, Ghostlight Ltd.,4.1,657000,657000,RPG,2000,200000,1900,916000,9543,PS2,Ghostlight,0.06,0.05,0.0,0.02,0.13
Star Wars: The Force Unleashed,2008-09-16,THQ Wireless,3.2,417000,417000,Adventure,7400,50000,823000,350000,526,X360,LucasArts,1.74,0.8,0.0,0.26,2.8
Star Wars: The Force Unleashed,2008-09-16,THQ Wireless,3.2,417000,417000,Adventure,7400,50000,823000,350000,704,PS3,LucasArts,1.01,0.9,0.0,0.37,2.28
Star Wars: The Force Unleashed,2008-09-16,THQ Wireless,3.2,417000,417000,Adventure,7400,50000,823000,350000,905,Wii,LucasArts,1.14,0.57,0.0,0.19,1.91
Star Wars: The Force Unleashed,2008-09-16,THQ Wireless,3.2,417000,417000,Adventure,7400,50000,823000,350000,1586,PS2,LucasArts,0.49,0.0,0.01,0.75,1.25
Star Wars: The Force Unleashed,2008-09-16,THQ Wireless,3.2,417000,417000,Adventure,7400,50000,823000,350000,1872,PSP,LucasArts,0.43,0.41,0.0,0.25,1.09
Star Wars: The Force Unleashed,2008-09-16,THQ Wireless,3.2,417000,417000,Adventure,7400,50000,823000,350000,2312,DS,LucasArts,0.51,0.29,0.0,0.09,0.9
Star Wars: The Force Unleashed,2008-09-16, Aspyr Media,3.2,417000,417000,Adventure,7400,50000,823000,350000,526,X360,LucasArts,1.74,0.8,0.0,0.26,2.8
Star Wars: The Force Unleashed,2008-09-16, Aspyr Media,3.2,417000,417000,Adventure,7400,50000,823000,350000,704,PS3,LucasArts,1.01,0.9,0.0,0.37,2.28
Star Wars: The Force Unleashed,2008-09-16, Aspyr Media,3.2,417000,417000,Adventure,7400,50000,823000,350000,905,Wii,LucasArts,1.14,0.57,0.0,0.19,1.91
Star Wars: The Force Unleashed,2008-09-16, Aspyr Media,3.2,417000,417000,Adventure,7400,50000,823000,350000,1586,PS2,LucasArts,0.49,0.0,0.01,0.75,1.25
Star Wars: The Force Unleashed,2008-09-16, Aspyr Media,3.2,417000,417000,Adventure,7400,50000,823000,350000,1872,PSP,LucasArts,0.43,0.41,0.0,0.25,1.09
Star Wars: The Force Unleashed,2008-09-16, Aspyr Media,3.2,417000,417000,Adventure,7400,50000,823000,350000,2312,DS,LucasArts,0.51,0.29,0.0,0.09,0.9
Star Wars: The Force Unleashed,2008-09-16,THQ Wireless,3.2,417000,417000, Brawler,7400,50000,823000,350000,526,X360,LucasArts,1.74,0.8,0.0,0.26,2.8
Star Wars: The Force Unleashed,2008-09-16,THQ Wireless,3.2,417000,417000, Brawler,7400,50000,823000,350000,704,PS3,LucasArts,1.01,0.9,0.0,0.37,2.28
Star Wars: The Force Unleashed,2008-09-16,THQ Wireless,3.2,417000,417000, Brawler,7400,50000,823000,350000,905,Wii,LucasArts,1.14,0.57,0.0,0.19,1.91
Star Wars: The Force Unleashed,2008-09-16,THQ Wireless,3.2,417000,417000, Brawler,7400,50000,823000,350000,1586,PS2,LucasArts,0.49,0.0,0.01,0.75,1.25
Star Wars: The Force Unleashed,2008-09-16,THQ Wireless,3.2,417000,417000, Brawler,7400,50000,823000,350000,1872,PSP,LucasArts,0.43,0.41,0.0,0.25,1.09
Star Wars: The Force Unleashed,2008-09-16,THQ Wireless,3.2,417000,417000, Brawler,7400,50000,823000,350000,2312,DS,LucasArts,0.51,0.29,0.0,0.09,0.9
Star Wars: The Force Unleashed,2008-09-16, Aspyr Media,3.2,417000,417000, Brawler,7400,50000,823000,350000,526,X360,LucasArts,1.74,0.8,0.0,0.26,2.8
Star Wars: The Force Unleashed,2008-09-16, Aspyr Media,3.2,417000,417000, Brawler,7400,50000,823000,350000,704,PS3,LucasArts,1.01,0.9,0.0,0.37,2.28
Star Wars: The Force Unleashed,2008-09-16, Aspyr Media,3.2,417000,417000, Brawler,7400,50000,823000,350000,905,Wii,LucasArts,1.14,0.57,0.0,0.19,1.91
Star Wars: The Force Unleashed,2008-09-16, Aspyr Media,3.2,417000,417000, Brawler,7400,50000,823000,350000,1586,PS2,LucasArts,0.49,0.0,0.01,0.75,1.25
Star Wars: The Force Unleashed,2008-09-16, Aspyr Media,3.2,417000,417000, Brawler,7400,50000,823000,350000,1872,PSP,LucasArts,0.43,0.41,0.0,0.25,1.09
Star Wars: The Force Unleashed,2008-09-16, Aspyr Media,3.2,417000,417000, Brawler,7400,50000,823000,350000,2312,DS,LucasArts,0.51,0.29,0.0,0.09,0.9
Star Wars: The Force Unleashed,2008-09-16,THQ Wireless,3.2,417000,417000, RPG,7400,50000,823000,350000,526,X360,LucasArts,1.74,0.8,0.0,0.26,2.8
Star Wars: The Force Unleashed,2008-09-16,THQ Wireless,3.2,417000,417000, RPG,7400,50000,823000,350000,704,PS3,LucasArts,1.01,0.9,0.0,0.37,2.28
Star Wars: The Force Unleashed,2008-09-16,THQ Wireless,3.2,417000,417000, RPG,7400,50000,823000,350000,905,Wii,LucasArts,1.14,0.57,0.0,0.19,1.91
Star Wars: The Force Unleashed,2008-09-16,THQ Wireless,3.2,417000,417000, RPG,7400,50000,823000,350000,1586,PS2,LucasArts,0.49,0.0,0.01,0.75,1.25
Star Wars: The Force Unleashed,2008-09-16,THQ Wireless,3.2,417000,417000, RPG,7400,50000,823000,350000,1872,PSP,LucasArts,0.43,0.41,0.0,0.25,1.09
Star Wars: The Force Unleashed,2008-09-16,THQ Wireless,3.2,417000,417000, RPG,7400,50000,823000,350000,2312,DS,LucasArts,0.51,0.29,0.0,0.09,0.9
Star Wars: The Force Unleashed,2008-09-16, Aspyr Media,3.2,417000,417000, RPG,7400,50000,823000,350000,526,X360,LucasArts,1.74,0.8,0.0,0.26,2.8
Star Wars: The Force Unleashed,2008-09-16, Aspyr Media,3.2,417000,417000, RPG,7400,50000,823000,350000,704,PS3,LucasArts,1.01,0.9,0.0,0.37,2.28
Star Wars: The Force Unleashed,2008-09-16, Aspyr Media,3.2,417000,417000, RPG,7400,50000,823000,350000,905,Wii,LucasArts,1.14,0.57,0.0,0.19,1.91
Star Wars: The Force Unleashed,2008-09-16, Aspyr Media,3.2,417000,417000, RPG,7400,50000,823000,350000,1586,PS2,LucasArts,0.49,0.0,0.01,0.75,1.25
Star Wars: The Force Unleashed,2008-09-16, Aspyr Media,3.2,417000,417000, RPG,7400,50000,823000,350000,1872,PSP,LucasArts,0.43,0.41,0.0,0.25,1.09
Star Wars: The Force Unleashed,2008-09-16, Aspyr Media,3.2,417000,417000, RPG,7400,50000,823000,350000,2312,DS,LucasArts,0.51,0.29,0.0,0.09,0.9
Donkey Kong Country Returns,2010-11-21,Retro Studios,3.9,521000,521000,Adventure,5300,67000,1100,443000,126,Wii,Nintendo,3.25,1.84,1.03,0.47,6.59
Donkey Kong Country Returns,2010-11-21,Retro Studios,3.9,521000,521000,Adventure,5300,67000,1100,443000,924,3DS,Nintendo,0.73,0.62,0.4,0.12,1.87
Donkey Kong Country Returns,2010-11-21, Nintendo,3.9,521000,521000,Adventure,5300,67000,1100,443000,126,Wii,Nintendo,3.25,1.84,1.03,0.47,6.59
Donkey Kong Country Returns,2010-11-21, Nintendo,3.9,521000,521000,Adventure,5300,67000,1100,443000,924,3DS,Nintendo,0.73,0.62,0.4,0.12,1.87
Donkey Kong Country Returns,2010-11-21,Retro Studios,3.9,521000,521000, Platform,5300,67000,1100,443000,126,Wii,Nintendo,3.25,1.84,1.03,0.47,6.59
Donkey Kong Country Returns,2010-11-21,Retro Studios,3.9,521000,521000, Platform,5300,67000,1100,443000,924,3DS,Nintendo,0.73,0.62,0.4,0.12,1.87
Donkey Kong Country Returns,2010-11-21, Nintendo,3.9,521000,521000, Platform,5300,67000,1100,443000,126,Wii,Nintendo,3.25,1.84,1.03,0.47,6.59
Donkey Kong Country Returns,2010-11-21, Nintendo,3.9,521000,521000, Platform,5300,67000,1100,443000,924,3DS,Nintendo,0.73,0.62,0.4,0.12,1.87
Deus Ex: Human Revolution,2011-08-23,Square Enix,3.8,559000,559000,RPG,5800,65000,1700,488000,1394,PS3,Square Enix,0.5,0.6,0.07,0.23,1.39
Deus Ex: Human Revolution,2011-08-23,Square Enix,3.8,559000,559000,RPG,5800,65000,1700,488000,1400,X360,Square Enix,0.76,0.48,0.02,0.12,1.39
Deus Ex: Human Revolution,2011-08-23,Square Enix,3.8,559000,559000,RPG,5800,65000,1700,488000,3432,PC,Square Enix,0.25,0.25,0.0,0.09,0.59
Deus Ex: Human Revolution,2011-08-23,Square Enix,3.8,559000,559000,RPG,5800,65000,1700,488000,9885,WiiU,Square Enix,0.06,0.05,0.0,0.01,0.12
Deus Ex: Human Revolution,2011-08-23, Eidos Montréal,3.8,559000,559000,RPG,5800,65000,1700,488000,1394,PS3,Square Enix,0.5,0.6,0.07,0.23,1.39
Deus Ex: Human Revolution,2011-08-23, Eidos Montréal,3.8,559000,559000,RPG,5800,65000,1700,488000,1400,X360,Square Enix,0.76,0.48,0.02,0.12,1.39
Deus Ex: Human Revolution,2011-08-23, Eidos Montréal,3.8,559000,559000,RPG,5800,65000,1700,488000,3432,PC,Square Enix,0.25,0.25,0.0,0.09,0.59
Deus Ex: Human Revolution,2011-08-23, Eidos Montréal,3.8,559000,559000,RPG,5800,65000,1700,488000,9885,WiiU,Square Enix,0.06,0.05,0.0,0.01,0.12
Deus Ex: Human Revolution,2011-08-23,Square Enix,3.8,559000,559000, Shooter,5800,65000,1700,488000,1394,PS3,Square Enix,0.5,0.6,0.07,0.23,1.39
Deus Ex: Human Revolution,2011-08-23,Square Enix,3.8,559000,559000, Shooter,5800,65000,1700,488000,1400,X360,Square Enix,0.76,0.48,0.02,0.12,1.39
Deus Ex: Human Revolution,2011-08-23,Square Enix,3.8,559000,559000, Shooter,5800,65000,1700,488000,3432,PC,Square Enix,0.25,0.25,0.0,0.09,0.59
Deus Ex: Human Revolution,2011-08-23,Square Enix,3.8,559000,559000, Shooter,5800,65000,1700,488000,9885,WiiU,Square Enix,0.06,0.05,0.0,0.01,0.12
Deus Ex: Human Revolution,2011-08-23, Eidos Montréal,3.8,559000,559000, Shooter,5800,65000,1700,488000,1394,PS3,Square Enix,0.5,0.6,0.07,0.23,1.39
Deus Ex: Human Revolution,2011-08-23, Eidos Montréal,3.8,559000,559000, Shooter,5800,65000,1700,488000,1400,X360,Square Enix,0.76,0.48,0.02,0.12,1.39
Deus Ex: Human Revolution,2011-08-23, Eidos Montréal,3.8,559000,559000, Shooter,5800,65000,1700,488000,3432,PC,Square Enix,0.25,0.25,0.0,0.09,0.59
Deus Ex: Human Revolution,2011-08-23, Eidos Montréal,3.8,559000,559000, Shooter,5800,65000,1700,488000,9885,WiiU,Square Enix,0.06,0.05,0.0,0.01,0.12
Sin and Punishment,2000-11-21,Treasure,4.0,459000,459000,Shooter,1100,34000,878000,550000,9481,N64,Nintendo,0.0,0.0,0.13,0.0,0.13
Sin and Punishment,2000-11-21, Nintendo,4.0,459000,459000,Shooter,1100,34000,878000,550000,9481,N64,Nintendo,0.0,0.0,0.13,0.0,0.13
New Super Mario Bros. 2,2012-07-28,Nintendo,2.9,581000,581000,Adventure,6100,47000,588000,234000,65,3DS,Nintendo,3.66,3.07,2.47,0.63,9.82
New Super Mario Bros. 2,2012-07-28, Nintendo EAD,2.9,581000,581000,Adventure,6100,47000,588000,234000,65,3DS,Nintendo,3.66,3.07,2.47,0.63,9.82
New Super Mario Bros. 2,2012-07-28,Nintendo,2.9,581000,581000, Platform,6100,47000,588000,234000,65,3DS,Nintendo,3.66,3.07,2.47,0.63,9.82
New Super Mario Bros. 2,2012-07-28, Nintendo EAD,2.9,581000,581000, Platform,6100,47000,588000,234000,65,3DS,Nintendo,3.66,3.07,2.47,0.63,9.82
Asura's Wrath,2012-02-21,Capcom,3.7,432000,432000,Brawler,2100,65000,980000,827000,4776,PS3,Capcom,0.18,0.12,0.06,0.05,0.41
Asura's Wrath,2012-02-21,Capcom,3.7,432000,432000,Brawler,2100,65000,980000,827000,6911,X360,Capcom,0.15,0.06,0.01,0.02,0.24
Asura's Wrath,2012-02-21, CyberConnect2,3.7,432000,432000,Brawler,2100,65000,980000,827000,4776,PS3,Capcom,0.18,0.12,0.06,0.05,0.41
Asura's Wrath,2012-02-21, CyberConnect2,3.7,432000,432000,Brawler,2100,65000,980000,827000,6911,X360,Capcom,0.15,0.06,0.01,0.02,0.24
Tales of Berseria,2016-08-18,Bandai Namco Entertainment America,3.7,555000,555000,RPG,3300,293000,2400,657000,7248,PS4,Namco Bandai Games,0.0,0.0,0.22,0.0,0.22
Tales of Berseria,2016-08-18,Bandai Namco Entertainment America,3.7,555000,555000,RPG,3300,293000,2400,657000,10233,PS3,Namco Bandai Games,0.0,0.0,0.11,0.0,0.11
Tales of Berseria,2016-08-18, Bandai Namco Studios,3.7,555000,555000,RPG,3300,293000,2400,657000,7248,PS4,Namco Bandai Games,0.0,0.0,0.22,0.0,0.22
Tales of Berseria,2016-08-18, Bandai Namco Studios,3.7,555000,555000,RPG,3300,293000,2400,657000,10233,PS3,Namco Bandai Games,0.0,0.0,0.11,0.0,0.11
Prince of Persia: The Sands of Time,2003-11-06,Ubisoft Entertainment,3.6,480000,480000,Adventure,5500,37000,1100,421000,728,PS2,Ubisoft,0.88,1.03,0.0,0.31,2.22
Prince of Persia: The Sands of Time,2003-11-06,Ubisoft Entertainment,3.6,480000,480000,Adventure,5500,37000,1100,421000,2216,XB,Ubisoft,0.57,0.33,0.0,0.04,0.94
Prince of Persia: The Sands of Time,2003-11-06,Ubisoft Entertainment,3.6,480000,480000,Adventure,5500,37000,1100,421000,5630,GC,Ubisoft,0.25,0.06,0.0,0.01,0.32
Prince of Persia: The Sands of Time,2003-11-06,Ubisoft Entertainment,3.6,480000,480000,Adventure,5500,37000,1100,421000,8814,GBA,Ubisoft,0.11,0.04,0.0,0.0,0.15
Prince of Persia: The Sands of Time,2003-11-06, Ubisoft Montreal,3.6,480000,480000,Adventure,5500,37000,1100,421000,728,PS2,Ubisoft,0.88,1.03,0.0,0.31,2.22
Prince of Persia: The Sands of Time,2003-11-06, Ubisoft Montreal,3.6,480000,480000,Adventure,5500,37000,1100,421000,2216,XB,Ubisoft,0.57,0.33,0.0,0.04,0.94
Prince of Persia: The Sands of Time,2003-11-06, Ubisoft Montreal,3.6,480000,480000,Adventure,5500,37000,1100,421000,5630,GC,Ubisoft,0.25,0.06,0.0,0.01,0.32
Prince of Persia: The Sands of Time,2003-11-06, Ubisoft Montreal,3.6,480000,480000,Adventure,5500,37000,1100,421000,8814,GBA,Ubisoft,0.11,0.04,0.0,0.0,0.15
Prince of Persia: The Sands of Time,2003-11-06,Ubisoft Entertainment,3.6,480000,480000, Platform,5500,37000,1100,421000,728,PS2,Ubisoft,0.88,1.03,0.0,0.31,2.22
Prince of Persia: The Sands of Time,2003-11-06,Ubisoft Entertainment,3.6,480000,480000, Platform,5500,37000,1100,421000,2216,XB,Ubisoft,0.57,0.33,0.0,0.04,0.94
Prince of Persia: The Sands of Time,2003-11-06,Ubisoft Entertainment,3.6,480000,480000, Platform,5500,37000,1100,421000,5630,GC,Ubisoft,0.25,0.06,0.0,0.01,0.32
Prince of Persia: The Sands of Time,2003-11-06,Ubisoft Entertainment,3.6,480000,480000, Platform,5500,37000,1100,421000,8814,GBA,Ubisoft,0.11,0.04,0.0,0.0,0.15
Prince of Persia: The Sands of Time,2003-11-06, Ubisoft Montreal,3.6,480000,480000, Platform,5500,37000,1100,421000,728,PS2,Ubisoft,0.88,1.03,0.0,0.31,2.22
Prince of Persia: The Sands of Time,2003-11-06, Ubisoft Montreal,3.6,480000,480000, Platform,5500,37000,1100,421000,2216,XB,Ubisoft,0.57,0.33,0.0,0.04,0.94
Prince of Persia: The Sands of Time,2003-11-06, Ubisoft Montreal,3.6,480000,480000, Platform,5500,37000,1100,421000,5630,GC,Ubisoft,0.25,0.06,0.0,0.01,0.32
Prince of Persia: The Sands of Time,2003-11-06, Ubisoft Montreal,3.6,480000,480000, Platform,5500,37000,1100,421000,8814,GBA,Ubisoft,0.11,0.04,0.0,0.0,0.15
Assassin's Creed Syndicate,2015-10-23,Ubisoft Entertainment,3.0,562000,562000,Adventure,5600,97000,1500,417000,410,PS4,Ubisoft,0.8,1.92,0.06,0.5,3.28
Assassin's Creed Syndicate,2015-10-23,Ubisoft Entertainment,3.0,562000,562000,Adventure,5600,97000,1500,417000,1545,XOne,Ubisoft,0.61,0.56,0.0,0.11,1.28
Assassin's Creed Syndicate,2015-10-23,Ubisoft Entertainment,3.0,562000,562000,Adventure,5600,97000,1500,417000,7563,PC,Ubisoft,0.1,0.08,0.0,0.02,0.2
Assassin's Creed Syndicate,2015-10-23, Ubisoft Québec,3.0,562000,562000,Adventure,5600,97000,1500,417000,410,PS4,Ubisoft,0.8,1.92,0.06,0.5,3.28
Assassin's Creed Syndicate,2015-10-23, Ubisoft Québec,3.0,562000,562000,Adventure,5600,97000,1500,417000,1545,XOne,Ubisoft,0.61,0.56,0.0,0.11,1.28
Assassin's Creed Syndicate,2015-10-23, Ubisoft Québec,3.0,562000,562000,Adventure,5600,97000,1500,417000,7563,PC,Ubisoft,0.1,0.08,0.0,0.02,0.2
Sunset Overdrive,2014-10-28,Insomniac Games,3.5,445000,445000,Adventure,3600,92000,1200,459000,1838,XOne,Microsoft Game Studios,0.62,0.4,0.0,0.08,1.11
Sunset Overdrive,2014-10-28, Microsoft Studios,3.5,445000,445000,Adventure,3600,92000,1200,459000,1838,XOne,Microsoft Game Studios,0.62,0.4,0.0,0.08,1.11
Sunset Overdrive,2014-10-28,Insomniac Games,3.5,445000,445000, Platform,3600,92000,1200,459000,1838,XOne,Microsoft Game Studios,0.62,0.4,0.0,0.08,1.11
Sunset Overdrive,2014-10-28, Microsoft Studios,3.5,445000,445000, Platform,3600,92000,1200,459000,1838,XOne,Microsoft Game Studios,0.62,0.4,0.0,0.08,1.11
Sunset Overdrive,2014-10-28,Insomniac Games,3.5,445000,445000, Shooter,3600,92000,1200,459000,1838,XOne,Microsoft Game Studios,0.62,0.4,0.0,0.08,1.11
Sunset Overdrive,2014-10-28, Microsoft Studios,3.5,445000,445000, Shooter,3600,92000,1200,459000,1838,XOne,Microsoft Game Studios,0.62,0.4,0.0,0.08,1.11
Metal Gear Solid: Peace Walker,2010-04-29,Kojima Productions,3.5,498000,498000,Shooter,4000,68000,1300,566000,800,PSP,Konami Digital Entertainment,0.46,0.42,0.96,0.25,2.09
Metal Gear Solid: Peace Walker,2010-04-29, Konami,3.5,498000,498000,Shooter,4000,68000,1300,566000,800,PSP,Konami Digital Entertainment,0.46,0.42,0.96,0.25,2.09
Metal Gear Solid: Peace Walker,2010-04-29,Kojima Productions,3.5,498000,498000, Strategy,4000,68000,1300,566000,800,PSP,Konami Digital Entertainment,0.46,0.42,0.96,0.25,2.09
Metal Gear Solid: Peace Walker,2010-04-29, Konami,3.5,498000,498000, Strategy,4000,68000,1300,566000,800,PSP,Konami Digital Entertainment,0.46,0.42,0.96,0.25,2.09
Zero Escape: Zero Time Dilemma,2016-06-28,Aksys Games,3.0,350000,350000,Adventure,2900,64000,1200,402000,12434,3DS,Aksys Games,0.04,0.0,0.01,0.01,0.06
Zero Escape: Zero Time Dilemma,2016-06-28,Aksys Games,3.0,350000,350000,Adventure,2900,64000,1200,402000,12452,PSV,Aksys Games,0.03,0.0,0.02,0.01,0.06
Zero Escape: Zero Time Dilemma,2016-06-28, Spike ChunSoft,3.0,350000,350000,Adventure,2900,64000,1200,402000,12434,3DS,Aksys Games,0.04,0.0,0.01,0.01,0.06
Zero Escape: Zero Time Dilemma,2016-06-28, Spike ChunSoft,3.0,350000,350000,Adventure,2900,64000,1200,402000,12452,PSV,Aksys Games,0.03,0.0,0.02,0.01,0.06
Zero Escape: Zero Time Dilemma,2016-06-28,Aksys Games,3.0,350000,350000, Puzzle,2900,64000,1200,402000,12434,3DS,Aksys Games,0.04,0.0,0.01,0.01,0.06
Zero Escape: Zero Time Dilemma,2016-06-28,Aksys Games,3.0,350000,350000, Puzzle,2900,64000,1200,402000,12452,PSV,Aksys Games,0.03,0.0,0.02,0.01,0.06
Zero Escape: Zero Time Dilemma,2016-06-28, Spike ChunSoft,3.0,350000,350000, Puzzle,2900,64000,1200,402000,12434,3DS,Aksys Games,0.04,0.0,0.01,0.01,0.06
Zero Escape: Zero Time Dilemma,2016-06-28, Spike ChunSoft,3.0,350000,350000, Puzzle,2900,64000,1200,402000,12452,PSV,Aksys Games,0.03,0.0,0.02,0.01,0.06
Zero Escape: Zero Time Dilemma,2016-06-28,Aksys Games,3.0,350000,350000, RPG,2900,64000,1200,402000,12434,3DS,Aksys Games,0.04,0.0,0.01,0.01,0.06
Zero Escape: Zero Time Dilemma,2016-06-28,Aksys Games,3.0,350000,350000, RPG,2900,64000,1200,402000,12452,PSV,Aksys Games,0.03,0.0,0.02,0.01,0.06
Zero Escape: Zero Time Dilemma,2016-06-28, Spike ChunSoft,3.0,350000,350000, RPG,2900,64000,1200,402000,12434,3DS,Aksys Games,0.04,0.0,0.01,0.01,0.06
Zero Escape: Zero Time Dilemma,2016-06-28, Spike ChunSoft,3.0,350000,350000, RPG,2900,64000,1200,402000,12452,PSV,Aksys Games,0.03,0.0,0.02,0.01,0.06
Zero Escape: Zero Time Dilemma,2016-06-28,Aksys Games,3.0,350000,350000, Strategy,2900,64000,1200,402000,12434,3DS,Aksys Games,0.04,0.0,0.01,0.01,0.06
Zero Escape: Zero Time Dilemma,2016-06-28,Aksys Games,3.0,350000,350000, Strategy,2900,64000,1200,402000,12452,PSV,Aksys Games,0.03,0.0,0.02,0.01,0.06
Zero Escape: Zero Time Dilemma,2016-06-28, Spike ChunSoft,3.0,350000,350000, Strategy,2900,64000,1200,402000,12434,3DS,Aksys Games,0.04,0.0,0.01,0.01,0.06
Zero Escape: Zero Time Dilemma,2016-06-28, Spike ChunSoft,3.0,350000,350000, Strategy,2900,64000,1200,402000,12452,PSV,Aksys Games,0.03,0.0,0.02,0.01,0.06
Zero Escape: Zero Time Dilemma,2016-06-28,Aksys Games,3.0,350000,350000, Visual Novel,2900,64000,1200,402000,12434,3DS,Aksys Games,0.04,0.0,0.01,0.01,0.06
Zero Escape: Zero Time Dilemma,2016-06-28,Aksys Games,3.0,350000,350000, Visual Novel,2900,64000,1200,402000,12452,PSV,Aksys Games,0.03,0.0,0.02,0.01,0.06
Zero Escape: Zero Time Dilemma,2016-06-28, Spike ChunSoft,3.0,350000,350000, Visual Novel,2900,64000,1200,402000,12434,3DS,Aksys Games,0.04,0.0,0.01,0.01,0.06
Zero Escape: Zero Time Dilemma,2016-06-28, Spike ChunSoft,3.0,350000,350000, Visual Novel,2900,64000,1200,402000,12452,PSV,Aksys Games,0.03,0.0,0.02,0.01,0.06
Deus Ex: Mankind Divided,2016-08-23,Square Enix,3.5,387000,387000,Adventure,3400,72000,2000,458000,5501,PS4,Square Enix,0.1,0.18,0.0,0.05,0.33
Deus Ex: Mankind Divided,2016-08-23,Square Enix,3.5,387000,387000,Adventure,3400,72000,2000,458000,8949,XOne,Square Enix,0.08,0.06,0.0,0.01,0.15
Deus Ex: Mankind Divided,2016-08-23,Square Enix,3.5,387000,387000,Adventure,3400,72000,2000,458000,15412,PC,Square Enix,0.0,0.02,0.0,0.0,0.02
Deus Ex: Mankind Divided,2016-08-23,Square Enix,3.5,387000,387000, RPG,3400,72000,2000,458000,5501,PS4,Square Enix,0.1,0.18,0.0,0.05,0.33
Deus Ex: Mankind Divided,2016-08-23,Square Enix,3.5,387000,387000, RPG,3400,72000,2000,458000,8949,XOne,Square Enix,0.08,0.06,0.0,0.01,0.15
Deus Ex: Mankind Divided,2016-08-23,Square Enix,3.5,387000,387000, RPG,3400,72000,2000,458000,15412,PC,Square Enix,0.0,0.02,0.0,0.0,0.02
Deus Ex: Mankind Divided,2016-08-23,Square Enix,3.5,387000,387000, Shooter,3400,72000,2000,458000,5501,PS4,Square Enix,0.1,0.18,0.0,0.05,0.33
Deus Ex: Mankind Divided,2016-08-23,Square Enix,3.5,387000,387000, Shooter,3400,72000,2000,458000,8949,XOne,Square Enix,0.08,0.06,0.0,0.01,0.15
Deus Ex: Mankind Divided,2016-08-23,Square Enix,3.5,387000,387000, Shooter,3400,72000,2000,458000,15412,PC,Square Enix,0.0,0.02,0.0,0.0,0.02
Guitar Hero III: Legends of Rock,2007-10-28,Neversoft Entertainment,3.9,489000,489000,Music,6900,21000,174000,78000,208,PS2,Activision,3.49,0.01,0.01,1.48,4.98
Guitar Hero III: Legends of Rock,2007-10-28,Neversoft Entertainment,3.9,489000,489000,Music,6900,21000,174000,78000,231,Wii,Activision,3.06,1.12,0.0,0.44,4.62
Guitar Hero III: Legends of Rock,2007-10-28,Neversoft Entertainment,3.9,489000,489000,Music,6900,21000,174000,78000,238,X360,Activision,3.19,0.92,0.01,0.42,4.53
Guitar Hero III: Legends of Rock,2007-10-28,Neversoft Entertainment,3.9,489000,489000,Music,6900,21000,174000,78000,712,PS3,Activision,1.4,0.54,0.02,0.3,2.26
Guitar Hero III: Legends of Rock,2007-10-28,Neversoft Entertainment,3.9,489000,489000,Music,6900,21000,174000,78000,16048,PC,Aspyr,0.01,0.0,0.0,0.0,0.01
Guitar Hero III: Legends of Rock,2007-10-28, Activision,3.9,489000,489000,Music,6900,21000,174000,78000,208,PS2,Activision,3.49,0.01,0.01,1.48,4.98
Guitar Hero III: Legends of Rock,2007-10-28, Activision,3.9,489000,489000,Music,6900,21000,174000,78000,231,Wii,Activision,3.06,1.12,0.0,0.44,4.62
Guitar Hero III: Legends of Rock,2007-10-28, Activision,3.9,489000,489000,Music,6900,21000,174000,78000,238,X360,Activision,3.19,0.92,0.01,0.42,4.53
Guitar Hero III: Legends of Rock,2007-10-28, Activision,3.9,489000,489000,Music,6900,21000,174000,78000,712,PS3,Activision,1.4,0.54,0.02,0.3,2.26
Guitar Hero III: Legends of Rock,2007-10-28, Activision,3.9,489000,489000,Music,6900,21000,174000,78000,16048,PC,Aspyr,0.01,0.0,0.0,0.0,0.01
Guitar Hero III: Legends of Rock,2007-10-28,Neversoft Entertainment,3.9,489000,489000, Simulator,6900,21000,174000,78000,208,PS2,Activision,3.49,0.01,0.01,1.48,4.98
Guitar Hero III: Legends of Rock,2007-10-28,Neversoft Entertainment,3.9,489000,489000, Simulator,6900,21000,174000,78000,231,Wii,Activision,3.06,1.12,0.0,0.44,4.62
Guitar Hero III: Legends of Rock,2007-10-28,Neversoft Entertainment,3.9,489000,489000, Simulator,6900,21000,174000,78000,238,X360,Activision,3.19,0.92,0.01,0.42,4.53
Guitar Hero III: Legends of Rock,2007-10-28,Neversoft Entertainment,3.9,489000,489000, Simulator,6900,21000,174000,78000,712,PS3,Activision,1.4,0.54,0.02,0.3,2.26
Guitar Hero III: Legends of Rock,2007-10-28,Neversoft Entertainment,3.9,489000,489000, Simulator,6900,21000,174000,78000,16048,PC,Aspyr,0.01,0.0,0.0,0.0,0.01
Guitar Hero III: Legends of Rock,2007-10-28, Activision,3.9,489000,489000, Simulator,6900,21000,174000,78000,208,PS2,Activision,3.49,0.01,0.01,1.48,4.98
Guitar Hero III: Legends of Rock,2007-10-28, Activision,3.9,489000,489000, Simulator,6900,21000,174000,78000,231,Wii,Activision,3.06,1.12,0.0,0.44,4.62
Guitar Hero III: Legends of Rock,2007-10-28, Activision,3.9,489000,489000, Simulator,6900,21000,174000,78000,238,X360,Activision,3.19,0.92,0.01,0.42,4.53
Guitar Hero III: Legends of Rock,2007-10-28, Activision,3.9,489000,489000, Simulator,6900,21000,174000,78000,712,PS3,Activision,1.4,0.54,0.02,0.3,2.26
Guitar Hero III: Legends of Rock,2007-10-28, Activision,3.9,489000,489000, Simulator,6900,21000,174000,78000,16048,PC,Aspyr,0.01,0.0,0.0,0.0,0.01
Gears of War,2006-11-07,Microsoft Game Studios,3.5,522000,522000,Shooter,5300,37000,545000,307000,142,X360,Microsoft Game Studios,3.54,1.9,0.07,0.6,6.11
Gears of War,2006-11-07,Microsoft Game Studios,3.5,522000,522000,Shooter,5300,37000,545000,307000,15784,PC,Microsoft Game Studios,0.0,0.01,0.0,0.0,0.02
Gears of War,2006-11-07, Epic Games,3.5,522000,522000,Shooter,5300,37000,545000,307000,142,X360,Microsoft Game Studios,3.54,1.9,0.07,0.6,6.11
Gears of War,2006-11-07, Epic Games,3.5,522000,522000,Shooter,5300,37000,545000,307000,15784,PC,Microsoft Game Studios,0.0,0.01,0.0,0.0,0.02
Final Fantasy Tactics,1997-06-20,Sony Computer Entertainment,4.2,506000,506000,RPG,2100,73000,1600,681000,631,PS,SquareSoft,0.93,0.12,1.34,0.06,2.45
Final Fantasy Tactics,1997-06-20, Inc. (SCEI),4.2,506000,506000,RPG,2100,73000,1600,681000,631,PS,SquareSoft,0.93,0.12,1.34,0.06,2.45
Final Fantasy Tactics,1997-06-20, Square,4.2,506000,506000,RPG,2100,73000,1600,681000,631,PS,SquareSoft,0.93,0.12,1.34,0.06,2.45
Final Fantasy Tactics,1997-06-20,Sony Computer Entertainment,4.2,506000,506000, Strategy,2100,73000,1600,681000,631,PS,SquareSoft,0.93,0.12,1.34,0.06,2.45
Final Fantasy Tactics,1997-06-20, Inc. (SCEI),4.2,506000,506000, Strategy,2100,73000,1600,681000,631,PS,SquareSoft,0.93,0.12,1.34,0.06,2.45
Final Fantasy Tactics,1997-06-20, Square,4.2,506000,506000, Strategy,2100,73000,1600,681000,631,PS,SquareSoft,0.93,0.12,1.34,0.06,2.45
Final Fantasy Tactics,1997-06-20,Sony Computer Entertainment,4.2,506000,506000, Tactical,2100,73000,1600,681000,631,PS,SquareSoft,0.93,0.12,1.34,0.06,2.45
Final Fantasy Tactics,1997-06-20, Inc. (SCEI),4.2,506000,506000, Tactical,2100,73000,1600,681000,631,PS,SquareSoft,0.93,0.12,1.34,0.06,2.45
Final Fantasy Tactics,1997-06-20, Square,4.2,506000,506000, Tactical,2100,73000,1600,681000,631,PS,SquareSoft,0.93,0.12,1.34,0.06,2.45
Final Fantasy Tactics,1997-06-20,Sony Computer Entertainment,4.2,506000,506000, Turn Based Strategy,2100,73000,1600,681000,631,PS,SquareSoft,0.93,0.12,1.34,0.06,2.45
Final Fantasy Tactics,1997-06-20, Inc. (SCEI),4.2,506000,506000, Turn Based Strategy,2100,73000,1600,681000,631,PS,SquareSoft,0.93,0.12,1.34,0.06,2.45
Final Fantasy Tactics,1997-06-20, Square,4.2,506000,506000, Turn Based Strategy,2100,73000,1600,681000,631,PS,SquareSoft,0.93,0.12,1.34,0.06,2.45
Tekken 3,1997-03-22,Namco,3.9,564000,564000,Fighting,4200,13000,253000,183000,106,PS,Sony Computer Entertainment,3.27,2.22,1.4,0.29,7.16
Tekken 3,1997-03-22, Namco Hometek,3.9,564000,564000,Fighting,4200,13000,253000,183000,106,PS,Sony Computer Entertainment,3.27,2.22,1.4,0.29,7.16
Xenosaga Episode I: Der Wille zur Macht,2002-02-28,Monolith Soft,3.7,412000,412000,Adventure,1200,103000,1300,575000,1017,PS2,Namco Bandai Games,0.63,0.49,0.45,0.17,1.74
Xenosaga Episode I: Der Wille zur Macht,2002-02-28, Namco,3.7,412000,412000,Adventure,1200,103000,1300,575000,1017,PS2,Namco Bandai Games,0.63,0.49,0.45,0.17,1.74
Xenosaga Episode I: Der Wille zur Macht,2002-02-28,Monolith Soft,3.7,412000,412000, RPG,1200,103000,1300,575000,1017,PS2,Namco Bandai Games,0.63,0.49,0.45,0.17,1.74
Xenosaga Episode I: Der Wille zur Macht,2002-02-28, Namco,3.7,412000,412000, RPG,1200,103000,1300,575000,1017,PS2,Namco Bandai Games,0.63,0.49,0.45,0.17,1.74
Fire Emblem: The Sacred Stones,2004-10-07,Nintendo,3.7,503000,503000,RPG,3700,124000,1200,395000,2337,GBA,Nintendo,0.42,0.16,0.3,0.02,0.89
Fire Emblem: The Sacred Stones,2004-10-07, Intelligent Systems Co.,3.7,503000,503000,RPG,3700,124000,1200,395000,2337,GBA,Nintendo,0.42,0.16,0.3,0.02,0.89
Fire Emblem: The Sacred Stones,2004-10-07, Ltd.,3.7,503000,503000,RPG,3700,124000,1200,395000,2337,GBA,Nintendo,0.42,0.16,0.3,0.02,0.89
Fire Emblem: The Sacred Stones,2004-10-07,Nintendo,3.7,503000,503000, Strategy,3700,124000,1200,395000,2337,GBA,Nintendo,0.42,0.16,0.3,0.02,0.89
Fire Emblem: The Sacred Stones,2004-10-07, Intelligent Systems Co.,3.7,503000,503000, Strategy,3700,124000,1200,395000,2337,GBA,Nintendo,0.42,0.16,0.3,0.02,0.89
Fire Emblem: The Sacred Stones,2004-10-07, Ltd.,3.7,503000,503000, Strategy,3700,124000,1200,395000,2337,GBA,Nintendo,0.42,0.16,0.3,0.02,0.89
Fire Emblem: The Sacred Stones,2004-10-07,Nintendo,3.7,503000,503000, Tactical,3700,124000,1200,395000,2337,GBA,Nintendo,0.42,0.16,0.3,0.02,0.89
Fire Emblem: The Sacred Stones,2004-10-07, Intelligent Systems Co.,3.7,503000,503000, Tactical,3700,124000,1200,395000,2337,GBA,Nintendo,0.42,0.16,0.3,0.02,0.89
Fire Emblem: The Sacred Stones,2004-10-07, Ltd.,3.7,503000,503000, Tactical,3700,124000,1200,395000,2337,GBA,Nintendo,0.42,0.16,0.3,0.02,0.89
Fire Emblem: The Sacred Stones,2004-10-07,Nintendo,3.7,503000,503000, Turn Based Strategy,3700,124000,1200,395000,2337,GBA,Nintendo,0.42,0.16,0.3,0.02,0.89
Fire Emblem: The Sacred Stones,2004-10-07, Intelligent Systems Co.,3.7,503000,503000, Turn Based Strategy,3700,124000,1200,395000,2337,GBA,Nintendo,0.42,0.16,0.3,0.02,0.89
Fire Emblem: The Sacred Stones,2004-10-07, Ltd.,3.7,503000,503000, Turn Based Strategy,3700,124000,1200,395000,2337,GBA,Nintendo,0.42,0.16,0.3,0.02,0.89
Uncharted: The Nathan Drake Collection,2015-10-07,Naughty Dog,4.1,363000,363000,Adventure,4300,137000,1300,319000,244,PS4,Sony Computer Entertainment,1.96,1.69,0.08,0.74,4.47
Uncharted: The Nathan Drake Collection,2015-10-07, Sony Computer Entertainment,4.1,363000,363000,Adventure,4300,137000,1300,319000,244,PS4,Sony Computer Entertainment,1.96,1.69,0.08,0.74,4.47
Uncharted: The Nathan Drake Collection,2015-10-07, Inc. (SCEI),4.1,363000,363000,Adventure,4300,137000,1300,319000,244,PS4,Sony Computer Entertainment,1.96,1.69,0.08,0.74,4.47
Uncharted: The Nathan Drake Collection,2015-10-07,Naughty Dog,4.1,363000,363000, Platform,4300,137000,1300,319000,244,PS4,Sony Computer Entertainment,1.96,1.69,0.08,0.74,4.47
Uncharted: The Nathan Drake Collection,2015-10-07, Sony Computer Entertainment,4.1,363000,363000, Platform,4300,137000,1300,319000,244,PS4,Sony Computer Entertainment,1.96,1.69,0.08,0.74,4.47
Uncharted: The Nathan Drake Collection,2015-10-07, Inc. (SCEI),4.1,363000,363000, Platform,4300,137000,1300,319000,244,PS4,Sony Computer Entertainment,1.96,1.69,0.08,0.74,4.47
Uncharted: The Nathan Drake Collection,2015-10-07,Naughty Dog,4.1,363000,363000, Shooter,4300,137000,1300,319000,244,PS4,Sony Computer Entertainment,1.96,1.69,0.08,0.74,4.47
Uncharted: The Nathan Drake Collection,2015-10-07, Sony Computer Entertainment,4.1,363000,363000, Shooter,4300,137000,1300,319000,244,PS4,Sony Computer Entertainment,1.96,1.69,0.08,0.74,4.47
Uncharted: The Nathan Drake Collection,2015-10-07, Inc. (SCEI),4.1,363000,363000, Shooter,4300,137000,1300,319000,244,PS4,Sony Computer Entertainment,1.96,1.69,0.08,0.74,4.47
Dead Space 3,2013-02-05,Visceral Games,2.6,309000,309000,Adventure,3200,48000,1000,388000,2077,PS3,Electronic Arts,0.44,0.38,0.0,0.17,1.0
Dead Space 3,2013-02-05,Visceral Games,2.6,309000,309000,Adventure,3200,48000,1000,388000,2083,X360,Electronic Arts,0.64,0.28,0.0,0.08,0.99
Dead Space 3,2013-02-05, Electronic Arts,2.6,309000,309000,Adventure,3200,48000,1000,388000,2077,PS3,Electronic Arts,0.44,0.38,0.0,0.17,1.0
Dead Space 3,2013-02-05, Electronic Arts,2.6,309000,309000,Adventure,3200,48000,1000,388000,2083,X360,Electronic Arts,0.64,0.28,0.0,0.08,0.99
Dead Space 3,2013-02-05,Visceral Games,2.6,309000,309000, Shooter,3200,48000,1000,388000,2077,PS3,Electronic Arts,0.44,0.38,0.0,0.17,1.0
Dead Space 3,2013-02-05,Visceral Games,2.6,309000,309000, Shooter,3200,48000,1000,388000,2083,X360,Electronic Arts,0.64,0.28,0.0,0.08,0.99
Dead Space 3,2013-02-05, Electronic Arts,2.6,309000,309000, Shooter,3200,48000,1000,388000,2077,PS3,Electronic Arts,0.44,0.38,0.0,0.17,1.0
Dead Space 3,2013-02-05, Electronic Arts,2.6,309000,309000, Shooter,3200,48000,1000,388000,2083,X360,Electronic Arts,0.64,0.28,0.0,0.08,0.99
Devil May Cry HD Collection,2012-03-22,Capcom,3.9,230000,230000,Brawler,2200,152000,1100,371000,2458,PS3,Capcom,0.42,0.21,0.11,0.1,0.84
Devil May Cry HD Collection,2012-03-22,Capcom,3.9,230000,230000,Brawler,2200,152000,1100,371000,4478,X360,Capcom,0.28,0.11,0.01,0.03,0.44
Devil May Cry HD Collection,2012-03-22, Capcom Production Studio 4,3.9,230000,230000,Brawler,2200,152000,1100,371000,2458,PS3,Capcom,0.42,0.21,0.11,0.1,0.84
Devil May Cry HD Collection,2012-03-22, Capcom Production Studio 4,3.9,230000,230000,Brawler,2200,152000,1100,371000,4478,X360,Capcom,0.28,0.11,0.01,0.03,0.44
Devil May Cry HD Collection,2012-03-22,Capcom,3.9,230000,230000, Platform,2200,152000,1100,371000,2458,PS3,Capcom,0.42,0.21,0.11,0.1,0.84
Devil May Cry HD Collection,2012-03-22,Capcom,3.9,230000,230000, Platform,2200,152000,1100,371000,4478,X360,Capcom,0.28,0.11,0.01,0.03,0.44
Devil May Cry HD Collection,2012-03-22, Capcom Production Studio 4,3.9,230000,230000, Platform,2200,152000,1100,371000,2458,PS3,Capcom,0.42,0.21,0.11,0.1,0.84
Devil May Cry HD Collection,2012-03-22, Capcom Production Studio 4,3.9,230000,230000, Platform,2200,152000,1100,371000,4478,X360,Capcom,0.28,0.11,0.01,0.03,0.44
Armored Core,1997-07-10,FromSoftware,3.4,197000,197000,Shooter,522000,38000,404000,216000,4736,PS,Sony Computer Entertainment,0.13,0.09,0.16,0.03,0.41
Armored Core,1997-07-10, Agetec,3.4,197000,197000,Shooter,522000,38000,404000,216000,4736,PS,Sony Computer Entertainment,0.13,0.09,0.16,0.03,0.41
Armored Core,1997-07-10,FromSoftware,3.4,197000,197000, Simulator,522000,38000,404000,216000,4736,PS,Sony Computer Entertainment,0.13,0.09,0.16,0.03,0.41
Armored Core,1997-07-10, Agetec,3.4,197000,197000, Simulator,522000,38000,404000,216000,4736,PS,Sony Computer Entertainment,0.13,0.09,0.16,0.03,0.41
Luigi's Mansion: Dark Moon,2013-03-20,Nintendo,3.3,377000,377000,Adventure,4300,68000,1100,418000,235,3DS,Nintendo,1.78,1.39,1.1,0.3,4.58
Luigi's Mansion: Dark Moon,2013-03-20, Next Level Games,3.3,377000,377000,Adventure,4300,68000,1100,418000,235,3DS,Nintendo,1.78,1.39,1.1,0.3,4.58
Castlevania: Order of Ecclesia,2008-10-21,Konami,4.0,483000,483000,Adventure,2000,75000,963000,540000,4709,DS,Konami Digital Entertainment,0.31,0.03,0.04,0.03,0.41
Castlevania: Order of Ecclesia,2008-10-21,Konami,4.0,483000,483000, Brawler,2000,75000,963000,540000,4709,DS,Konami Digital Entertainment,0.31,0.03,0.04,0.03,0.41
Castlevania: Order of Ecclesia,2008-10-21,Konami,4.0,483000,483000, Platform,2000,75000,963000,540000,4709,DS,Konami Digital Entertainment,0.31,0.03,0.04,0.03,0.41
Castlevania: Order of Ecclesia,2008-10-21,Konami,4.0,483000,483000, RPG,2000,75000,963000,540000,4709,DS,Konami Digital Entertainment,0.31,0.03,0.04,0.03,0.41
Deadly Premonition,2010-02-23,Access Games,3.9,431000,431000,Adventure,1400,48000,991000,628000,6402,X360,Rising Star Games,0.18,0.06,0.0,0.02,0.27
Deadly Premonition,2010-02-23,Access Games,3.9,431000,431000,Adventure,1400,48000,991000,628000,8732,PS3,Rising Star Games,0.08,0.05,0.0,0.02,0.15
Deadly Premonition,2010-02-23, Ignition Entertainment,3.9,431000,431000,Adventure,1400,48000,991000,628000,6402,X360,Rising Star Games,0.18,0.06,0.0,0.02,0.27
Deadly Premonition,2010-02-23, Ignition Entertainment,3.9,431000,431000,Adventure,1400,48000,991000,628000,8732,PS3,Rising Star Games,0.08,0.05,0.0,0.02,0.15
Deadly Premonition,2010-02-23,Access Games,3.9,431000,431000, Shooter,1400,48000,991000,628000,6402,X360,Rising Star Games,0.18,0.06,0.0,0.02,0.27
Deadly Premonition,2010-02-23,Access Games,3.9,431000,431000, Shooter,1400,48000,991000,628000,8732,PS3,Rising Star Games,0.08,0.05,0.0,0.02,0.15
Deadly Premonition,2010-02-23, Ignition Entertainment,3.9,431000,431000, Shooter,1400,48000,991000,628000,6402,X360,Rising Star Games,0.18,0.06,0.0,0.02,0.27
Deadly Premonition,2010-02-23, Ignition Entertainment,3.9,431000,431000, Shooter,1400,48000,991000,628000,8732,PS3,Rising Star Games,0.08,0.05,0.0,0.02,0.15
LEGO Batman 2: DC Super Heroes,2012-06-19,Feral Interactive,3.5,446000,446000,Adventure,4600,41000,821000,132000,1077,X360,Warner Bros. Interactive Entertainment,0.9,0.64,0.0,0.15,1.68
LEGO Batman 2: DC Super Heroes,2012-06-19,Feral Interactive,3.5,446000,446000,Adventure,4600,41000,821000,132000,1312,Wii,Warner Bros. Interactive Entertainment,0.94,0.4,0.0,0.11,1.46
LEGO Batman 2: DC Super Heroes,2012-06-19,Feral Interactive,3.5,446000,446000,Adventure,4600,41000,821000,132000,1634,PS3,Warner Bros. Interactive Entertainment,0.5,0.53,0.0,0.2,1.22
LEGO Batman 2: DC Super Heroes,2012-06-19,Feral Interactive,3.5,446000,446000,Adventure,4600,41000,821000,132000,2679,DS,Warner Bros. Interactive Entertainment,0.43,0.27,0.0,0.06,0.77
LEGO Batman 2: DC Super Heroes,2012-06-19,Feral Interactive,3.5,446000,446000,Adventure,4600,41000,821000,132000,2771,3DS,Warner Bros. Interactive Entertainment,0.41,0.27,0.0,0.06,0.74
LEGO Batman 2: DC Super Heroes,2012-06-19,Feral Interactive,3.5,446000,446000,Adventure,4600,41000,821000,132000,5158,PSV,Warner Bros. Interactive Entertainment,0.17,0.13,0.0,0.06,0.37
LEGO Batman 2: DC Super Heroes,2012-06-19,Feral Interactive,3.5,446000,446000,Adventure,4600,41000,821000,132000,9593,WiiU,Warner Bros. Interactive Entertainment,0.05,0.07,0.0,0.01,0.13
LEGO Batman 2: DC Super Heroes,2012-06-19," ""Travellers Tales""",3.5,446000,446000,Adventure,4600,41000,821000,132000,1077,X360,Warner Bros. Interactive Entertainment,0.9,0.64,0.0,0.15,1.68
LEGO Batman 2: DC Super Heroes,2012-06-19," ""Travellers Tales""",3.5,446000,446000,Adventure,4600,41000,821000,132000,1312,Wii,Warner Bros. Interactive Entertainment,0.94,0.4,0.0,0.11,1.46
LEGO Batman 2: DC Super Heroes,2012-06-19," ""Travellers Tales""",3.5,446000,446000,Adventure,4600,41000,821000,132000,1634,PS3,Warner Bros. Interactive Entertainment,0.5,0.53,0.0,0.2,1.22
LEGO Batman 2: DC Super Heroes,2012-06-19," ""Travellers Tales""",3.5,446000,446000,Adventure,4600,41000,821000,132000,2679,DS,Warner Bros. Interactive Entertainment,0.43,0.27,0.0,0.06,0.77
LEGO Batman 2: DC Super Heroes,2012-06-19," ""Travellers Tales""",3.5,446000,446000,Adventure,4600,41000,821000,132000,2771,3DS,Warner Bros. Interactive Entertainment,0.41,0.27,0.0,0.06,0.74
LEGO Batman 2: DC Super Heroes,2012-06-19," ""Travellers Tales""",3.5,446000,446000,Adventure,4600,41000,821000,132000,5158,PSV,Warner Bros. Interactive Entertainment,0.17,0.13,0.0,0.06,0.37
LEGO Batman 2: DC Super Heroes,2012-06-19," ""Travellers Tales""",3.5,446000,446000,Adventure,4600,41000,821000,132000,9593,WiiU,Warner Bros. Interactive Entertainment,0.05,0.07,0.0,0.01,0.13
LEGO Batman 2: DC Super Heroes,2012-06-19,Feral Interactive,3.5,446000,446000, Brawler,4600,41000,821000,132000,1077,X360,Warner Bros. Interactive Entertainment,0.9,0.64,0.0,0.15,1.68
LEGO Batman 2: DC Super Heroes,2012-06-19,Feral Interactive,3.5,446000,446000, Brawler,4600,41000,821000,132000,1312,Wii,Warner Bros. Interactive Entertainment,0.94,0.4,0.0,0.11,1.46
LEGO Batman 2: DC Super Heroes,2012-06-19,Feral Interactive,3.5,446000,446000, Brawler,4600,41000,821000,132000,1634,PS3,Warner Bros. Interactive Entertainment,0.5,0.53,0.0,0.2,1.22
LEGO Batman 2: DC Super Heroes,2012-06-19,Feral Interactive,3.5,446000,446000, Brawler,4600,41000,821000,132000,2679,DS,Warner Bros. Interactive Entertainment,0.43,0.27,0.0,0.06,0.77
LEGO Batman 2: DC Super Heroes,2012-06-19,Feral Interactive,3.5,446000,446000, Brawler,4600,41000,821000,132000,2771,3DS,Warner Bros. Interactive Entertainment,0.41,0.27,0.0,0.06,0.74
LEGO Batman 2: DC Super Heroes,2012-06-19,Feral Interactive,3.5,446000,446000, Brawler,4600,41000,821000,132000,5158,PSV,Warner Bros. Interactive Entertainment,0.17,0.13,0.0,0.06,0.37
LEGO Batman 2: DC Super Heroes,2012-06-19,Feral Interactive,3.5,446000,446000, Brawler,4600,41000,821000,132000,9593,WiiU,Warner Bros. Interactive Entertainment,0.05,0.07,0.0,0.01,0.13
LEGO Batman 2: DC Super Heroes,2012-06-19," ""Travellers Tales""",3.5,446000,446000, Brawler,4600,41000,821000,132000,1077,X360,Warner Bros. Interactive Entertainment,0.9,0.64,0.0,0.15,1.68
LEGO Batman 2: DC Super Heroes,2012-06-19," ""Travellers Tales""",3.5,446000,446000, Brawler,4600,41000,821000,132000,1312,Wii,Warner Bros. Interactive Entertainment,0.94,0.4,0.0,0.11,1.46
LEGO Batman 2: DC Super Heroes,2012-06-19," ""Travellers Tales""",3.5,446000,446000, Brawler,4600,41000,821000,132000,1634,PS3,Warner Bros. Interactive Entertainment,0.5,0.53,0.0,0.2,1.22
LEGO Batman 2: DC Super Heroes,2012-06-19," ""Travellers Tales""",3.5,446000,446000, Brawler,4600,41000,821000,132000,2679,DS,Warner Bros. Interactive Entertainment,0.43,0.27,0.0,0.06,0.77
LEGO Batman 2: DC Super Heroes,2012-06-19," ""Travellers Tales""",3.5,446000,446000, Brawler,4600,41000,821000,132000,2771,3DS,Warner Bros. Interactive Entertainment,0.41,0.27,0.0,0.06,0.74
LEGO Batman 2: DC Super Heroes,2012-06-19," ""Travellers Tales""",3.5,446000,446000, Brawler,4600,41000,821000,132000,5158,PSV,Warner Bros. Interactive Entertainment,0.17,0.13,0.0,0.06,0.37
LEGO Batman 2: DC Super Heroes,2012-06-19," ""Travellers Tales""",3.5,446000,446000, Brawler,4600,41000,821000,132000,9593,WiiU,Warner Bros. Interactive Entertainment,0.05,0.07,0.0,0.01,0.13
LEGO Batman 2: DC Super Heroes,2012-06-19,Feral Interactive,3.5,446000,446000, Platform,4600,41000,821000,132000,1077,X360,Warner Bros. Interactive Entertainment,0.9,0.64,0.0,0.15,1.68
LEGO Batman 2: DC Super Heroes,2012-06-19,Feral Interactive,3.5,446000,446000, Platform,4600,41000,821000,132000,1312,Wii,Warner Bros. Interactive Entertainment,0.94,0.4,0.0,0.11,1.46
LEGO Batman 2: DC Super Heroes,2012-06-19,Feral Interactive,3.5,446000,446000, Platform,4600,41000,821000,132000,1634,PS3,Warner Bros. Interactive Entertainment,0.5,0.53,0.0,0.2,1.22
LEGO Batman 2: DC Super Heroes,2012-06-19,Feral Interactive,3.5,446000,446000, Platform,4600,41000,821000,132000,2679,DS,Warner Bros. Interactive Entertainment,0.43,0.27,0.0,0.06,0.77
LEGO Batman 2: DC Super Heroes,2012-06-19,Feral Interactive,3.5,446000,446000, Platform,4600,41000,821000,132000,2771,3DS,Warner Bros. Interactive Entertainment,0.41,0.27,0.0,0.06,0.74
LEGO Batman 2: DC Super Heroes,2012-06-19,Feral Interactive,3.5,446000,446000, Platform,4600,41000,821000,132000,5158,PSV,Warner Bros. Interactive Entertainment,0.17,0.13,0.0,0.06,0.37
LEGO Batman 2: DC Super Heroes,2012-06-19,Feral Interactive,3.5,446000,446000, Platform,4600,41000,821000,132000,9593,WiiU,Warner Bros. Interactive Entertainment,0.05,0.07,0.0,0.01,0.13
LEGO Batman 2: DC Super Heroes,2012-06-19," ""Travellers Tales""",3.5,446000,446000, Platform,4600,41000,821000,132000,1077,X360,Warner Bros. Interactive Entertainment,0.9,0.64,0.0,0.15,1.68
LEGO Batman 2: DC Super Heroes,2012-06-19," ""Travellers Tales""",3.5,446000,446000, Platform,4600,41000,821000,132000,1312,Wii,Warner Bros. Interactive Entertainment,0.94,0.4,0.0,0.11,1.46
LEGO Batman 2: DC Super Heroes,2012-06-19," ""Travellers Tales""",3.5,446000,446000, Platform,4600,41000,821000,132000,1634,PS3,Warner Bros. Interactive Entertainment,0.5,0.53,0.0,0.2,1.22
LEGO Batman 2: DC Super Heroes,2012-06-19," ""Travellers Tales""",3.5,446000,446000, Platform,4600,41000,821000,132000,2679,DS,Warner Bros. Interactive Entertainment,0.43,0.27,0.0,0.06,0.77
LEGO Batman 2: DC Super Heroes,2012-06-19," ""Travellers Tales""",3.5,446000,446000, Platform,4600,41000,821000,132000,2771,3DS,Warner Bros. Interactive Entertainment,0.41,0.27,0.0,0.06,0.74
LEGO Batman 2: DC Super Heroes,2012-06-19," ""Travellers Tales""",3.5,446000,446000, Platform,4600,41000,821000,132000,5158,PSV,Warner Bros. Interactive Entertainment,0.17,0.13,0.0,0.06,0.37
LEGO Batman 2: DC Super Heroes,2012-06-19," ""Travellers Tales""",3.5,446000,446000, Platform,4600,41000,821000,132000,9593,WiiU,Warner Bros. Interactive Entertainment,0.05,0.07,0.0,0.01,0.13
Sonic Advance,2001-12-20,Sega,3.2,446000,446000,Platform,4000,26000,508000,212000,722,GBA,Sega,1.19,0.71,0.22,0.13,2.24
Sonic Advance,2001-12-20, Dimps,3.2,446000,446000,Platform,4000,26000,508000,212000,722,GBA,Sega,1.19,0.71,0.22,0.13,2.24
Just Cause 3,2015-11-30,Avalanche Studios,3.1,269000,269000,Adventure,4900,93000,1000,155000,949,PS4,Square Enix,0.46,1.02,0.07,0.28,1.83
Just Cause 3,2015-11-30,Avalanche Studios,3.1,269000,269000,Adventure,4900,93000,1000,155000,2369,XOne,Square Enix,0.42,0.38,0.0,0.07,0.88
Just Cause 3,2015-11-30,Avalanche Studios,3.1,269000,269000,Adventure,4900,93000,1000,155000,9138,PC,Square Enix,0.03,0.11,0.0,0.01,0.14
Just Cause 3,2015-11-30, Square Enix,3.1,269000,269000,Adventure,4900,93000,1000,155000,949,PS4,Square Enix,0.46,1.02,0.07,0.28,1.83
Just Cause 3,2015-11-30, Square Enix,3.1,269000,269000,Adventure,4900,93000,1000,155000,2369,XOne,Square Enix,0.42,0.38,0.0,0.07,0.88
Just Cause 3,2015-11-30, Square Enix,3.1,269000,269000,Adventure,4900,93000,1000,155000,9138,PC,Square Enix,0.03,0.11,0.0,0.01,0.14
Suikoden II,1998-12-17,Konami,4.4,433000,433000,RPG,1100,42000,1300,653000,2995,PS,Konami Digital Entertainment,0.15,0.1,0.38,0.04,0.68
Suikoden II,1998-12-17,Konami,4.4,433000,433000, Strategy,1100,42000,1300,653000,2995,PS,Konami Digital Entertainment,0.15,0.1,0.38,0.04,0.68
LittleBigPlanet,2008-10-27,Media Molecule,3.6,405000,405000,Platform,6000,21000,403000,219000,149,PS3,Sony Computer Entertainment,2.8,2.05,0.17,0.9,5.92
LittleBigPlanet,2008-10-27,Media Molecule,3.6,405000,405000,Platform,6000,21000,403000,219000,593,PSP,Sony Computer Entertainment,0.64,1.24,0.01,0.69,2.58
LittleBigPlanet,2008-10-27, Sony Computer Entertainment,3.6,405000,405000,Platform,6000,21000,403000,219000,149,PS3,Sony Computer Entertainment,2.8,2.05,0.17,0.9,5.92
LittleBigPlanet,2008-10-27, Sony Computer Entertainment,3.6,405000,405000,Platform,6000,21000,403000,219000,593,PSP,Sony Computer Entertainment,0.64,1.24,0.01,0.69,2.58
Wario Land 3,2000-03-21,Nintendo R&D1,3.8,284000,284000,Adventure,1200,67000,588000,174000,738,GB,Nintendo,1.11,0.51,0.34,0.23,2.2
Wario Land 3,2000-03-21, Nintendo,3.8,284000,284000,Adventure,1200,67000,588000,174000,738,GB,Nintendo,1.11,0.51,0.34,0.23,2.2
Wario Land 3,2000-03-21,Nintendo R&D1,3.8,284000,284000, Platform,1200,67000,588000,174000,738,GB,Nintendo,1.11,0.51,0.34,0.23,2.2
Wario Land 3,2000-03-21, Nintendo,3.8,284000,284000, Platform,1200,67000,588000,174000,738,GB,Nintendo,1.11,0.51,0.34,0.23,2.2
Wario Land 3,2000-03-21,Nintendo R&D1,3.8,284000,284000, Puzzle,1200,67000,588000,174000,738,GB,Nintendo,1.11,0.51,0.34,0.23,2.2
Wario Land 3,2000-03-21, Nintendo,3.8,284000,284000, Puzzle,1200,67000,588000,174000,738,GB,Nintendo,1.11,0.51,0.34,0.23,2.2
Tales of Symphonia,2003-08-29,Namco,3.9,512000,512000,RPG,2800,132000,1800,572000,1868,GC,Nintendo,0.54,0.21,0.31,0.04,1.1
Tales of Symphonia,2003-08-29,Namco,3.9,512000,512000,RPG,2800,132000,1800,572000,3723,PS3,Namco Bandai Games,0.21,0.13,0.13,0.06,0.54
Tales of Symphonia,2003-08-29, Namco Tales Studio,3.9,512000,512000,RPG,2800,132000,1800,572000,1868,GC,Nintendo,0.54,0.21,0.31,0.04,1.1
Tales of Symphonia,2003-08-29, Namco Tales Studio,3.9,512000,512000,RPG,2800,132000,1800,572000,3723,PS3,Namco Bandai Games,0.21,0.13,0.13,0.06,0.54
Final Fantasy VII,2012-08-14,Square Enix,4.2,103000,103000,RPG,1200,89000,427000,70000,67,PS,Sony Computer Entertainment,3.01,2.47,3.28,0.96,9.72
Final Fantasy VII,2012-08-14, Square,4.2,103000,103000,RPG,1200,89000,427000,70000,67,PS,Sony Computer Entertainment,3.01,2.47,3.28,0.96,9.72
Final Fantasy VII,2012-08-14,Square Enix,4.2,103000,103000, Turn Based Strategy,1200,89000,427000,70000,67,PS,Sony Computer Entertainment,3.01,2.47,3.28,0.96,9.72
Final Fantasy VII,2012-08-14, Square,4.2,103000,103000, Turn Based Strategy,1200,89000,427000,70000,67,PS,Sony Computer Entertainment,3.01,2.47,3.28,0.96,9.72
Pikmin 2,2004-04-29,Nintendo,4.1,530000,530000,Adventure,2700,53000,988000,500000,1671,GC,Nintendo,0.48,0.13,0.56,0.03,1.2
Pikmin 2,2004-04-29, Nintendo EAD,4.1,530000,530000,Adventure,2700,53000,988000,500000,1671,GC,Nintendo,0.48,0.13,0.56,0.03,1.2
Pikmin 2,2004-04-29,Nintendo,4.1,530000,530000, Real Time Strategy,2700,53000,988000,500000,1671,GC,Nintendo,0.48,0.13,0.56,0.03,1.2
Pikmin 2,2004-04-29, Nintendo EAD,4.1,530000,530000, Real Time Strategy,2700,53000,988000,500000,1671,GC,Nintendo,0.48,0.13,0.56,0.03,1.2
Conker's Bad Fur Day,2001-03-05,Rare,3.6,426000,426000,Adventure,2700,39000,907000,503000,2675,N64,THQ,0.53,0.22,0.0,0.02,0.77
Conker's Bad Fur Day,2001-03-05, THQ,3.6,426000,426000,Adventure,2700,39000,907000,503000,2675,N64,THQ,0.53,0.22,0.0,0.02,0.77
Conker's Bad Fur Day,2001-03-05,Rare,3.6,426000,426000, Platform,2700,39000,907000,503000,2675,N64,THQ,0.53,0.22,0.0,0.02,0.77
Conker's Bad Fur Day,2001-03-05, THQ,3.6,426000,426000, Platform,2700,39000,907000,503000,2675,N64,THQ,0.53,0.22,0.0,0.02,0.77
Conker's Bad Fur Day,2001-03-05,Rare,3.6,426000,426000, Shooter,2700,39000,907000,503000,2675,N64,THQ,0.53,0.22,0.0,0.02,0.77
Conker's Bad Fur Day,2001-03-05, THQ,3.6,426000,426000, Shooter,2700,39000,907000,503000,2675,N64,THQ,0.53,0.22,0.0,0.02,0.77
Fire Emblem: Radiant Dawn,2007-02-22,Nintendo,4.0,459000,459000,RPG,1800,69000,1100,497000,3904,Wii,Nintendo,0.28,0.03,0.17,0.03,0.51
Fire Emblem: Radiant Dawn,2007-02-22, Nintendo SPD Group No. 2,4.0,459000,459000,RPG,1800,69000,1100,497000,3904,Wii,Nintendo,0.28,0.03,0.17,0.03,0.51
Fire Emblem: Radiant Dawn,2007-02-22,Nintendo,4.0,459000,459000, Strategy,1800,69000,1100,497000,3904,Wii,Nintendo,0.28,0.03,0.17,0.03,0.51
Fire Emblem: Radiant Dawn,2007-02-22, Nintendo SPD Group No. 2,4.0,459000,459000, Strategy,1800,69000,1100,497000,3904,Wii,Nintendo,0.28,0.03,0.17,0.03,0.51
Fire Emblem: Radiant Dawn,2007-02-22,Nintendo,4.0,459000,459000, Tactical,1800,69000,1100,497000,3904,Wii,Nintendo,0.28,0.03,0.17,0.03,0.51
Fire Emblem: Radiant Dawn,2007-02-22, Nintendo SPD Group No. 2,4.0,459000,459000, Tactical,1800,69000,1100,497000,3904,Wii,Nintendo,0.28,0.03,0.17,0.03,0.51
Skate 3,2010-05-11,EA Black Box,4.0,318000,318000,Sport,4100,44000,313000,188000,560,X360,Electronic Arts,1.46,0.98,0.0,0.24,2.68
Skate 3,2010-05-11,EA Black Box,4.0,318000,318000,Sport,4100,44000,313000,188000,809,PS3,Electronic Arts,0.79,0.94,0.0,0.35,2.08
Skate 3,2010-05-11, Electronic Arts,4.0,318000,318000,Sport,4100,44000,313000,188000,560,X360,Electronic Arts,1.46,0.98,0.0,0.24,2.68
Skate 3,2010-05-11, Electronic Arts,4.0,318000,318000,Sport,4100,44000,313000,188000,809,PS3,Electronic Arts,0.79,0.94,0.0,0.35,2.08
Braid,2008-08-06,Number None Inc.,3.4,380000,380000,Adventure,3500,26000,782000,385000,14529,PC,Number None,0.0,0.02,0.0,0.01,0.03
Braid,2008-08-06, Microsoft Game Studios,3.4,380000,380000,Adventure,3500,26000,782000,385000,14529,PC,Number None,0.0,0.02,0.0,0.01,0.03
Braid,2008-08-06,Number None Inc.,3.4,380000,380000, Indie,3500,26000,782000,385000,14529,PC,Number None,0.0,0.02,0.0,0.01,0.03
Braid,2008-08-06, Microsoft Game Studios,3.4,380000,380000, Indie,3500,26000,782000,385000,14529,PC,Number None,0.0,0.02,0.0,0.01,0.03
Braid,2008-08-06,Number None Inc.,3.4,380000,380000, Platform,3500,26000,782000,385000,14529,PC,Number None,0.0,0.02,0.0,0.01,0.03
Braid,2008-08-06, Microsoft Game Studios,3.4,380000,380000, Platform,3500,26000,782000,385000,14529,PC,Number None,0.0,0.02,0.0,0.01,0.03
Braid,2008-08-06,Number None Inc.,3.4,380000,380000, Puzzle,3500,26000,782000,385000,14529,PC,Number None,0.0,0.02,0.0,0.01,0.03
Braid,2008-08-06, Microsoft Game Studios,3.4,380000,380000, Puzzle,3500,26000,782000,385000,14529,PC,Number None,0.0,0.02,0.0,0.01,0.03
Braid,2008-08-06,Number None Inc.,3.4,380000,380000, Strategy,3500,26000,782000,385000,14529,PC,Number None,0.0,0.02,0.0,0.01,0.03
Braid,2008-08-06, Microsoft Game Studios,3.4,380000,380000, Strategy,3500,26000,782000,385000,14529,PC,Number None,0.0,0.02,0.0,0.01,0.03
Metro 2033,2010-03-16,4A Games,3.5,328000,328000,RPG,3700,49000,1100,224000,3683,X360,THQ,0.22,0.24,0.03,0.05,0.55
Metro 2033,2010-03-16,4A Games,3.5,328000,328000,RPG,3700,49000,1100,224000,6839,PC,THQ,0.0,0.19,0.0,0.05,0.24
Metro 2033,2010-03-16, THQ,3.5,328000,328000,RPG,3700,49000,1100,224000,3683,X360,THQ,0.22,0.24,0.03,0.05,0.55
Metro 2033,2010-03-16, THQ,3.5,328000,328000,RPG,3700,49000,1100,224000,6839,PC,THQ,0.0,0.19,0.0,0.05,0.24
Metro 2033,2010-03-16,4A Games,3.5,328000,328000, Shooter,3700,49000,1100,224000,3683,X360,THQ,0.22,0.24,0.03,0.05,0.55
Metro 2033,2010-03-16,4A Games,3.5,328000,328000, Shooter,3700,49000,1100,224000,6839,PC,THQ,0.0,0.19,0.0,0.05,0.24
Metro 2033,2010-03-16, THQ,3.5,328000,328000, Shooter,3700,49000,1100,224000,3683,X360,THQ,0.22,0.24,0.03,0.05,0.55
Metro 2033,2010-03-16, THQ,3.5,328000,328000, Shooter,3700,49000,1100,224000,6839,PC,THQ,0.0,0.19,0.0,0.05,0.24
The Legend of Zelda: Twilight Princess HD,2016-03-04,Nintendo,4.2,447000,447000,Adventure,2500,91000,956000,503000,2214,WiiU,Nintendo,0.48,0.3,0.08,0.08,0.94
The Legend of Zelda: Twilight Princess HD,2016-03-04, Nintendo EPD,4.2,447000,447000,Adventure,2500,91000,956000,503000,2214,WiiU,Nintendo,0.48,0.3,0.08,0.08,0.94
The Legend of Zelda: Twilight Princess HD,2016-03-04,Nintendo,4.2,447000,447000, Platform,2500,91000,956000,503000,2214,WiiU,Nintendo,0.48,0.3,0.08,0.08,0.94
The Legend of Zelda: Twilight Princess HD,2016-03-04, Nintendo EPD,4.2,447000,447000, Platform,2500,91000,956000,503000,2214,WiiU,Nintendo,0.48,0.3,0.08,0.08,0.94
The Legend of Zelda: Twilight Princess HD,2016-03-04,Nintendo,4.2,447000,447000, Puzzle,2500,91000,956000,503000,2214,WiiU,Nintendo,0.48,0.3,0.08,0.08,0.94
The Legend of Zelda: Twilight Princess HD,2016-03-04, Nintendo EPD,4.2,447000,447000, Puzzle,2500,91000,956000,503000,2214,WiiU,Nintendo,0.48,0.3,0.08,0.08,0.94
We Love Katamari,2005-07-06,NOW Production,4.3,429000,429000,Adventure,1400,38000,520000,410000,3840,PS2,Electronic Arts,0.26,0.2,0.0,0.07,0.52
We Love Katamari,2005-07-06, Namco,4.3,429000,429000,Adventure,1400,38000,520000,410000,3840,PS2,Electronic Arts,0.26,0.2,0.0,0.07,0.52
We Love Katamari,2005-07-06,NOW Production,4.3,429000,429000, Puzzle,1400,38000,520000,410000,3840,PS2,Electronic Arts,0.26,0.2,0.0,0.07,0.52
We Love Katamari,2005-07-06, Namco,4.3,429000,429000, Puzzle,1400,38000,520000,410000,3840,PS2,Electronic Arts,0.26,0.2,0.0,0.07,0.52
Kirby's Dream Land 2,1995-03-21,Nintendo,3.2,414000,414000,Platform,2300,41000,480000,146000,672,GB,Nintendo,0.69,0.14,1.48,0.05,2.36
Kirby's Dream Land 2,1995-03-21, HAL Laboratory,3.2,414000,414000,Platform,2300,41000,480000,146000,672,GB,Nintendo,0.69,0.14,1.48,0.05,2.36
Banjo-Tooie,2000-11-20,Microsoft Game Studios,3.8,443000,443000,Adventure,3000,29000,1200,485000,1273,N64,Nintendo,0.82,0.36,0.25,0.06,1.49
Banjo-Tooie,2000-11-20, Rare,3.8,443000,443000,Adventure,3000,29000,1200,485000,1273,N64,Nintendo,0.82,0.36,0.25,0.06,1.49
Banjo-Tooie,2000-11-20,Microsoft Game Studios,3.8,443000,443000, Platform,3000,29000,1200,485000,1273,N64,Nintendo,0.82,0.36,0.25,0.06,1.49
Banjo-Tooie,2000-11-20, Rare,3.8,443000,443000, Platform,3000,29000,1200,485000,1273,N64,Nintendo,0.82,0.36,0.25,0.06,1.49
The Legend of Zelda: Oracle of Ages,2001-02-27,Nintendo,3.7,512000,512000,Adventure,2800,60000,1500,492000,896,GB,Nintendo,0.92,0.53,0.41,0.06,1.92
The Legend of Zelda: Oracle of Ages,2001-02-27, Capcom,3.7,512000,512000,Adventure,2800,60000,1500,492000,896,GB,Nintendo,0.92,0.53,0.41,0.06,1.92
The Legend of Zelda: Oracle of Ages,2001-02-27,Nintendo,3.7,512000,512000, RPG,2800,60000,1500,492000,896,GB,Nintendo,0.92,0.53,0.41,0.06,1.92
The Legend of Zelda: Oracle of Ages,2001-02-27, Capcom,3.7,512000,512000, RPG,2800,60000,1500,492000,896,GB,Nintendo,0.92,0.53,0.41,0.06,1.92
Saints Row 2,2008-10-14,Volition,3.7,412000,412000,Adventure,3600,56000,803000,191000,462,X360,THQ,1.94,0.8,0.02,0.27,3.03
Saints Row 2,2008-10-14,Volition,3.7,412000,412000,Adventure,3600,56000,803000,191000,1061,PS3,THQ,0.88,0.54,0.02,0.25,1.69
Saints Row 2,2008-10-14,Volition,3.7,412000,412000,Adventure,3600,56000,803000,191000,13906,PC,THQ,0.0,0.03,0.0,0.01,0.04
Saints Row 2,2008-10-14, THQ,3.7,412000,412000,Adventure,3600,56000,803000,191000,462,X360,THQ,1.94,0.8,0.02,0.27,3.03
Saints Row 2,2008-10-14, THQ,3.7,412000,412000,Adventure,3600,56000,803000,191000,1061,PS3,THQ,0.88,0.54,0.02,0.25,1.69
Saints Row 2,2008-10-14, THQ,3.7,412000,412000,Adventure,3600,56000,803000,191000,13906,PC,THQ,0.0,0.03,0.0,0.01,0.04
Saints Row 2,2008-10-14,Volition,3.7,412000,412000, Racing,3600,56000,803000,191000,462,X360,THQ,1.94,0.8,0.02,0.27,3.03
Saints Row 2,2008-10-14,Volition,3.7,412000,412000, Racing,3600,56000,803000,191000,1061,PS3,THQ,0.88,0.54,0.02,0.25,1.69
Saints Row 2,2008-10-14,Volition,3.7,412000,412000, Racing,3600,56000,803000,191000,13906,PC,THQ,0.0,0.03,0.0,0.01,0.04
Saints Row 2,2008-10-14, THQ,3.7,412000,412000, Racing,3600,56000,803000,191000,462,X360,THQ,1.94,0.8,0.02,0.27,3.03
Saints Row 2,2008-10-14, THQ,3.7,412000,412000, Racing,3600,56000,803000,191000,1061,PS3,THQ,0.88,0.54,0.02,0.25,1.69
Saints Row 2,2008-10-14, THQ,3.7,412000,412000, Racing,3600,56000,803000,191000,13906,PC,THQ,0.0,0.03,0.0,0.01,0.04
Saints Row 2,2008-10-14,Volition,3.7,412000,412000, Shooter,3600,56000,803000,191000,462,X360,THQ,1.94,0.8,0.02,0.27,3.03
Saints Row 2,2008-10-14,Volition,3.7,412000,412000, Shooter,3600,56000,803000,191000,1061,PS3,THQ,0.88,0.54,0.02,0.25,1.69
Saints Row 2,2008-10-14,Volition,3.7,412000,412000, Shooter,3600,56000,803000,191000,13906,PC,THQ,0.0,0.03,0.0,0.01,0.04
Saints Row 2,2008-10-14, THQ,3.7,412000,412000, Shooter,3600,56000,803000,191000,462,X360,THQ,1.94,0.8,0.02,0.27,3.03
Saints Row 2,2008-10-14, THQ,3.7,412000,412000, Shooter,3600,56000,803000,191000,1061,PS3,THQ,0.88,0.54,0.02,0.25,1.69
Saints Row 2,2008-10-14, THQ,3.7,412000,412000, Shooter,3600,56000,803000,191000,13906,PC,THQ,0.0,0.03,0.0,0.01,0.04
Just Cause 2,2010-03-23,Avalanche Studios,3.2,302000,302000,Adventure,5100,36000,771000,142000,978,PS3,Square Enix,0.45,0.94,0.06,0.33,1.78
Just Cause 2,2010-03-23,Avalanche Studios,3.2,302000,302000,Adventure,5100,36000,771000,142000,1134,X360,Square Enix,0.59,0.85,0.02,0.17,1.62
Just Cause 2,2010-03-23,Avalanche Studios,3.2,302000,302000,Adventure,5100,36000,771000,142000,9549,PC,Square Enix,0.0,0.1,0.0,0.03,0.13
Just Cause 2,2010-03-23, Eidos Interactive,3.2,302000,302000,Adventure,5100,36000,771000,142000,978,PS3,Square Enix,0.45,0.94,0.06,0.33,1.78
Just Cause 2,2010-03-23, Eidos Interactive,3.2,302000,302000,Adventure,5100,36000,771000,142000,1134,X360,Square Enix,0.59,0.85,0.02,0.17,1.62
Just Cause 2,2010-03-23, Eidos Interactive,3.2,302000,302000,Adventure,5100,36000,771000,142000,9549,PC,Square Enix,0.0,0.1,0.0,0.03,0.13
Just Cause 2,2010-03-23,Avalanche Studios,3.2,302000,302000, Racing,5100,36000,771000,142000,978,PS3,Square Enix,0.45,0.94,0.06,0.33,1.78
Just Cause 2,2010-03-23,Avalanche Studios,3.2,302000,302000, Racing,5100,36000,771000,142000,1134,X360,Square Enix,0.59,0.85,0.02,0.17,1.62
Just Cause 2,2010-03-23,Avalanche Studios,3.2,302000,302000, Racing,5100,36000,771000,142000,9549,PC,Square Enix,0.0,0.1,0.0,0.03,0.13
Just Cause 2,2010-03-23, Eidos Interactive,3.2,302000,302000, Racing,5100,36000,771000,142000,978,PS3,Square Enix,0.45,0.94,0.06,0.33,1.78
Just Cause 2,2010-03-23, Eidos Interactive,3.2,302000,302000, Racing,5100,36000,771000,142000,1134,X360,Square Enix,0.59,0.85,0.02,0.17,1.62
Just Cause 2,2010-03-23, Eidos Interactive,3.2,302000,302000, Racing,5100,36000,771000,142000,9549,PC,Square Enix,0.0,0.1,0.0,0.03,0.13
Just Cause 2,2010-03-23,Avalanche Studios,3.2,302000,302000, Shooter,5100,36000,771000,142000,978,PS3,Square Enix,0.45,0.94,0.06,0.33,1.78
Just Cause 2,2010-03-23,Avalanche Studios,3.2,302000,302000, Shooter,5100,36000,771000,142000,1134,X360,Square Enix,0.59,0.85,0.02,0.17,1.62
Just Cause 2,2010-03-23,Avalanche Studios,3.2,302000,302000, Shooter,5100,36000,771000,142000,9549,PC,Square Enix,0.0,0.1,0.0,0.03,0.13
Just Cause 2,2010-03-23, Eidos Interactive,3.2,302000,302000, Shooter,5100,36000,771000,142000,978,PS3,Square Enix,0.45,0.94,0.06,0.33,1.78
Just Cause 2,2010-03-23, Eidos Interactive,3.2,302000,302000, Shooter,5100,36000,771000,142000,1134,X360,Square Enix,0.59,0.85,0.02,0.17,1.62
Just Cause 2,2010-03-23, Eidos Interactive,3.2,302000,302000, Shooter,5100,36000,771000,142000,9549,PC,Square Enix,0.0,0.1,0.0,0.03,0.13
Final Fantasy V,1992-12-06,Square Enix,3.8,532000,532000,Adventure,2300,78000,1200,460000,630,SNES,SquareSoft,0.0,0.0,2.43,0.02,2.45
Final Fantasy V,1992-12-06,Square Enix,3.8,532000,532000,Adventure,2300,78000,1200,460000,8386,PS,SquareSoft,0.0,0.0,0.16,0.01,0.17
Final Fantasy V,1992-12-06,Square Enix,3.8,532000,532000, RPG,2300,78000,1200,460000,630,SNES,SquareSoft,0.0,0.0,2.43,0.02,2.45
Final Fantasy V,1992-12-06,Square Enix,3.8,532000,532000, RPG,2300,78000,1200,460000,8386,PS,SquareSoft,0.0,0.0,0.16,0.01,0.17
Live A Live,1994-09-02,Square,4.2,307000,307000,RPG,555000,36000,738000,491000,5674,SNES,SquareSoft,0.0,0.0,0.32,0.0,0.32
Hitman: Blood Money,2006-05-26,IO Interactive,4.0,414000,414000,Shooter,3200,37000,859000,238000,3966,PS2,Eidos Interactive,0.25,0.19,0.0,0.06,0.5
Hitman: Blood Money,2006-05-26,IO Interactive,4.0,414000,414000,Shooter,3200,37000,859000,238000,4875,X360,Eidos Interactive,0.29,0.06,0.01,0.03,0.4
Hitman: Blood Money,2006-05-26,IO Interactive,4.0,414000,414000,Shooter,3200,37000,859000,238000,9096,XB,Eidos Interactive,0.11,0.03,0.0,0.01,0.14
Hitman: Blood Money,2006-05-26,IO Interactive,4.0,414000,414000,Shooter,3200,37000,859000,238000,14084,PC,Eidos Interactive,0.0,0.03,0.0,0.01,0.04
Hitman: Blood Money,2006-05-26, Eidos Interactive,4.0,414000,414000,Shooter,3200,37000,859000,238000,3966,PS2,Eidos Interactive,0.25,0.19,0.0,0.06,0.5
Hitman: Blood Money,2006-05-26, Eidos Interactive,4.0,414000,414000,Shooter,3200,37000,859000,238000,4875,X360,Eidos Interactive,0.29,0.06,0.01,0.03,0.4
Hitman: Blood Money,2006-05-26, Eidos Interactive,4.0,414000,414000,Shooter,3200,37000,859000,238000,9096,XB,Eidos Interactive,0.11,0.03,0.0,0.01,0.14
Hitman: Blood Money,2006-05-26, Eidos Interactive,4.0,414000,414000,Shooter,3200,37000,859000,238000,14084,PC,Eidos Interactive,0.0,0.03,0.0,0.01,0.04
Professor Layton and the Unwound Future,2008-11-27,Level-5,4.3,378000,378000,Point-and-Click,2400,33000,664000,388000,400,DS,Nintendo,0.65,1.61,0.82,0.28,3.36
Professor Layton and the Unwound Future,2008-11-27, Nintendo of America,4.3,378000,378000,Point-and-Click,2400,33000,664000,388000,400,DS,Nintendo,0.65,1.61,0.82,0.28,3.36
Professor Layton and the Unwound Future,2008-11-27,Level-5,4.3,378000,378000, Puzzle,2400,33000,664000,388000,400,DS,Nintendo,0.65,1.61,0.82,0.28,3.36
Professor Layton and the Unwound Future,2008-11-27, Nintendo of America,4.3,378000,378000, Puzzle,2400,33000,664000,388000,400,DS,Nintendo,0.65,1.61,0.82,0.28,3.36
Professor Layton and the Unwound Future,2008-11-27,Level-5,4.3,378000,378000, Visual Novel,2400,33000,664000,388000,400,DS,Nintendo,0.65,1.61,0.82,0.28,3.36
Professor Layton and the Unwound Future,2008-11-27, Nintendo of America,4.3,378000,378000, Visual Novel,2400,33000,664000,388000,400,DS,Nintendo,0.65,1.61,0.82,0.28,3.36
Donkey Kong Country: Tropical Freeze,2018-05-04,Nintendo,4.2,373000,373000,Platform,2100,91000,741000,500000,1229,WiiU,Nintendo,0.73,0.52,0.15,0.12,1.52
Donkey Kong Country: Tropical Freeze,2018-05-04, Retro Studios,4.2,373000,373000,Platform,2100,91000,741000,500000,1229,WiiU,Nintendo,0.73,0.52,0.15,0.12,1.52
Fire Emblem: Thracia 776,1999-09-01,Intelligent Systems Co.,4.1,329000,329000,RPG,820000,65000,771000,329000,6584,SNES,Nintendo,0.0,0.0,0.26,0.0,0.26
Fire Emblem: Thracia 776,1999-09-01, Ltd.,4.1,329000,329000,RPG,820000,65000,771000,329000,6584,SNES,Nintendo,0.0,0.0,0.26,0.0,0.26
Fire Emblem: Thracia 776,1999-09-01, Nintendo,4.1,329000,329000,RPG,820000,65000,771000,329000,6584,SNES,Nintendo,0.0,0.0,0.26,0.0,0.26
Fire Emblem: Thracia 776,1999-09-01,Intelligent Systems Co.,4.1,329000,329000, Strategy,820000,65000,771000,329000,6584,SNES,Nintendo,0.0,0.0,0.26,0.0,0.26
Fire Emblem: Thracia 776,1999-09-01, Ltd.,4.1,329000,329000, Strategy,820000,65000,771000,329000,6584,SNES,Nintendo,0.0,0.0,0.26,0.0,0.26
Fire Emblem: Thracia 776,1999-09-01, Nintendo,4.1,329000,329000, Strategy,820000,65000,771000,329000,6584,SNES,Nintendo,0.0,0.0,0.26,0.0,0.26
Fire Emblem: Thracia 776,1999-09-01,Intelligent Systems Co.,4.1,329000,329000, Tactical,820000,65000,771000,329000,6584,SNES,Nintendo,0.0,0.0,0.26,0.0,0.26
Fire Emblem: Thracia 776,1999-09-01, Ltd.,4.1,329000,329000, Tactical,820000,65000,771000,329000,6584,SNES,Nintendo,0.0,0.0,0.26,0.0,0.26
Fire Emblem: Thracia 776,1999-09-01, Nintendo,4.1,329000,329000, Tactical,820000,65000,771000,329000,6584,SNES,Nintendo,0.0,0.0,0.26,0.0,0.26
Pikmin 3,2013-07-13,Nintendo EAD Software Development Group No.4,4.0,388000,388000,Adventure,2700,39000,797000,385000,1845,WiiU,Nintendo,0.45,0.31,0.29,0.06,1.11
Pikmin 3,2013-07-13, Nintendo,4.0,388000,388000,Adventure,2700,39000,797000,385000,1845,WiiU,Nintendo,0.45,0.31,0.29,0.06,1.11
Pikmin 3,2013-07-13,Nintendo EAD Software Development Group No.4,4.0,388000,388000, Real Time Strategy,2700,39000,797000,385000,1845,WiiU,Nintendo,0.45,0.31,0.29,0.06,1.11
Pikmin 3,2013-07-13, Nintendo,4.0,388000,388000, Real Time Strategy,2700,39000,797000,385000,1845,WiiU,Nintendo,0.45,0.31,0.29,0.06,1.11
Chaos;Head Noah,2009-02-26,5pb.,4.0,84000,84000,Adventure,199000,73000,215000,174000,13988,X360,5pb,0.0,0.0,0.04,0.0,0.04
Chaos;Head Noah,2009-02-26,5pb.,4.0,84000,84000,Adventure,199000,73000,215000,174000,15117,PSP,5pb,0.0,0.0,0.02,0.0,0.02
Chaos;Head Noah,2009-02-26,5pb.,4.0,84000,84000,Adventure,199000,73000,215000,174000,16275,PSV,5pb,0.0,0.0,0.01,0.0,0.01
Chaos;Head Noah,2009-02-26,5pb.,4.0,84000,84000, Simulator,199000,73000,215000,174000,13988,X360,5pb,0.0,0.0,0.04,0.0,0.04
Chaos;Head Noah,2009-02-26,5pb.,4.0,84000,84000, Simulator,199000,73000,215000,174000,15117,PSP,5pb,0.0,0.0,0.02,0.0,0.02
Chaos;Head Noah,2009-02-26,5pb.,4.0,84000,84000, Simulator,199000,73000,215000,174000,16275,PSV,5pb,0.0,0.0,0.01,0.0,0.01
Chaos;Head Noah,2009-02-26,5pb.,4.0,84000,84000, Visual Novel,199000,73000,215000,174000,13988,X360,5pb,0.0,0.0,0.04,0.0,0.04
Chaos;Head Noah,2009-02-26,5pb.,4.0,84000,84000, Visual Novel,199000,73000,215000,174000,15117,PSP,5pb,0.0,0.0,0.02,0.0,0.02
Chaos;Head Noah,2009-02-26,5pb.,4.0,84000,84000, Visual Novel,199000,73000,215000,174000,16275,PSV,5pb,0.0,0.0,0.01,0.0,0.01
Crysis,2007-11-13,Crytek Frankfurt,3.2,224000,224000,Adventure,3000,26000,561000,241000,2857,PC,Electronic Arts,0.0,0.69,0.0,0.03,0.72
Crysis,2007-11-13, Electronic Arts,3.2,224000,224000,Adventure,3000,26000,561000,241000,2857,PC,Electronic Arts,0.0,0.69,0.0,0.03,0.72
Crysis,2007-11-13,Crytek Frankfurt,3.2,224000,224000, Shooter,3000,26000,561000,241000,2857,PC,Electronic Arts,0.0,0.69,0.0,0.03,0.72
Crysis,2007-11-13, Electronic Arts,3.2,224000,224000, Shooter,3000,26000,561000,241000,2857,PC,Electronic Arts,0.0,0.69,0.0,0.03,0.72
Sonic and the Secret Rings,2007-02-20,Sega,1.9,362000,362000,Platform,3100,18000,348000,160000,543,Wii,Sega,1.24,1.2,0.04,0.3,2.77
Sonic and the Secret Rings,2007-02-20, Sonic Team,1.9,362000,362000,Platform,3100,18000,348000,160000,543,Wii,Sega,1.24,1.2,0.04,0.3,2.77
Mario Party 2,1999-12-17,Hudson Soft,3.7,348000,348000,Card & Board Game,3900,11000,199000,132000,616,N64,Nintendo,1.28,0.14,1.08,0.01,2.5
Mario Party 2,1999-12-17, Nintendo,3.7,348000,348000,Card & Board Game,3900,11000,199000,132000,616,N64,Nintendo,1.28,0.14,1.08,0.01,2.5
Animal Crossing,2001-12-14,Nintendo,3.9,533000,533000,Simulator,3900,51000,389000,317000,436,GC,Nintendo,1.92,0.16,0.99,0.09,3.15
Animal Crossing,2001-12-14, Nintendo EAD,3.9,533000,533000,Simulator,3900,51000,389000,317000,436,GC,Nintendo,1.92,0.16,0.99,0.09,3.15
Final Fantasy XIII-2,2011-12-15,Square Enix,3.3,482000,482000,Adventure,2300,58000,1400,449000,564,PS3,Square Enix,0.78,0.75,0.89,0.26,2.68
Final Fantasy XIII-2,2011-12-15,Square Enix,3.3,482000,482000,Adventure,2300,58000,1400,449000,2770,X360,Square Enix,0.36,0.3,0.02,0.06,0.74
Final Fantasy XIII-2,2011-12-15,Square Enix,3.3,482000,482000, RPG,2300,58000,1400,449000,564,PS3,Square Enix,0.78,0.75,0.89,0.26,2.68
Final Fantasy XIII-2,2011-12-15,Square Enix,3.3,482000,482000, RPG,2300,58000,1400,449000,2770,X360,Square Enix,0.36,0.3,0.02,0.06,0.74
Fatal Frame II: Crimson Butterfly,2003-11-27,Tecmo Co.,4.2,398000,398000,Adventure,1000,38000,690000,513000,8545,PS2,Ubisoft,0.08,0.06,0.0,0.02,0.16
Fatal Frame II: Crimson Butterfly,2003-11-27, Ltd.,4.2,398000,398000,Adventure,1000,38000,690000,513000,8545,PS2,Ubisoft,0.08,0.06,0.0,0.02,0.16
Fatal Frame II: Crimson Butterfly,2003-11-27, Ubisoft Entertainment,4.2,398000,398000,Adventure,1000,38000,690000,513000,8545,PS2,Ubisoft,0.08,0.06,0.0,0.02,0.16
World of Warcraft,2004-11-23,Blizzard Entertainment,3.5,369000,369000,Adventure,4500,115000,139000,74000,138,PC,Activision,0.07,6.21,0.0,0.0,6.28
World of Warcraft,2004-11-23,Blizzard Entertainment,3.5,369000,369000, RPG,4500,115000,139000,74000,138,PC,Activision,0.07,6.21,0.0,0.0,6.28
The Legend of Heroes: Trails of Cold Steel II,2014-09-25,NIS America,3.7,401000,401000,Adventure,1700,45000,707000,319000,8852,PSV,Nippon Ichi Software,0.02,0.0,0.13,0.01,0.15
The Legend of Heroes: Trails of Cold Steel II,2014-09-25,NIS America,3.7,401000,401000,Adventure,1700,45000,707000,319000,9799,PS3,Nippon Ichi Software,0.01,0.0,0.11,0.0,0.12
The Legend of Heroes: Trails of Cold Steel II,2014-09-25, Nihon Falcom,3.7,401000,401000,Adventure,1700,45000,707000,319000,8852,PSV,Nippon Ichi Software,0.02,0.0,0.13,0.01,0.15
The Legend of Heroes: Trails of Cold Steel II,2014-09-25, Nihon Falcom,3.7,401000,401000,Adventure,1700,45000,707000,319000,9799,PS3,Nippon Ichi Software,0.01,0.0,0.11,0.0,0.12
The Legend of Heroes: Trails of Cold Steel II,2014-09-25,NIS America,3.7,401000,401000, RPG,1700,45000,707000,319000,8852,PSV,Nippon Ichi Software,0.02,0.0,0.13,0.01,0.15
The Legend of Heroes: Trails of Cold Steel II,2014-09-25,NIS America,3.7,401000,401000, RPG,1700,45000,707000,319000,9799,PS3,Nippon Ichi Software,0.01,0.0,0.11,0.0,0.12
The Legend of Heroes: Trails of Cold Steel II,2014-09-25, Nihon Falcom,3.7,401000,401000, RPG,1700,45000,707000,319000,8852,PSV,Nippon Ichi Software,0.02,0.0,0.13,0.01,0.15
The Legend of Heroes: Trails of Cold Steel II,2014-09-25, Nihon Falcom,3.7,401000,401000, RPG,1700,45000,707000,319000,9799,PS3,Nippon Ichi Software,0.01,0.0,0.11,0.0,0.12
The Legend of Heroes: Trails of Cold Steel II,2014-09-25,NIS America,3.7,401000,401000, Turn Based Strategy,1700,45000,707000,319000,8852,PSV,Nippon Ichi Software,0.02,0.0,0.13,0.01,0.15
The Legend of Heroes: Trails of Cold Steel II,2014-09-25,NIS America,3.7,401000,401000, Turn Based Strategy,1700,45000,707000,319000,9799,PS3,Nippon Ichi Software,0.01,0.0,0.11,0.0,0.12
The Legend of Heroes: Trails of Cold Steel II,2014-09-25, Nihon Falcom,3.7,401000,401000, Turn Based Strategy,1700,45000,707000,319000,8852,PSV,Nippon Ichi Software,0.02,0.0,0.13,0.01,0.15
The Legend of Heroes: Trails of Cold Steel II,2014-09-25, Nihon Falcom,3.7,401000,401000, Turn Based Strategy,1700,45000,707000,319000,9799,PS3,Nippon Ichi Software,0.01,0.0,0.11,0.0,0.12
Armored Core 3,2002-04-01,Agetec,3.7,115000,115000,Shooter,297000,19000,273000,142000,3025,PS2,Metro 3D,0.22,0.17,0.23,0.06,0.67
Armored Core 3,2002-04-01, FromSoftware,3.7,115000,115000,Shooter,297000,19000,273000,142000,3025,PS2,Metro 3D,0.22,0.17,0.23,0.06,0.67
Armored Core 3,2002-04-01,Agetec,3.7,115000,115000, Strategy,297000,19000,273000,142000,3025,PS2,Metro 3D,0.22,0.17,0.23,0.06,0.67
Armored Core 3,2002-04-01, FromSoftware,3.7,115000,115000, Strategy,297000,19000,273000,142000,3025,PS2,Metro 3D,0.22,0.17,0.23,0.06,0.67
Star Wars: The Force Unleashed II,2010-10-26,LucasArts,2.8,242000,242000,Adventure,4100,18000,597000,268000,1205,PS3,LucasArts,0.8,0.53,0.0,0.22,1.55
Star Wars: The Force Unleashed II,2010-10-26,LucasArts,2.8,242000,242000,Adventure,4100,18000,597000,268000,1295,X360,LucasArts,0.95,0.4,0.0,0.12,1.47
Star Wars: The Force Unleashed II,2010-10-26,LucasArts,2.8,242000,242000,Adventure,4100,18000,597000,268000,2590,Wii,LucasArts,0.54,0.19,0.0,0.06,0.8
Star Wars: The Force Unleashed II,2010-10-26,LucasArts,2.8,242000,242000,Adventure,4100,18000,597000,268000,6975,DS,LucasArts,0.18,0.04,0.0,0.02,0.23
Star Wars: The Force Unleashed II,2010-10-26,LucasArts,2.8,242000,242000,Adventure,4100,18000,597000,268000,14532,PC,LucasArts,0.03,0.0,0.0,0.0,0.03
Star Wars: The Force Unleashed II,2010-10-26,LucasArts,2.8,242000,242000, Brawler,4100,18000,597000,268000,1205,PS3,LucasArts,0.8,0.53,0.0,0.22,1.55
Star Wars: The Force Unleashed II,2010-10-26,LucasArts,2.8,242000,242000, Brawler,4100,18000,597000,268000,1295,X360,LucasArts,0.95,0.4,0.0,0.12,1.47
Star Wars: The Force Unleashed II,2010-10-26,LucasArts,2.8,242000,242000, Brawler,4100,18000,597000,268000,2590,Wii,LucasArts,0.54,0.19,0.0,0.06,0.8
Star Wars: The Force Unleashed II,2010-10-26,LucasArts,2.8,242000,242000, Brawler,4100,18000,597000,268000,6975,DS,LucasArts,0.18,0.04,0.0,0.02,0.23
Star Wars: The Force Unleashed II,2010-10-26,LucasArts,2.8,242000,242000, Brawler,4100,18000,597000,268000,14532,PC,LucasArts,0.03,0.0,0.0,0.0,0.03
Star Wars: The Force Unleashed II,2010-10-26,LucasArts,2.8,242000,242000, RPG,4100,18000,597000,268000,1205,PS3,LucasArts,0.8,0.53,0.0,0.22,1.55
Star Wars: The Force Unleashed II,2010-10-26,LucasArts,2.8,242000,242000, RPG,4100,18000,597000,268000,1295,X360,LucasArts,0.95,0.4,0.0,0.12,1.47
Star Wars: The Force Unleashed II,2010-10-26,LucasArts,2.8,242000,242000, RPG,4100,18000,597000,268000,2590,Wii,LucasArts,0.54,0.19,0.0,0.06,0.8
Star Wars: The Force Unleashed II,2010-10-26,LucasArts,2.8,242000,242000, RPG,4100,18000,597000,268000,6975,DS,LucasArts,0.18,0.04,0.0,0.02,0.23
Star Wars: The Force Unleashed II,2010-10-26,LucasArts,2.8,242000,242000, RPG,4100,18000,597000,268000,14532,PC,LucasArts,0.03,0.0,0.0,0.0,0.03
BioShock,2007-08-21,2K Games,4.0,1800,1800,Adventure,17000,339000,4000,1200,516,X360,Take-Two Interactive,1.65,0.86,0.05,0.28,2.83
BioShock,2007-08-21,2K Games,4.0,1800,1800,Adventure,17000,339000,4000,1200,1320,PS3,Take-Two Interactive,0.75,0.49,0.01,0.21,1.45
BioShock,2007-08-21,2K Games,4.0,1800,1800,Adventure,17000,339000,4000,1200,4691,PC,Take-Two Interactive,0.01,0.39,0.0,0.02,0.41
BioShock,2007-08-21, 2K Boston,4.0,1800,1800,Adventure,17000,339000,4000,1200,516,X360,Take-Two Interactive,1.65,0.86,0.05,0.28,2.83
BioShock,2007-08-21, 2K Boston,4.0,1800,1800,Adventure,17000,339000,4000,1200,1320,PS3,Take-Two Interactive,0.75,0.49,0.01,0.21,1.45
BioShock,2007-08-21, 2K Boston,4.0,1800,1800,Adventure,17000,339000,4000,1200,4691,PC,Take-Two Interactive,0.01,0.39,0.0,0.02,0.41
BioShock,2007-08-21,2K Games,4.0,1800,1800, RPG,17000,339000,4000,1200,516,X360,Take-Two Interactive,1.65,0.86,0.05,0.28,2.83
BioShock,2007-08-21,2K Games,4.0,1800,1800, RPG,17000,339000,4000,1200,1320,PS3,Take-Two Interactive,0.75,0.49,0.01,0.21,1.45
BioShock,2007-08-21,2K Games,4.0,1800,1800, RPG,17000,339000,4000,1200,4691,PC,Take-Two Interactive,0.01,0.39,0.0,0.02,0.41
BioShock,2007-08-21, 2K Boston,4.0,1800,1800, RPG,17000,339000,4000,1200,516,X360,Take-Two Interactive,1.65,0.86,0.05,0.28,2.83
BioShock,2007-08-21, 2K Boston,4.0,1800,1800, RPG,17000,339000,4000,1200,1320,PS3,Take-Two Interactive,0.75,0.49,0.01,0.21,1.45
BioShock,2007-08-21, 2K Boston,4.0,1800,1800, RPG,17000,339000,4000,1200,4691,PC,Take-Two Interactive,0.01,0.39,0.0,0.02,0.41
BioShock,2007-08-21,2K Games,4.0,1800,1800, Shooter,17000,339000,4000,1200,516,X360,Take-Two Interactive,1.65,0.86,0.05,0.28,2.83
BioShock,2007-08-21,2K Games,4.0,1800,1800, Shooter,17000,339000,4000,1200,1320,PS3,Take-Two Interactive,0.75,0.49,0.01,0.21,1.45
BioShock,2007-08-21,2K Games,4.0,1800,1800, Shooter,17000,339000,4000,1200,4691,PC,Take-Two Interactive,0.01,0.39,0.0,0.02,0.41
BioShock,2007-08-21, 2K Boston,4.0,1800,1800, Shooter,17000,339000,4000,1200,516,X360,Take-Two Interactive,1.65,0.86,0.05,0.28,2.83
BioShock,2007-08-21, 2K Boston,4.0,1800,1800, Shooter,17000,339000,4000,1200,1320,PS3,Take-Two Interactive,0.75,0.49,0.01,0.21,1.45
BioShock,2007-08-21, 2K Boston,4.0,1800,1800, Shooter,17000,339000,4000,1200,4691,PC,Take-Two Interactive,0.01,0.39,0.0,0.02,0.41
Metal Gear Solid,1998-09-03,Microsoft,4.2,1900,1900,Adventure,12000,287000,3000,1600,146,PS,Konami Digital Entertainment,3.18,1.83,0.78,0.24,6.03
Metal Gear Solid,1998-09-03,Microsoft,4.2,1900,1900,Adventure,12000,287000,3000,1600,11950,GB,Konami Digital Entertainment,0.0,0.0,0.07,0.0,0.07
Metal Gear Solid,1998-09-03, Konami Computer Entertainment Japan,4.2,1900,1900,Adventure,12000,287000,3000,1600,146,PS,Konami Digital Entertainment,3.18,1.83,0.78,0.24,6.03
Metal Gear Solid,1998-09-03, Konami Computer Entertainment Japan,4.2,1900,1900,Adventure,12000,287000,3000,1600,11950,GB,Konami Digital Entertainment,0.0,0.0,0.07,0.0,0.07
Metal Gear Solid,1998-09-03,Microsoft,4.2,1900,1900, Tactical,12000,287000,3000,1600,146,PS,Konami Digital Entertainment,3.18,1.83,0.78,0.24,6.03
Metal Gear Solid,1998-09-03,Microsoft,4.2,1900,1900, Tactical,12000,287000,3000,1600,11950,GB,Konami Digital Entertainment,0.0,0.0,0.07,0.0,0.07
Metal Gear Solid,1998-09-03, Konami Computer Entertainment Japan,4.2,1900,1900, Tactical,12000,287000,3000,1600,146,PS,Konami Digital Entertainment,3.18,1.83,0.78,0.24,6.03
Metal Gear Solid,1998-09-03, Konami Computer Entertainment Japan,4.2,1900,1900, Tactical,12000,287000,3000,1600,11950,GB,Konami Digital Entertainment,0.0,0.0,0.07,0.0,0.07
BioShock Infinite,2013-02-26,Irrational Games,3.5,1500,1500,Adventure,18000,197000,4100,949000,867,X360,Take-Two Interactive,1.22,0.57,0.02,0.15,1.96
BioShock Infinite,2013-02-26,Irrational Games,3.5,1500,1500,Adventure,18000,197000,4100,949000,998,PS3,Take-Two Interactive,0.72,0.69,0.04,0.31,1.76
BioShock Infinite,2013-02-26,Irrational Games,3.5,1500,1500,Adventure,18000,197000,4100,949000,3036,PC,Take-Two Interactive,0.28,0.3,0.0,0.08,0.67
BioShock Infinite,2013-02-26, 2K Games,3.5,1500,1500,Adventure,18000,197000,4100,949000,867,X360,Take-Two Interactive,1.22,0.57,0.02,0.15,1.96
BioShock Infinite,2013-02-26, 2K Games,3.5,1500,1500,Adventure,18000,197000,4100,949000,998,PS3,Take-Two Interactive,0.72,0.69,0.04,0.31,1.76
BioShock Infinite,2013-02-26, 2K Games,3.5,1500,1500,Adventure,18000,197000,4100,949000,3036,PC,Take-Two Interactive,0.28,0.3,0.0,0.08,0.67
BioShock Infinite,2013-02-26,Irrational Games,3.5,1500,1500, Shooter,18000,197000,4100,949000,867,X360,Take-Two Interactive,1.22,0.57,0.02,0.15,1.96
BioShock Infinite,2013-02-26,Irrational Games,3.5,1500,1500, Shooter,18000,197000,4100,949000,998,PS3,Take-Two Interactive,0.72,0.69,0.04,0.31,1.76
BioShock Infinite,2013-02-26,Irrational Games,3.5,1500,1500, Shooter,18000,197000,4100,949000,3036,PC,Take-Two Interactive,0.28,0.3,0.0,0.08,0.67
BioShock Infinite,2013-02-26, 2K Games,3.5,1500,1500, Shooter,18000,197000,4100,949000,867,X360,Take-Two Interactive,1.22,0.57,0.02,0.15,1.96
BioShock Infinite,2013-02-26, 2K Games,3.5,1500,1500, Shooter,18000,197000,4100,949000,998,PS3,Take-Two Interactive,0.72,0.69,0.04,0.31,1.76
BioShock Infinite,2013-02-26, 2K Games,3.5,1500,1500, Shooter,18000,197000,4100,949000,3036,PC,Take-Two Interactive,0.28,0.3,0.0,0.08,0.67
Mirror's Edge,2008-11-11,Electronic Arts,3.5,788000,788000,Adventure,12000,117000,2100,813000,1738,X360,Electronic Arts,0.51,0.51,0.01,0.13,1.17
Mirror's Edge,2008-11-11,Electronic Arts,3.5,788000,788000,Adventure,12000,117000,2100,813000,1790,PS3,Electronic Arts,0.31,0.59,0.02,0.22,1.14
Mirror's Edge,2008-11-11,Electronic Arts,3.5,788000,788000,Adventure,12000,117000,2100,813000,12705,PC,Electronic Arts,0.0,0.05,0.0,0.01,0.06
Mirror's Edge,2008-11-11, EA Digital Illusions CE,3.5,788000,788000,Adventure,12000,117000,2100,813000,1738,X360,Electronic Arts,0.51,0.51,0.01,0.13,1.17
Mirror's Edge,2008-11-11, EA Digital Illusions CE,3.5,788000,788000,Adventure,12000,117000,2100,813000,1790,PS3,Electronic Arts,0.31,0.59,0.02,0.22,1.14
Mirror's Edge,2008-11-11, EA Digital Illusions CE,3.5,788000,788000,Adventure,12000,117000,2100,813000,12705,PC,Electronic Arts,0.0,0.05,0.0,0.01,0.06
Mirror's Edge,2008-11-11,Electronic Arts,3.5,788000,788000, Platform,12000,117000,2100,813000,1738,X360,Electronic Arts,0.51,0.51,0.01,0.13,1.17
Mirror's Edge,2008-11-11,Electronic Arts,3.5,788000,788000, Platform,12000,117000,2100,813000,1790,PS3,Electronic Arts,0.31,0.59,0.02,0.22,1.14
Mirror's Edge,2008-11-11,Electronic Arts,3.5,788000,788000, Platform,12000,117000,2100,813000,12705,PC,Electronic Arts,0.0,0.05,0.0,0.01,0.06
Mirror's Edge,2008-11-11, EA Digital Illusions CE,3.5,788000,788000, Platform,12000,117000,2100,813000,1738,X360,Electronic Arts,0.51,0.51,0.01,0.13,1.17
Mirror's Edge,2008-11-11, EA Digital Illusions CE,3.5,788000,788000, Platform,12000,117000,2100,813000,1790,PS3,Electronic Arts,0.31,0.59,0.02,0.22,1.14
Mirror's Edge,2008-11-11, EA Digital Illusions CE,3.5,788000,788000, Platform,12000,117000,2100,813000,12705,PC,Electronic Arts,0.0,0.05,0.0,0.01,0.06
Mirror's Edge,2008-11-11,Electronic Arts,3.5,788000,788000, Shooter,12000,117000,2100,813000,1738,X360,Electronic Arts,0.51,0.51,0.01,0.13,1.17
Mirror's Edge,2008-11-11,Electronic Arts,3.5,788000,788000, Shooter,12000,117000,2100,813000,1790,PS3,Electronic Arts,0.31,0.59,0.02,0.22,1.14
Mirror's Edge,2008-11-11,Electronic Arts,3.5,788000,788000, Shooter,12000,117000,2100,813000,12705,PC,Electronic Arts,0.0,0.05,0.0,0.01,0.06
Mirror's Edge,2008-11-11, EA Digital Illusions CE,3.5,788000,788000, Shooter,12000,117000,2100,813000,1738,X360,Electronic Arts,0.51,0.51,0.01,0.13,1.17
Mirror's Edge,2008-11-11, EA Digital Illusions CE,3.5,788000,788000, Shooter,12000,117000,2100,813000,1790,PS3,Electronic Arts,0.31,0.59,0.02,0.22,1.14
Mirror's Edge,2008-11-11, EA Digital Illusions CE,3.5,788000,788000, Shooter,12000,117000,2100,813000,12705,PC,Electronic Arts,0.0,0.05,0.0,0.01,0.06
Bayonetta 2,2014-09-20,PlatinumGames,4.1,1100,1100,Brawler,6000,154000,3300,2000,2043,WiiU,Nintendo,0.34,0.28,0.1,0.3,1.01
Bayonetta 2,2014-09-20, Nintendo,4.1,1100,1100,Brawler,6000,154000,3300,2000,2043,WiiU,Nintendo,0.34,0.28,0.1,0.3,1.01
Sonic Generations,2011-11-01,Sonic Team,3.8,1100,1100,Adventure,9900,133000,1700,480000,1129,PS3,Sega,0.6,0.73,0.02,0.28,1.63
Sonic Generations,2011-11-01,Sonic Team,3.8,1100,1100,Adventure,9900,133000,1700,480000,1361,X360,Sega,0.71,0.57,0.0,0.14,1.42
Sonic Generations,2011-11-01,Sonic Team,3.8,1100,1100,Adventure,9900,133000,1700,480000,2046,3DS,Sega,0.44,0.46,0.01,0.09,1.01
Sonic Generations,2011-11-01,Sonic Team,3.8,1100,1100,Adventure,9900,133000,1700,480000,10268,PC,Sega,0.02,0.07,0.0,0.02,0.11
Sonic Generations,2011-11-01, Sega,3.8,1100,1100,Adventure,9900,133000,1700,480000,1129,PS3,Sega,0.6,0.73,0.02,0.28,1.63
Sonic Generations,2011-11-01, Sega,3.8,1100,1100,Adventure,9900,133000,1700,480000,1361,X360,Sega,0.71,0.57,0.0,0.14,1.42
Sonic Generations,2011-11-01, Sega,3.8,1100,1100,Adventure,9900,133000,1700,480000,2046,3DS,Sega,0.44,0.46,0.01,0.09,1.01
Sonic Generations,2011-11-01, Sega,3.8,1100,1100,Adventure,9900,133000,1700,480000,10268,PC,Sega,0.02,0.07,0.0,0.02,0.11
Sonic Generations,2011-11-01,Sonic Team,3.8,1100,1100, Platform,9900,133000,1700,480000,1129,PS3,Sega,0.6,0.73,0.02,0.28,1.63
Sonic Generations,2011-11-01,Sonic Team,3.8,1100,1100, Platform,9900,133000,1700,480000,1361,X360,Sega,0.71,0.57,0.0,0.14,1.42
Sonic Generations,2011-11-01,Sonic Team,3.8,1100,1100, Platform,9900,133000,1700,480000,2046,3DS,Sega,0.44,0.46,0.01,0.09,1.01
Sonic Generations,2011-11-01,Sonic Team,3.8,1100,1100, Platform,9900,133000,1700,480000,10268,PC,Sega,0.02,0.07,0.0,0.02,0.11
Sonic Generations,2011-11-01, Sega,3.8,1100,1100, Platform,9900,133000,1700,480000,1129,PS3,Sega,0.6,0.73,0.02,0.28,1.63
Sonic Generations,2011-11-01, Sega,3.8,1100,1100, Platform,9900,133000,1700,480000,1361,X360,Sega,0.71,0.57,0.0,0.14,1.42
Sonic Generations,2011-11-01, Sega,3.8,1100,1100, Platform,9900,133000,1700,480000,2046,3DS,Sega,0.44,0.46,0.01,0.09,1.01
Sonic Generations,2011-11-01, Sega,3.8,1100,1100, Platform,9900,133000,1700,480000,10268,PC,Sega,0.02,0.07,0.0,0.02,0.11
Shin Megami Tensei: Nocturne,2003-02-20,Atlus,4.2,1100,1100,RPG,4100,358000,2500,1300,4984,PS2,Ghostlight,0.07,0.05,0.25,0.02,0.38
Shin Megami Tensei: Nocturne,2003-02-20, Ghostlight Ltd.,4.2,1100,1100,RPG,4100,358000,2500,1300,4984,PS2,Ghostlight,0.07,0.05,0.25,0.02,0.38
The Legend of Zelda: Twilight Princess,2006-11-19,Nintendo,4.0,899000,899000,Adventure,10000,228000,2500,1300,101,Wii,Nintendo,3.83,2.19,0.6,0.7,7.31
The Legend of Zelda: Twilight Princess,2006-11-19,Nintendo,4.0,899000,899000,Adventure,10000,228000,2500,1300,1162,GC,Nintendo,1.15,0.36,0.04,0.04,1.59
The Legend of Zelda: Twilight Princess,2006-11-19, Nintendo EAD Software Development Group No.3,4.0,899000,899000,Adventure,10000,228000,2500,1300,101,Wii,Nintendo,3.83,2.19,0.6,0.7,7.31
The Legend of Zelda: Twilight Princess,2006-11-19, Nintendo EAD Software Development Group No.3,4.0,899000,899000,Adventure,10000,228000,2500,1300,1162,GC,Nintendo,1.15,0.36,0.04,0.04,1.59
The Legend of Zelda: Twilight Princess,2006-11-19,Nintendo,4.0,899000,899000, RPG,10000,228000,2500,1300,101,Wii,Nintendo,3.83,2.19,0.6,0.7,7.31
The Legend of Zelda: Twilight Princess,2006-11-19,Nintendo,4.0,899000,899000, RPG,10000,228000,2500,1300,1162,GC,Nintendo,1.15,0.36,0.04,0.04,1.59
The Legend of Zelda: Twilight Princess,2006-11-19, Nintendo EAD Software Development Group No.3,4.0,899000,899000, RPG,10000,228000,2500,1300,101,Wii,Nintendo,3.83,2.19,0.6,0.7,7.31
The Legend of Zelda: Twilight Princess,2006-11-19, Nintendo EAD Software Development Group No.3,4.0,899000,899000, RPG,10000,228000,2500,1300,1162,GC,Nintendo,1.15,0.36,0.04,0.04,1.59
Metroid Prime,2002-11-17,Nintendo,4.3,1400,1400,Adventure,6800,221000,2700,1200,520,GC,Nintendo,1.96,0.67,0.1,0.09,2.82
Metroid Prime,2002-11-17, Retro Studios,4.3,1400,1400,Adventure,6800,221000,2700,1200,520,GC,Nintendo,1.96,0.67,0.1,0.09,2.82
Metroid Prime,2002-11-17,Nintendo,4.3,1400,1400, Platform,6800,221000,2700,1200,520,GC,Nintendo,1.96,0.67,0.1,0.09,2.82
Metroid Prime,2002-11-17, Retro Studios,4.3,1400,1400, Platform,6800,221000,2700,1200,520,GC,Nintendo,1.96,0.67,0.1,0.09,2.82
Metroid Prime,2002-11-17,Nintendo,4.3,1400,1400, Shooter,6800,221000,2700,1200,520,GC,Nintendo,1.96,0.67,0.1,0.09,2.82
Metroid Prime,2002-11-17, Retro Studios,4.3,1400,1400, Shooter,6800,221000,2700,1200,520,GC,Nintendo,1.96,0.67,0.1,0.09,2.82
Sonic the Hedgehog 2,1992-11-21,Sonic Team,3.7,1200,1200,Adventure,10000,56000,883000,228000,144,GEN,Sega,4.47,1.2,0.16,0.19,6.03
Sonic the Hedgehog 2,1992-11-21, Sega,3.7,1200,1200,Adventure,10000,56000,883000,228000,144,GEN,Sega,4.47,1.2,0.16,0.19,6.03
Sonic the Hedgehog 2,1992-11-21,Sonic Team,3.7,1200,1200, Platform,10000,56000,883000,228000,144,GEN,Sega,4.47,1.2,0.16,0.19,6.03
Sonic the Hedgehog 2,1992-11-21, Sega,3.7,1200,1200, Platform,10000,56000,883000,228000,144,GEN,Sega,4.47,1.2,0.16,0.19,6.03
Metal Gear Solid 4: Guns of the Patriots,2008-06-12,Kojima Productions,3.9,1200,1200,Adventure,7700,94000,2500,1300,145,PS3,Konami Digital Entertainment,2.63,1.74,0.83,0.83,6.03
Metal Gear Solid 4: Guns of the Patriots,2008-06-12, Konami,3.9,1200,1200,Adventure,7700,94000,2500,1300,145,PS3,Konami Digital Entertainment,2.63,1.74,0.83,0.83,6.03
Metal Gear Solid 4: Guns of the Patriots,2008-06-12,Kojima Productions,3.9,1200,1200, Shooter,7700,94000,2500,1300,145,PS3,Konami Digital Entertainment,2.63,1.74,0.83,0.83,6.03
Metal Gear Solid 4: Guns of the Patriots,2008-06-12, Konami,3.9,1200,1200, Shooter,7700,94000,2500,1300,145,PS3,Konami Digital Entertainment,2.63,1.74,0.83,0.83,6.03
Metal Gear Solid 4: Guns of the Patriots,2008-06-12,Kojima Productions,3.9,1200,1200, Tactical,7700,94000,2500,1300,145,PS3,Konami Digital Entertainment,2.63,1.74,0.83,0.83,6.03
Metal Gear Solid 4: Guns of the Patriots,2008-06-12, Konami,3.9,1200,1200, Tactical,7700,94000,2500,1300,145,PS3,Konami Digital Entertainment,2.63,1.74,0.83,0.83,6.03
Minecraft,2017-09-20,Mojang Studios,4.2,571000,571000,Adventure,11000,509000,412000,85000,73,X360,Microsoft Game Studios,5.58,2.83,0.02,0.77,9.2
Minecraft,2017-09-20,Mojang Studios,4.2,571000,571000,Adventure,11000,509000,412000,85000,169,PS3,Sony Computer Entertainment,1.97,2.51,0.0,0.94,5.42
Minecraft,2017-09-20,Mojang Studios,4.2,571000,571000,Adventure,11000,509000,412000,85000,298,PS4,Sony Computer Entertainment Europe,1.38,1.87,0.12,0.65,4.02
Minecraft,2017-09-20,Mojang Studios,4.2,571000,571000,Adventure,11000,509000,412000,85000,644,XOne,Microsoft Game Studios,1.43,0.76,0.0,0.22,2.41
Minecraft,2017-09-20,Mojang Studios,4.2,571000,571000,Adventure,11000,509000,412000,85000,715,PSV,Sony Computer Entertainment Europe,0.28,0.79,0.87,0.32,2.25
Minecraft,2017-09-20,Mojang Studios,4.2,571000,571000,Adventure,11000,509000,412000,85000,4515,WiiU,Microsoft Game Studios,0.18,0.09,0.14,0.03,0.43
Minecraft,2017-09-20,Mojang Studios,4.2,571000,571000, Simulator,11000,509000,412000,85000,73,X360,Microsoft Game Studios,5.58,2.83,0.02,0.77,9.2
Minecraft,2017-09-20,Mojang Studios,4.2,571000,571000, Simulator,11000,509000,412000,85000,169,PS3,Sony Computer Entertainment,1.97,2.51,0.0,0.94,5.42
Minecraft,2017-09-20,Mojang Studios,4.2,571000,571000, Simulator,11000,509000,412000,85000,298,PS4,Sony Computer Entertainment Europe,1.38,1.87,0.12,0.65,4.02
Minecraft,2017-09-20,Mojang Studios,4.2,571000,571000, Simulator,11000,509000,412000,85000,644,XOne,Microsoft Game Studios,1.43,0.76,0.0,0.22,2.41
Minecraft,2017-09-20,Mojang Studios,4.2,571000,571000, Simulator,11000,509000,412000,85000,715,PSV,Sony Computer Entertainment Europe,0.28,0.79,0.87,0.32,2.25
Minecraft,2017-09-20,Mojang Studios,4.2,571000,571000, Simulator,11000,509000,412000,85000,4515,WiiU,Microsoft Game Studios,0.18,0.09,0.14,0.03,0.43
Resident Evil 5,2009-03-05,Capcom,3.1,1000,1000,Adventure,10000,176000,1600,561000,197,PS3,Capcom,1.96,1.43,1.08,0.65,5.11
Resident Evil 5,2009-03-05,Capcom,3.1,1000,1000,Adventure,10000,176000,1600,561000,372,X360,Capcom,2.11,0.94,0.12,0.34,3.51
Resident Evil 5,2009-03-05,Capcom,3.1,1000,1000,Adventure,10000,176000,1600,561000,12096,PC,Capcom,0.01,0.04,0.0,0.01,0.07
Resident Evil 5,2009-03-05,Capcom,3.1,1000,1000, Shooter,10000,176000,1600,561000,197,PS3,Capcom,1.96,1.43,1.08,0.65,5.11
Resident Evil 5,2009-03-05,Capcom,3.1,1000,1000, Shooter,10000,176000,1600,561000,372,X360,Capcom,2.11,0.94,0.12,0.34,3.51
Resident Evil 5,2009-03-05,Capcom,3.1,1000,1000, Shooter,10000,176000,1600,561000,12096,PC,Capcom,0.01,0.04,0.0,0.01,0.07
Fire Emblem: Awakening,2012-04-19,Intelligent Systems Co.,3.8,1200,1200,Adventure,9500,287000,2000,814000,849,3DS,Nintendo,0.89,0.45,0.53,0.13,2.0
Fire Emblem: Awakening,2012-04-19, Ltd.,3.8,1200,1200,Adventure,9500,287000,2000,814000,849,3DS,Nintendo,0.89,0.45,0.53,0.13,2.0
Fire Emblem: Awakening,2012-04-19, Nintendo,3.8,1200,1200,Adventure,9500,287000,2000,814000,849,3DS,Nintendo,0.89,0.45,0.53,0.13,2.0
Fire Emblem: Awakening,2012-04-19,Intelligent Systems Co.,3.8,1200,1200, RPG,9500,287000,2000,814000,849,3DS,Nintendo,0.89,0.45,0.53,0.13,2.0
Fire Emblem: Awakening,2012-04-19, Ltd.,3.8,1200,1200, RPG,9500,287000,2000,814000,849,3DS,Nintendo,0.89,0.45,0.53,0.13,2.0
Fire Emblem: Awakening,2012-04-19, Nintendo,3.8,1200,1200, RPG,9500,287000,2000,814000,849,3DS,Nintendo,0.89,0.45,0.53,0.13,2.0
Fire Emblem: Awakening,2012-04-19,Intelligent Systems Co.,3.8,1200,1200, Strategy,9500,287000,2000,814000,849,3DS,Nintendo,0.89,0.45,0.53,0.13,2.0
Fire Emblem: Awakening,2012-04-19, Ltd.,3.8,1200,1200, Strategy,9500,287000,2000,814000,849,3DS,Nintendo,0.89,0.45,0.53,0.13,2.0
Fire Emblem: Awakening,2012-04-19, Nintendo,3.8,1200,1200, Strategy,9500,287000,2000,814000,849,3DS,Nintendo,0.89,0.45,0.53,0.13,2.0
Mass Effect,2007-11-20,BioWare,3.8,1000,1000,RPG,10000,172000,2000,774000,490,X360,Microsoft Game Studios,1.83,0.8,0.03,0.27,2.93
Mass Effect,2007-11-20,BioWare,3.8,1000,1000,RPG,10000,172000,2000,774000,3003,PC,Electronic Arts,0.0,0.59,0.0,0.09,0.68
Mass Effect,2007-11-20, Microsoft Game Studios,3.8,1000,1000,RPG,10000,172000,2000,774000,490,X360,Microsoft Game Studios,1.83,0.8,0.03,0.27,2.93
Mass Effect,2007-11-20, Microsoft Game Studios,3.8,1000,1000,RPG,10000,172000,2000,774000,3003,PC,Electronic Arts,0.0,0.59,0.0,0.09,0.68
Mass Effect,2007-11-20,BioWare,3.8,1000,1000, Shooter,10000,172000,2000,774000,490,X360,Microsoft Game Studios,1.83,0.8,0.03,0.27,2.93
Mass Effect,2007-11-20,BioWare,3.8,1000,1000, Shooter,10000,172000,2000,774000,3003,PC,Electronic Arts,0.0,0.59,0.0,0.09,0.68
Mass Effect,2007-11-20, Microsoft Game Studios,3.8,1000,1000, Shooter,10000,172000,2000,774000,490,X360,Microsoft Game Studios,1.83,0.8,0.03,0.27,2.93
Mass Effect,2007-11-20, Microsoft Game Studios,3.8,1000,1000, Shooter,10000,172000,2000,774000,3003,PC,Electronic Arts,0.0,0.59,0.0,0.09,0.68
Fallout 3,2008-10-28,ZeniMax Media,3.4,894000,894000,RPG,12000,162000,2000,589000,209,X360,Bethesda Softworks,3.39,1.03,0.09,0.44,4.96
Fallout 3,2008-10-28,ZeniMax Media,3.4,894000,894000,RPG,12000,162000,2000,589000,300,PS3,Bethesda Softworks,2.15,1.2,0.07,0.59,4.01
Fallout 3,2008-10-28,ZeniMax Media,3.4,894000,894000,RPG,12000,162000,2000,589000,2105,PC,Bethesda Softworks,0.02,0.88,0.0,0.08,0.99
Fallout 3,2008-10-28, Bethesda Game Studios,3.4,894000,894000,RPG,12000,162000,2000,589000,209,X360,Bethesda Softworks,3.39,1.03,0.09,0.44,4.96
Fallout 3,2008-10-28, Bethesda Game Studios,3.4,894000,894000,RPG,12000,162000,2000,589000,300,PS3,Bethesda Softworks,2.15,1.2,0.07,0.59,4.01
Fallout 3,2008-10-28, Bethesda Game Studios,3.4,894000,894000,RPG,12000,162000,2000,589000,2105,PC,Bethesda Softworks,0.02,0.88,0.0,0.08,0.99
Fallout 3,2008-10-28,ZeniMax Media,3.4,894000,894000, Shooter,12000,162000,2000,589000,209,X360,Bethesda Softworks,3.39,1.03,0.09,0.44,4.96
Fallout 3,2008-10-28,ZeniMax Media,3.4,894000,894000, Shooter,12000,162000,2000,589000,300,PS3,Bethesda Softworks,2.15,1.2,0.07,0.59,4.01
Fallout 3,2008-10-28,ZeniMax Media,3.4,894000,894000, Shooter,12000,162000,2000,589000,2105,PC,Bethesda Softworks,0.02,0.88,0.0,0.08,0.99
Fallout 3,2008-10-28, Bethesda Game Studios,3.4,894000,894000, Shooter,12000,162000,2000,589000,209,X360,Bethesda Softworks,3.39,1.03,0.09,0.44,4.96
Fallout 3,2008-10-28, Bethesda Game Studios,3.4,894000,894000, Shooter,12000,162000,2000,589000,300,PS3,Bethesda Softworks,2.15,1.2,0.07,0.59,4.01
Fallout 3,2008-10-28, Bethesda Game Studios,3.4,894000,894000, Shooter,12000,162000,2000,589000,2105,PC,Bethesda Softworks,0.02,0.88,0.0,0.08,0.99
Uncharted: Drake's Fortune,2007-11-16,Naughty Dog,3.1,882000,882000,Adventure,12000,98000,1200,460000,211,PS3,Sony Computer Entertainment,2.31,1.73,0.12,0.78,4.94
Uncharted: Drake's Fortune,2007-11-16, Sony Computer Entertainment,3.1,882000,882000,Adventure,12000,98000,1200,460000,211,PS3,Sony Computer Entertainment,2.31,1.73,0.12,0.78,4.94
Uncharted: Drake's Fortune,2007-11-16, Inc. (SCEI),3.1,882000,882000,Adventure,12000,98000,1200,460000,211,PS3,Sony Computer Entertainment,2.31,1.73,0.12,0.78,4.94
Uncharted: Drake's Fortune,2007-11-16,Naughty Dog,3.1,882000,882000, Platform,12000,98000,1200,460000,211,PS3,Sony Computer Entertainment,2.31,1.73,0.12,0.78,4.94
Uncharted: Drake's Fortune,2007-11-16, Sony Computer Entertainment,3.1,882000,882000, Platform,12000,98000,1200,460000,211,PS3,Sony Computer Entertainment,2.31,1.73,0.12,0.78,4.94
Uncharted: Drake's Fortune,2007-11-16, Inc. (SCEI),3.1,882000,882000, Platform,12000,98000,1200,460000,211,PS3,Sony Computer Entertainment,2.31,1.73,0.12,0.78,4.94
Uncharted: Drake's Fortune,2007-11-16,Naughty Dog,3.1,882000,882000, Shooter,12000,98000,1200,460000,211,PS3,Sony Computer Entertainment,2.31,1.73,0.12,0.78,4.94
Uncharted: Drake's Fortune,2007-11-16, Sony Computer Entertainment,3.1,882000,882000, Shooter,12000,98000,1200,460000,211,PS3,Sony Computer Entertainment,2.31,1.73,0.12,0.78,4.94
Uncharted: Drake's Fortune,2007-11-16, Inc. (SCEI),3.1,882000,882000, Shooter,12000,98000,1200,460000,211,PS3,Sony Computer Entertainment,2.31,1.73,0.12,0.78,4.94
Super Mario 3D Land,2011-11-03,Nintendo EAD,3.5,1000,1000,Platform,12000,146000,1000,461000,54,3DS,Nintendo,4.89,2.99,2.13,0.78,10.79
Super Mario 3D Land,2011-11-03, Nintendo,3.5,1000,1000,Platform,12000,146000,1000,461000,54,3DS,Nintendo,4.89,2.99,2.13,0.78,10.79
Silent Hill 3,2003-05-23,Konami,4.2,1100,1100,Adventure,4900,156000,2000,1400,2875,PS2,Konami Digital Entertainment,0.35,0.27,0.0,0.09,0.71
Silent Hill 3,2003-05-23, Team Silent,4.2,1100,1100,Adventure,4900,156000,2000,1400,2875,PS2,Konami Digital Entertainment,0.35,0.27,0.0,0.09,0.71
Silent Hill 3,2003-05-23,Konami,4.2,1100,1100, Puzzle,4900,156000,2000,1400,2875,PS2,Konami Digital Entertainment,0.35,0.27,0.0,0.09,0.71
Silent Hill 3,2003-05-23, Team Silent,4.2,1100,1100, Puzzle,4900,156000,2000,1400,2875,PS2,Konami Digital Entertainment,0.35,0.27,0.0,0.09,0.71
Call of Duty: Modern Warfare 2,2009-11-10,Infinity Ward,3.8,1000,1000,Shooter,14000,34000,666000,276000,37,X360,Activision,8.52,3.63,0.08,1.29,13.51
Call of Duty: Modern Warfare 2,2009-11-10,Infinity Ward,3.8,1000,1000,Shooter,14000,34000,666000,276000,56,PS3,Activision,4.99,3.69,0.38,1.63,10.69
Call of Duty: Modern Warfare 2,2009-11-10,Infinity Ward,3.8,1000,1000,Shooter,14000,34000,666000,276000,2349,PC,Activision,0.01,0.79,0.0,0.09,0.89
Call of Duty: Modern Warfare 2,2009-11-10, Activision,3.8,1000,1000,Shooter,14000,34000,666000,276000,37,X360,Activision,8.52,3.63,0.08,1.29,13.51
Call of Duty: Modern Warfare 2,2009-11-10, Activision,3.8,1000,1000,Shooter,14000,34000,666000,276000,56,PS3,Activision,4.99,3.69,0.38,1.63,10.69
Call of Duty: Modern Warfare 2,2009-11-10, Activision,3.8,1000,1000,Shooter,14000,34000,666000,276000,2349,PC,Activision,0.01,0.79,0.0,0.09,0.89
The Walking Dead: Season One,2012-04-24,Telltale Games,4.0,1200,1200,Adventure,12000,111000,1100,467000,2600,PS3,Avanquest Software,0.4,0.25,0.03,0.11,0.79
The Walking Dead: Season One,2012-04-24,Telltale Games,4.0,1200,1200,Adventure,12000,111000,1100,467000,2763,X360,Avanquest Software,0.55,0.14,0.0,0.05,0.75
The Walking Dead: Season One,2012-04-24,Telltale Games,4.0,1200,1200,Adventure,12000,111000,1100,467000,4319,PS4,Telltale Games,0.12,0.25,0.01,0.08,0.45
The Walking Dead: Season One,2012-04-24,Telltale Games,4.0,1200,1200,Adventure,12000,111000,1100,467000,8019,PSV,Square Enix,0.14,0.0,0.01,0.03,0.18
The Walking Dead: Season One,2012-04-24,Telltale Games,4.0,1200,1200,Adventure,12000,111000,1100,467000,8694,XOne,Telltale Games,0.08,0.06,0.0,0.01,0.16
The Walking Dead: Season One,2012-04-24,Telltale Games,4.0,1200,1200,Adventure,12000,111000,1100,467000,14286,PC,Avanquest Software,0.0,0.03,0.0,0.01,0.03
The Walking Dead: Season One,2012-04-24, Sony Computer Entertainment,4.0,1200,1200,Adventure,12000,111000,1100,467000,2600,PS3,Avanquest Software,0.4,0.25,0.03,0.11,0.79
The Walking Dead: Season One,2012-04-24, Sony Computer Entertainment,4.0,1200,1200,Adventure,12000,111000,1100,467000,2763,X360,Avanquest Software,0.55,0.14,0.0,0.05,0.75
The Walking Dead: Season One,2012-04-24, Sony Computer Entertainment,4.0,1200,1200,Adventure,12000,111000,1100,467000,4319,PS4,Telltale Games,0.12,0.25,0.01,0.08,0.45
The Walking Dead: Season One,2012-04-24, Sony Computer Entertainment,4.0,1200,1200,Adventure,12000,111000,1100,467000,8019,PSV,Square Enix,0.14,0.0,0.01,0.03,0.18
The Walking Dead: Season One,2012-04-24, Sony Computer Entertainment,4.0,1200,1200,Adventure,12000,111000,1100,467000,8694,XOne,Telltale Games,0.08,0.06,0.0,0.01,0.16
The Walking Dead: Season One,2012-04-24, Sony Computer Entertainment,4.0,1200,1200,Adventure,12000,111000,1100,467000,14286,PC,Avanquest Software,0.0,0.03,0.0,0.01,0.03
The Walking Dead: Season One,2012-04-24,Telltale Games,4.0,1200,1200, Point-and-Click,12000,111000,1100,467000,2600,PS3,Avanquest Software,0.4,0.25,0.03,0.11,0.79
The Walking Dead: Season One,2012-04-24,Telltale Games,4.0,1200,1200, Point-and-Click,12000,111000,1100,467000,2763,X360,Avanquest Software,0.55,0.14,0.0,0.05,0.75
The Walking Dead: Season One,2012-04-24,Telltale Games,4.0,1200,1200, Point-and-Click,12000,111000,1100,467000,4319,PS4,Telltale Games,0.12,0.25,0.01,0.08,0.45
The Walking Dead: Season One,2012-04-24,Telltale Games,4.0,1200,1200, Point-and-Click,12000,111000,1100,467000,8019,PSV,Square Enix,0.14,0.0,0.01,0.03,0.18
The Walking Dead: Season One,2012-04-24,Telltale Games,4.0,1200,1200, Point-and-Click,12000,111000,1100,467000,8694,XOne,Telltale Games,0.08,0.06,0.0,0.01,0.16
The Walking Dead: Season One,2012-04-24,Telltale Games,4.0,1200,1200, Point-and-Click,12000,111000,1100,467000,14286,PC,Avanquest Software,0.0,0.03,0.0,0.01,0.03
The Walking Dead: Season One,2012-04-24, Sony Computer Entertainment,4.0,1200,1200, Point-and-Click,12000,111000,1100,467000,2600,PS3,Avanquest Software,0.4,0.25,0.03,0.11,0.79
The Walking Dead: Season One,2012-04-24, Sony Computer Entertainment,4.0,1200,1200, Point-and-Click,12000,111000,1100,467000,2763,X360,Avanquest Software,0.55,0.14,0.0,0.05,0.75
The Walking Dead: Season One,2012-04-24, Sony Computer Entertainment,4.0,1200,1200, Point-and-Click,12000,111000,1100,467000,4319,PS4,Telltale Games,0.12,0.25,0.01,0.08,0.45
The Walking Dead: Season One,2012-04-24, Sony Computer Entertainment,4.0,1200,1200, Point-and-Click,12000,111000,1100,467000,8019,PSV,Square Enix,0.14,0.0,0.01,0.03,0.18
The Walking Dead: Season One,2012-04-24, Sony Computer Entertainment,4.0,1200,1200, Point-and-Click,12000,111000,1100,467000,8694,XOne,Telltale Games,0.08,0.06,0.0,0.01,0.16
The Walking Dead: Season One,2012-04-24, Sony Computer Entertainment,4.0,1200,1200, Point-and-Click,12000,111000,1100,467000,14286,PC,Avanquest Software,0.0,0.03,0.0,0.01,0.03
Mario Kart DS,2005-11-14,Nintendo EAD Group No. 1,3.8,857000,857000,Racing,15000,36000,417000,159000,12,DS,Nintendo,9.81,7.57,4.13,1.92,23.42
Devil May Cry 2,2003-01-25,Capcom,1.6,620000,620000,Adventure,6400,56000,1600,517000,864,PS2,Capcom,0.71,0.58,0.51,0.17,1.97
Devil May Cry 2,2003-01-25, Capcom Production Studio 1,1.6,620000,620000,Adventure,6400,56000,1600,517000,864,PS2,Capcom,0.71,0.58,0.51,0.17,1.97
Devil May Cry 2,2003-01-25,Capcom,1.6,620000,620000, Brawler,6400,56000,1600,517000,864,PS2,Capcom,0.71,0.58,0.51,0.17,1.97
Devil May Cry 2,2003-01-25, Capcom Production Studio 1,1.6,620000,620000, Brawler,6400,56000,1600,517000,864,PS2,Capcom,0.71,0.58,0.51,0.17,1.97
Demon's Souls,2009-02-05,FromSoftware,4.1,1200,1200,Adventure,5500,155000,1700,1200,943,PS3,Namco Bandai Games,0.97,0.34,0.35,0.18,1.84
Demon's Souls,2009-02-05, Atlus,4.1,1200,1200,Adventure,5500,155000,1700,1200,943,PS3,Namco Bandai Games,0.97,0.34,0.35,0.18,1.84
Demon's Souls,2009-02-05,FromSoftware,4.1,1200,1200, RPG,5500,155000,1700,1200,943,PS3,Namco Bandai Games,0.97,0.34,0.35,0.18,1.84
Demon's Souls,2009-02-05, Atlus,4.1,1200,1200, RPG,5500,155000,1700,1200,943,PS3,Namco Bandai Games,0.97,0.34,0.35,0.18,1.84
Rayman Legends,2013-08-30,Ubisoft Montpellier,4.0,921000,921000,Adventure,9800,177000,2300,643000,2055,PS4,Ubisoft,0.21,0.61,0.0,0.18,1.01
Rayman Legends,2013-08-30,Ubisoft Montpellier,4.0,921000,921000,Adventure,9800,177000,2300,643000,2985,WiiU,Ubisoft,0.26,0.33,0.03,0.06,0.68
Rayman Legends,2013-08-30,Ubisoft Montpellier,4.0,921000,921000,Adventure,9800,177000,2300,643000,3071,PS3,Ubisoft,0.14,0.38,0.0,0.14,0.66
Rayman Legends,2013-08-30,Ubisoft Montpellier,4.0,921000,921000,Adventure,9800,177000,2300,643000,4297,X360,Ubisoft,0.19,0.23,0.0,0.04,0.46
Rayman Legends,2013-08-30,Ubisoft Montpellier,4.0,921000,921000,Adventure,9800,177000,2300,643000,5411,XOne,Ubisoft,0.13,0.18,0.0,0.03,0.34
Rayman Legends,2013-08-30,Ubisoft Montpellier,4.0,921000,921000,Adventure,9800,177000,2300,643000,7455,PSV,Ubisoft,0.03,0.12,0.0,0.05,0.21
Rayman Legends,2013-08-30, Ubisoft Entertainment,4.0,921000,921000,Adventure,9800,177000,2300,643000,2055,PS4,Ubisoft,0.21,0.61,0.0,0.18,1.01
Rayman Legends,2013-08-30, Ubisoft Entertainment,4.0,921000,921000,Adventure,9800,177000,2300,643000,2985,WiiU,Ubisoft,0.26,0.33,0.03,0.06,0.68
Rayman Legends,2013-08-30, Ubisoft Entertainment,4.0,921000,921000,Adventure,9800,177000,2300,643000,3071,PS3,Ubisoft,0.14,0.38,0.0,0.14,0.66
Rayman Legends,2013-08-30, Ubisoft Entertainment,4.0,921000,921000,Adventure,9800,177000,2300,643000,4297,X360,Ubisoft,0.19,0.23,0.0,0.04,0.46
Rayman Legends,2013-08-30, Ubisoft Entertainment,4.0,921000,921000,Adventure,9800,177000,2300,643000,5411,XOne,Ubisoft,0.13,0.18,0.0,0.03,0.34
Rayman Legends,2013-08-30, Ubisoft Entertainment,4.0,921000,921000,Adventure,9800,177000,2300,643000,7455,PSV,Ubisoft,0.03,0.12,0.0,0.05,0.21
Rayman Legends,2013-08-30,Ubisoft Montpellier,4.0,921000,921000, Platform,9800,177000,2300,643000,2055,PS4,Ubisoft,0.21,0.61,0.0,0.18,1.01
Rayman Legends,2013-08-30,Ubisoft Montpellier,4.0,921000,921000, Platform,9800,177000,2300,643000,2985,WiiU,Ubisoft,0.26,0.33,0.03,0.06,0.68
Rayman Legends,2013-08-30,Ubisoft Montpellier,4.0,921000,921000, Platform,9800,177000,2300,643000,3071,PS3,Ubisoft,0.14,0.38,0.0,0.14,0.66
Rayman Legends,2013-08-30,Ubisoft Montpellier,4.0,921000,921000, Platform,9800,177000,2300,643000,4297,X360,Ubisoft,0.19,0.23,0.0,0.04,0.46
Rayman Legends,2013-08-30,Ubisoft Montpellier,4.0,921000,921000, Platform,9800,177000,2300,643000,5411,XOne,Ubisoft,0.13,0.18,0.0,0.03,0.34
Rayman Legends,2013-08-30,Ubisoft Montpellier,4.0,921000,921000, Platform,9800,177000,2300,643000,7455,PSV,Ubisoft,0.03,0.12,0.0,0.05,0.21
Rayman Legends,2013-08-30, Ubisoft Entertainment,4.0,921000,921000, Platform,9800,177000,2300,643000,2055,PS4,Ubisoft,0.21,0.61,0.0,0.18,1.01
Rayman Legends,2013-08-30, Ubisoft Entertainment,4.0,921000,921000, Platform,9800,177000,2300,643000,2985,WiiU,Ubisoft,0.26,0.33,0.03,0.06,0.68
Rayman Legends,2013-08-30, Ubisoft Entertainment,4.0,921000,921000, Platform,9800,177000,2300,643000,3071,PS3,Ubisoft,0.14,0.38,0.0,0.14,0.66
Rayman Legends,2013-08-30, Ubisoft Entertainment,4.0,921000,921000, Platform,9800,177000,2300,643000,4297,X360,Ubisoft,0.19,0.23,0.0,0.04,0.46
Rayman Legends,2013-08-30, Ubisoft Entertainment,4.0,921000,921000, Platform,9800,177000,2300,643000,5411,XOne,Ubisoft,0.13,0.18,0.0,0.03,0.34
Rayman Legends,2013-08-30, Ubisoft Entertainment,4.0,921000,921000, Platform,9800,177000,2300,643000,7455,PSV,Ubisoft,0.03,0.12,0.0,0.05,0.21
Uncharted 2: Among Thieves,2009-10-13,Naughty Dog,3.9,1400,1400,Adventure,12000,96000,1500,515000,120,PS3,Sony Computer Entertainment,3.27,2.25,0.21,1.0,6.73
Uncharted 2: Among Thieves,2009-10-13, Sony Computer Entertainment,3.9,1400,1400,Adventure,12000,96000,1500,515000,120,PS3,Sony Computer Entertainment,3.27,2.25,0.21,1.0,6.73
Uncharted 2: Among Thieves,2009-10-13,Naughty Dog,3.9,1400,1400, Platform,12000,96000,1500,515000,120,PS3,Sony Computer Entertainment,3.27,2.25,0.21,1.0,6.73
Uncharted 2: Among Thieves,2009-10-13, Sony Computer Entertainment,3.9,1400,1400, Platform,12000,96000,1500,515000,120,PS3,Sony Computer Entertainment,3.27,2.25,0.21,1.0,6.73
Uncharted 2: Among Thieves,2009-10-13,Naughty Dog,3.9,1400,1400, Shooter,12000,96000,1500,515000,120,PS3,Sony Computer Entertainment,3.27,2.25,0.21,1.0,6.73
Uncharted 2: Among Thieves,2009-10-13, Sony Computer Entertainment,3.9,1400,1400, Shooter,12000,96000,1500,515000,120,PS3,Sony Computer Entertainment,3.27,2.25,0.21,1.0,6.73
The Legend of Zelda: A Link Between Worlds,2013-11-22,Nintendo,4.1,1300,1300,Adventure,10000,168000,2400,1100,455,3DS,Nintendo,1.4,0.99,0.46,0.22,3.07
The Legend of Zelda: A Link Between Worlds,2013-11-22, Nintendo EAD Software Development Group No.3,4.1,1300,1300,Adventure,10000,168000,2400,1100,455,3DS,Nintendo,1.4,0.99,0.46,0.22,3.07
The Legend of Zelda: A Link Between Worlds,2013-11-22,Nintendo,4.1,1300,1300, Puzzle,10000,168000,2400,1100,455,3DS,Nintendo,1.4,0.99,0.46,0.22,3.07
The Legend of Zelda: A Link Between Worlds,2013-11-22, Nintendo EAD Software Development Group No.3,4.1,1300,1300, Puzzle,10000,168000,2400,1100,455,3DS,Nintendo,1.4,0.99,0.46,0.22,3.07
The Legend of Zelda: A Link Between Worlds,2013-11-22,Nintendo,4.1,1300,1300, RPG,10000,168000,2400,1100,455,3DS,Nintendo,1.4,0.99,0.46,0.22,3.07
The Legend of Zelda: A Link Between Worlds,2013-11-22, Nintendo EAD Software Development Group No.3,4.1,1300,1300, RPG,10000,168000,2400,1100,455,3DS,Nintendo,1.4,0.99,0.46,0.22,3.07
The Legend of Zelda: The Minish Cap,2004-11-04,Nintendo,3.9,1100,1100,Adventure,8700,280000,2500,911000,1359,GBA,Nintendo,0.89,0.22,0.22,0.1,1.42
The Legend of Zelda: The Minish Cap,2004-11-04, Capcom Production Studio 1,3.9,1100,1100,Adventure,8700,280000,2500,911000,1359,GBA,Nintendo,0.89,0.22,0.22,0.1,1.42
The Legend of Zelda: The Minish Cap,2004-11-04,Nintendo,3.9,1100,1100, RPG,8700,280000,2500,911000,1359,GBA,Nintendo,0.89,0.22,0.22,0.1,1.42
The Legend of Zelda: The Minish Cap,2004-11-04, Capcom Production Studio 1,3.9,1100,1100, RPG,8700,280000,2500,911000,1359,GBA,Nintendo,0.89,0.22,0.22,0.1,1.42
Shin Megami Tensei IV,2013-05-23,Atlus,4.1,949000,949000,RPG,4300,397000,2500,1100,3506,3DS,Atlus,0.28,0.0,0.27,0.02,0.57
Shin Megami Tensei IV,2013-05-23, Nintendo,4.1,949000,949000,RPG,4300,397000,2500,1100,3506,3DS,Atlus,0.28,0.0,0.27,0.02,0.57
Kingdom Hearts II,2005-12-22,Buena Vista Games,4.3,1200,1200,Adventure,9600,137000,1600,652000,256,PS2,Square Enix,2.2,0.58,1.38,0.17,4.33
Kingdom Hearts II,2005-12-22,Buena Vista Games,4.3,1200,1200,Adventure,9600,137000,1600,652000,1489,PS3,Square Enix,0.52,0.43,0.18,0.19,1.32
Kingdom Hearts II,2005-12-22, Square Enix,4.3,1200,1200,Adventure,9600,137000,1600,652000,256,PS2,Square Enix,2.2,0.58,1.38,0.17,4.33
Kingdom Hearts II,2005-12-22, Square Enix,4.3,1200,1200,Adventure,9600,137000,1600,652000,1489,PS3,Square Enix,0.52,0.43,0.18,0.19,1.32
Kingdom Hearts II,2005-12-22,Buena Vista Games,4.3,1200,1200, RPG,9600,137000,1600,652000,256,PS2,Square Enix,2.2,0.58,1.38,0.17,4.33
Kingdom Hearts II,2005-12-22,Buena Vista Games,4.3,1200,1200, RPG,9600,137000,1600,652000,1489,PS3,Square Enix,0.52,0.43,0.18,0.19,1.32
Kingdom Hearts II,2005-12-22, Square Enix,4.3,1200,1200, RPG,9600,137000,1600,652000,256,PS2,Square Enix,2.2,0.58,1.38,0.17,4.33
Kingdom Hearts II,2005-12-22, Square Enix,4.3,1200,1200, RPG,9600,137000,1600,652000,1489,PS3,Square Enix,0.52,0.43,0.18,0.19,1.32
Castlevania: Aria of Sorrow,2003-05-06,Konami Computer Entertainment Tokyo,4.2,1000,1000,Adventure,5100,114000,1700,871000,6252,GBA,Konami Digital Entertainment,0.2,0.07,0.0,0.0,0.28
Castlevania: Aria of Sorrow,2003-05-06, Konami,4.2,1000,1000,Adventure,5100,114000,1700,871000,6252,GBA,Konami Digital Entertainment,0.2,0.07,0.0,0.0,0.28
Castlevania: Aria of Sorrow,2003-05-06,Konami Computer Entertainment Tokyo,4.2,1000,1000, Platform,5100,114000,1700,871000,6252,GBA,Konami Digital Entertainment,0.2,0.07,0.0,0.0,0.28
Castlevania: Aria of Sorrow,2003-05-06, Konami,4.2,1000,1000, Platform,5100,114000,1700,871000,6252,GBA,Konami Digital Entertainment,0.2,0.07,0.0,0.0,0.28
Castlevania: Aria of Sorrow,2003-05-06,Konami Computer Entertainment Tokyo,4.2,1000,1000, RPG,5100,114000,1700,871000,6252,GBA,Konami Digital Entertainment,0.2,0.07,0.0,0.0,0.28
Castlevania: Aria of Sorrow,2003-05-06, Konami,4.2,1000,1000, RPG,5100,114000,1700,871000,6252,GBA,Konami Digital Entertainment,0.2,0.07,0.0,0.0,0.28
Halo: Reach,2010-09-14,Bungie,4.0,1200,1200,Shooter,11000,98000,1200,370000,63,X360,Microsoft Game Studios,7.03,1.98,0.08,0.78,9.88
Halo: Reach,2010-09-14, Microsoft Game Studios,4.0,1200,1200,Shooter,11000,98000,1200,370000,63,X360,Microsoft Game Studios,7.03,1.98,0.08,0.78,9.88
Grand Theft Auto: Vice City,2002-10-27,Rockstar Games,3.8,1000,1000,Adventure,12000,125000,1600,526000,25,PS2,Take-Two Interactive,8.41,5.49,0.47,1.78,16.15
Grand Theft Auto: Vice City,2002-10-27,Rockstar Games,3.8,1000,1000,Adventure,12000,125000,1600,526000,13734,PC,Take-Two Interactive,0.0,0.03,0.0,0.01,0.04
Grand Theft Auto: Vice City,2002-10-27, Rockstar North,3.8,1000,1000,Adventure,12000,125000,1600,526000,25,PS2,Take-Two Interactive,8.41,5.49,0.47,1.78,16.15
Grand Theft Auto: Vice City,2002-10-27, Rockstar North,3.8,1000,1000,Adventure,12000,125000,1600,526000,13734,PC,Take-Two Interactive,0.0,0.03,0.0,0.01,0.04
Grand Theft Auto: Vice City,2002-10-27,Rockstar Games,3.8,1000,1000, Arcade,12000,125000,1600,526000,25,PS2,Take-Two Interactive,8.41,5.49,0.47,1.78,16.15
Grand Theft Auto: Vice City,2002-10-27,Rockstar Games,3.8,1000,1000, Arcade,12000,125000,1600,526000,13734,PC,Take-Two Interactive,0.0,0.03,0.0,0.01,0.04
Grand Theft Auto: Vice City,2002-10-27, Rockstar North,3.8,1000,1000, Arcade,12000,125000,1600,526000,25,PS2,Take-Two Interactive,8.41,5.49,0.47,1.78,16.15
Grand Theft Auto: Vice City,2002-10-27, Rockstar North,3.8,1000,1000, Arcade,12000,125000,1600,526000,13734,PC,Take-Two Interactive,0.0,0.03,0.0,0.01,0.04
Grand Theft Auto: Vice City,2002-10-27,Rockstar Games,3.8,1000,1000, Racing,12000,125000,1600,526000,25,PS2,Take-Two Interactive,8.41,5.49,0.47,1.78,16.15
Grand Theft Auto: Vice City,2002-10-27,Rockstar Games,3.8,1000,1000, Racing,12000,125000,1600,526000,13734,PC,Take-Two Interactive,0.0,0.03,0.0,0.01,0.04
Grand Theft Auto: Vice City,2002-10-27, Rockstar North,3.8,1000,1000, Racing,12000,125000,1600,526000,25,PS2,Take-Two Interactive,8.41,5.49,0.47,1.78,16.15
Grand Theft Auto: Vice City,2002-10-27, Rockstar North,3.8,1000,1000, Racing,12000,125000,1600,526000,13734,PC,Take-Two Interactive,0.0,0.03,0.0,0.01,0.04
Grand Theft Auto: Vice City,2002-10-27,Rockstar Games,3.8,1000,1000, Shooter,12000,125000,1600,526000,25,PS2,Take-Two Interactive,8.41,5.49,0.47,1.78,16.15
Grand Theft Auto: Vice City,2002-10-27,Rockstar Games,3.8,1000,1000, Shooter,12000,125000,1600,526000,13734,PC,Take-Two Interactive,0.0,0.03,0.0,0.01,0.04
Grand Theft Auto: Vice City,2002-10-27, Rockstar North,3.8,1000,1000, Shooter,12000,125000,1600,526000,25,PS2,Take-Two Interactive,8.41,5.49,0.47,1.78,16.15
Grand Theft Auto: Vice City,2002-10-27, Rockstar North,3.8,1000,1000, Shooter,12000,125000,1600,526000,13734,PC,Take-Two Interactive,0.0,0.03,0.0,0.01,0.04
Assassin's Creed III,2012-10-30,Ubisoft Entertainment,3.0,707000,707000,Adventure,12000,72000,1200,390000,129,PS3,Ubisoft,2.64,2.56,0.16,1.14,6.5
Assassin's Creed III,2012-10-30,Ubisoft Entertainment,3.0,707000,707000,Adventure,12000,72000,1200,390000,173,X360,Ubisoft,3.13,1.71,0.03,0.44,5.3
Assassin's Creed III,2012-10-30,Ubisoft Entertainment,3.0,707000,707000,Adventure,12000,72000,1200,390000,2204,PC,Ubisoft,0.28,0.53,0.0,0.13,0.94
Assassin's Creed III,2012-10-30,Ubisoft Entertainment,3.0,707000,707000,Adventure,12000,72000,1200,390000,5201,WiiU,Ubisoft,0.19,0.13,0.0,0.03,0.36
Assassin's Creed III,2012-10-30, Ubisoft Montreal,3.0,707000,707000,Adventure,12000,72000,1200,390000,129,PS3,Ubisoft,2.64,2.56,0.16,1.14,6.5
Assassin's Creed III,2012-10-30, Ubisoft Montreal,3.0,707000,707000,Adventure,12000,72000,1200,390000,173,X360,Ubisoft,3.13,1.71,0.03,0.44,5.3
Assassin's Creed III,2012-10-30, Ubisoft Montreal,3.0,707000,707000,Adventure,12000,72000,1200,390000,2204,PC,Ubisoft,0.28,0.53,0.0,0.13,0.94
Assassin's Creed III,2012-10-30, Ubisoft Montreal,3.0,707000,707000,Adventure,12000,72000,1200,390000,5201,WiiU,Ubisoft,0.19,0.13,0.0,0.03,0.36
Assassin's Creed III,2012-10-30,Ubisoft Entertainment,3.0,707000,707000, Strategy,12000,72000,1200,390000,129,PS3,Ubisoft,2.64,2.56,0.16,1.14,6.5
Assassin's Creed III,2012-10-30,Ubisoft Entertainment,3.0,707000,707000, Strategy,12000,72000,1200,390000,173,X360,Ubisoft,3.13,1.71,0.03,0.44,5.3
Assassin's Creed III,2012-10-30,Ubisoft Entertainment,3.0,707000,707000, Strategy,12000,72000,1200,390000,2204,PC,Ubisoft,0.28,0.53,0.0,0.13,0.94
Assassin's Creed III,2012-10-30,Ubisoft Entertainment,3.0,707000,707000, Strategy,12000,72000,1200,390000,5201,WiiU,Ubisoft,0.19,0.13,0.0,0.03,0.36
Assassin's Creed III,2012-10-30, Ubisoft Montreal,3.0,707000,707000, Strategy,12000,72000,1200,390000,129,PS3,Ubisoft,2.64,2.56,0.16,1.14,6.5
Assassin's Creed III,2012-10-30, Ubisoft Montreal,3.0,707000,707000, Strategy,12000,72000,1200,390000,173,X360,Ubisoft,3.13,1.71,0.03,0.44,5.3
Assassin's Creed III,2012-10-30, Ubisoft Montreal,3.0,707000,707000, Strategy,12000,72000,1200,390000,2204,PC,Ubisoft,0.28,0.53,0.0,0.13,0.94
Assassin's Creed III,2012-10-30, Ubisoft Montreal,3.0,707000,707000, Strategy,12000,72000,1200,390000,5201,WiiU,Ubisoft,0.19,0.13,0.0,0.03,0.36
Castlevania,1986-09-26,Nintendo,3.4,845000,845000,Adventure,5700,58000,869000,365000,1625,NES,Konami Digital Entertainment,0.54,0.06,0.62,0.01,1.23
Castlevania,1986-09-26,Nintendo,3.4,845000,845000,Adventure,5700,58000,869000,365000,3159,N64,Konami Digital Entertainment,0.44,0.1,0.04,0.05,0.64
Castlevania,1986-09-26, Konami,3.4,845000,845000,Adventure,5700,58000,869000,365000,1625,NES,Konami Digital Entertainment,0.54,0.06,0.62,0.01,1.23
Castlevania,1986-09-26, Konami,3.4,845000,845000,Adventure,5700,58000,869000,365000,3159,N64,Konami Digital Entertainment,0.44,0.1,0.04,0.05,0.64
Castlevania,1986-09-26,Nintendo,3.4,845000,845000, Platform,5700,58000,869000,365000,1625,NES,Konami Digital Entertainment,0.54,0.06,0.62,0.01,1.23
Castlevania,1986-09-26,Nintendo,3.4,845000,845000, Platform,5700,58000,869000,365000,3159,N64,Konami Digital Entertainment,0.44,0.1,0.04,0.05,0.64
Castlevania,1986-09-26, Konami,3.4,845000,845000, Platform,5700,58000,869000,365000,1625,NES,Konami Digital Entertainment,0.54,0.06,0.62,0.01,1.23
Castlevania,1986-09-26, Konami,3.4,845000,845000, Platform,5700,58000,869000,365000,3159,N64,Konami Digital Entertainment,0.44,0.1,0.04,0.05,0.64
Crash Bandicoot,1996-09-09,Sony Computer Entertainment,3.5,660000,660000,Platform,8700,58000,702000,288000,117,PS,Sony Computer Entertainment,3.23,2.35,0.94,0.3,6.82
Crash Bandicoot,1996-09-09, Naughty Dog,3.5,660000,660000,Platform,8700,58000,702000,288000,117,PS,Sony Computer Entertainment,3.23,2.35,0.94,0.3,6.82
The Legend of Zelda: Majora's Mask 3D,2015-02-12,Nintendo,4.1,797000,797000,Adventure,6700,191000,2200,813000,682,3DS,Nintendo,1.14,0.54,0.47,0.17,2.32
The Legend of Zelda: Majora's Mask 3D,2015-02-12, Nintendo EAD Tokyo,4.1,797000,797000,Adventure,6700,191000,2200,813000,682,3DS,Nintendo,1.14,0.54,0.47,0.17,2.32
The Legend of Zelda: Majora's Mask 3D,2015-02-12,Nintendo,4.1,797000,797000, RPG,6700,191000,2200,813000,682,3DS,Nintendo,1.14,0.54,0.47,0.17,2.32
The Legend of Zelda: Majora's Mask 3D,2015-02-12, Nintendo EAD Tokyo,4.1,797000,797000, RPG,6700,191000,2200,813000,682,3DS,Nintendo,1.14,0.54,0.47,0.17,2.32
The Wolf Among Us,2013-10-11,Telltale Games,3.9,837000,837000,Adventure,8100,81000,1500,678000,7496,PS4,Telltale Games,0.1,0.07,0.0,0.03,0.21
The Wolf Among Us,2013-10-11,Telltale Games,3.9,837000,837000,Adventure,8100,81000,1500,678000,10470,PS3,Telltale Games,0.05,0.03,0.0,0.02,0.1
The Wolf Among Us,2013-10-11,Telltale Games,3.9,837000,837000,Adventure,8100,81000,1500,678000,11846,XOne,Telltale Games,0.05,0.02,0.0,0.01,0.07
The Wolf Among Us,2013-10-11,Telltale Games,3.9,837000,837000,Adventure,8100,81000,1500,678000,11939,PSV,Telltale Games,0.05,0.0,0.0,0.02,0.07
The Wolf Among Us,2013-10-11,Telltale Games,3.9,837000,837000,Adventure,8100,81000,1500,678000,13683,X360,Telltale Games,0.01,0.03,0.0,0.0,0.04
The Wolf Among Us,2013-10-11,Telltale Games,3.9,837000,837000, Point-and-Click,8100,81000,1500,678000,7496,PS4,Telltale Games,0.1,0.07,0.0,0.03,0.21
The Wolf Among Us,2013-10-11,Telltale Games,3.9,837000,837000, Point-and-Click,8100,81000,1500,678000,10470,PS3,Telltale Games,0.05,0.03,0.0,0.02,0.1
The Wolf Among Us,2013-10-11,Telltale Games,3.9,837000,837000, Point-and-Click,8100,81000,1500,678000,11846,XOne,Telltale Games,0.05,0.02,0.0,0.01,0.07
The Wolf Among Us,2013-10-11,Telltale Games,3.9,837000,837000, Point-and-Click,8100,81000,1500,678000,11939,PSV,Telltale Games,0.05,0.0,0.0,0.02,0.07
The Wolf Among Us,2013-10-11,Telltale Games,3.9,837000,837000, Point-and-Click,8100,81000,1500,678000,13683,X360,Telltale Games,0.01,0.03,0.0,0.0,0.04
Dead Space 2,2011-01-25,Electronic Arts,4.0,775000,775000,Adventure,6000,97000,1900,716000,1230,X360,Electronic Arts,0.94,0.45,0.0,0.13,1.52
Dead Space 2,2011-01-25,Electronic Arts,4.0,775000,775000,Adventure,6000,97000,1900,716000,1345,PS3,Electronic Arts,0.73,0.5,0.0,0.21,1.44
Dead Space 2,2011-01-25,Electronic Arts,4.0,775000,775000,Adventure,6000,97000,1900,716000,5575,PC,Electronic Arts,0.13,0.15,0.0,0.05,0.33
Dead Space 2,2011-01-25, Visceral Games,4.0,775000,775000,Adventure,6000,97000,1900,716000,1230,X360,Electronic Arts,0.94,0.45,0.0,0.13,1.52
Dead Space 2,2011-01-25, Visceral Games,4.0,775000,775000,Adventure,6000,97000,1900,716000,1345,PS3,Electronic Arts,0.73,0.5,0.0,0.21,1.44
Dead Space 2,2011-01-25, Visceral Games,4.0,775000,775000,Adventure,6000,97000,1900,716000,5575,PC,Electronic Arts,0.13,0.15,0.0,0.05,0.33
Dead Space 2,2011-01-25,Electronic Arts,4.0,775000,775000, Shooter,6000,97000,1900,716000,1230,X360,Electronic Arts,0.94,0.45,0.0,0.13,1.52
Dead Space 2,2011-01-25,Electronic Arts,4.0,775000,775000, Shooter,6000,97000,1900,716000,1345,PS3,Electronic Arts,0.73,0.5,0.0,0.21,1.44
Dead Space 2,2011-01-25,Electronic Arts,4.0,775000,775000, Shooter,6000,97000,1900,716000,5575,PC,Electronic Arts,0.13,0.15,0.0,0.05,0.33
Dead Space 2,2011-01-25, Visceral Games,4.0,775000,775000, Shooter,6000,97000,1900,716000,1230,X360,Electronic Arts,0.94,0.45,0.0,0.13,1.52
Dead Space 2,2011-01-25, Visceral Games,4.0,775000,775000, Shooter,6000,97000,1900,716000,1345,PS3,Electronic Arts,0.73,0.5,0.0,0.21,1.44
Dead Space 2,2011-01-25, Visceral Games,4.0,775000,775000, Shooter,6000,97000,1900,716000,5575,PC,Electronic Arts,0.13,0.15,0.0,0.05,0.33
Super Mario Bros. 2,1988-10-09,Nintendo,3.1,864000,864000,Adventure,8400,40000,767000,189000,97,NES,Nintendo,5.39,1.18,0.7,0.19,7.46
Super Mario Bros. 2,1988-10-09, Nintendo EAD,3.1,864000,864000,Adventure,8400,40000,767000,189000,97,NES,Nintendo,5.39,1.18,0.7,0.19,7.46
Super Mario Bros. 2,1988-10-09,Nintendo,3.1,864000,864000, Platform,8400,40000,767000,189000,97,NES,Nintendo,5.39,1.18,0.7,0.19,7.46
Super Mario Bros. 2,1988-10-09, Nintendo EAD,3.1,864000,864000, Platform,8400,40000,767000,189000,97,NES,Nintendo,5.39,1.18,0.7,0.19,7.46
Until Dawn,2015-08-25,Supermassive Games,3.4,812000,812000,Adventure,8000,85000,1200,585000,1124,PS4,Sony Computer Entertainment Europe,0.44,0.89,0.05,0.25,1.64
Until Dawn,2015-08-25, Sony Computer Entertainment,3.4,812000,812000,Adventure,8000,85000,1200,585000,1124,PS4,Sony Computer Entertainment Europe,0.44,0.89,0.05,0.25,1.64
Kid Icarus: Uprising,2012-03-22,Nintendo,4.1,860000,860000,Brawler,5400,140000,1700,924000,1550,3DS,Nintendo,0.48,0.35,0.36,0.07,1.28
Kid Icarus: Uprising,2012-03-22, Project Sora,4.1,860000,860000,Brawler,5400,140000,1700,924000,1550,3DS,Nintendo,0.48,0.35,0.36,0.07,1.28
Kid Icarus: Uprising,2012-03-22,Nintendo,4.1,860000,860000, Shooter,5400,140000,1700,924000,1550,3DS,Nintendo,0.48,0.35,0.36,0.07,1.28
Kid Icarus: Uprising,2012-03-22, Project Sora,4.1,860000,860000, Shooter,5400,140000,1700,924000,1550,3DS,Nintendo,0.48,0.35,0.36,0.07,1.28
Sonic Unleashed,2008-11-20,Sega,3.3,728000,728000,Adventure,6500,118000,995000,476000,740,Wii,Sega,1.28,0.68,0.02,0.21,2.2
Sonic Unleashed,2008-11-20,Sega,3.3,728000,728000,Adventure,6500,118000,995000,476000,2016,PS3,Sega,0.56,0.33,0.01,0.14,1.03
Sonic Unleashed,2008-11-20,Sega,3.3,728000,728000,Adventure,6500,118000,995000,476000,2161,X360,Sega,0.54,0.33,0.0,0.09,0.96
Sonic Unleashed,2008-11-20,Sega,3.3,728000,728000,Adventure,6500,118000,995000,476000,2688,PS2,Sega,0.37,0.04,0.0,0.36,0.76
Sonic Unleashed,2008-11-20, Sonic Team,3.3,728000,728000,Adventure,6500,118000,995000,476000,740,Wii,Sega,1.28,0.68,0.02,0.21,2.2
Sonic Unleashed,2008-11-20, Sonic Team,3.3,728000,728000,Adventure,6500,118000,995000,476000,2016,PS3,Sega,0.56,0.33,0.01,0.14,1.03
Sonic Unleashed,2008-11-20, Sonic Team,3.3,728000,728000,Adventure,6500,118000,995000,476000,2161,X360,Sega,0.54,0.33,0.0,0.09,0.96
Sonic Unleashed,2008-11-20, Sonic Team,3.3,728000,728000,Adventure,6500,118000,995000,476000,2688,PS2,Sega,0.37,0.04,0.0,0.36,0.76
Sonic Unleashed,2008-11-20,Sega,3.3,728000,728000, Brawler,6500,118000,995000,476000,740,Wii,Sega,1.28,0.68,0.02,0.21,2.2
Sonic Unleashed,2008-11-20,Sega,3.3,728000,728000, Brawler,6500,118000,995000,476000,2016,PS3,Sega,0.56,0.33,0.01,0.14,1.03
Sonic Unleashed,2008-11-20,Sega,3.3,728000,728000, Brawler,6500,118000,995000,476000,2161,X360,Sega,0.54,0.33,0.0,0.09,0.96
Sonic Unleashed,2008-11-20,Sega,3.3,728000,728000, Brawler,6500,118000,995000,476000,2688,PS2,Sega,0.37,0.04,0.0,0.36,0.76
Sonic Unleashed,2008-11-20, Sonic Team,3.3,728000,728000, Brawler,6500,118000,995000,476000,740,Wii,Sega,1.28,0.68,0.02,0.21,2.2
Sonic Unleashed,2008-11-20, Sonic Team,3.3,728000,728000, Brawler,6500,118000,995000,476000,2016,PS3,Sega,0.56,0.33,0.01,0.14,1.03
Sonic Unleashed,2008-11-20, Sonic Team,3.3,728000,728000, Brawler,6500,118000,995000,476000,2161,X360,Sega,0.54,0.33,0.0,0.09,0.96
Sonic Unleashed,2008-11-20, Sonic Team,3.3,728000,728000, Brawler,6500,118000,995000,476000,2688,PS2,Sega,0.37,0.04,0.0,0.36,0.76
Sonic Unleashed,2008-11-20,Sega,3.3,728000,728000, Platform,6500,118000,995000,476000,740,Wii,Sega,1.28,0.68,0.02,0.21,2.2
Sonic Unleashed,2008-11-20,Sega,3.3,728000,728000, Platform,6500,118000,995000,476000,2016,PS3,Sega,0.56,0.33,0.01,0.14,1.03
Sonic Unleashed,2008-11-20,Sega,3.3,728000,728000, Platform,6500,118000,995000,476000,2161,X360,Sega,0.54,0.33,0.0,0.09,0.96
Sonic Unleashed,2008-11-20,Sega,3.3,728000,728000, Platform,6500,118000,995000,476000,2688,PS2,Sega,0.37,0.04,0.0,0.36,0.76
Sonic Unleashed,2008-11-20, Sonic Team,3.3,728000,728000, Platform,6500,118000,995000,476000,740,Wii,Sega,1.28,0.68,0.02,0.21,2.2
Sonic Unleashed,2008-11-20, Sonic Team,3.3,728000,728000, Platform,6500,118000,995000,476000,2016,PS3,Sega,0.56,0.33,0.01,0.14,1.03
Sonic Unleashed,2008-11-20, Sonic Team,3.3,728000,728000, Platform,6500,118000,995000,476000,2161,X360,Sega,0.54,0.33,0.0,0.09,0.96
Sonic Unleashed,2008-11-20, Sonic Team,3.3,728000,728000, Platform,6500,118000,995000,476000,2688,PS2,Sega,0.37,0.04,0.0,0.36,0.76
Metal Gear Solid 3: Subsistence,2005-12-22,Konami Computer Entertainment Japan,4.6,641000,641000,Adventure,3700,50000,949000,639000,3635,PS2,Konami Digital Entertainment,0.34,0.01,0.15,0.06,0.55
Metal Gear Solid 3: Subsistence,2005-12-22, Konami,4.6,641000,641000,Adventure,3700,50000,949000,639000,3635,PS2,Konami Digital Entertainment,0.34,0.01,0.15,0.06,0.55
Metal Gear Solid 3: Subsistence,2005-12-22,Konami Computer Entertainment Japan,4.6,641000,641000, Shooter,3700,50000,949000,639000,3635,PS2,Konami Digital Entertainment,0.34,0.01,0.15,0.06,0.55
Metal Gear Solid 3: Subsistence,2005-12-22, Konami,4.6,641000,641000, Shooter,3700,50000,949000,639000,3635,PS2,Konami Digital Entertainment,0.34,0.01,0.15,0.06,0.55
Metal Gear Solid 3: Subsistence,2005-12-22,Konami Computer Entertainment Japan,4.6,641000,641000, Tactical,3700,50000,949000,639000,3635,PS2,Konami Digital Entertainment,0.34,0.01,0.15,0.06,0.55
Metal Gear Solid 3: Subsistence,2005-12-22, Konami,4.6,641000,641000, Tactical,3700,50000,949000,639000,3635,PS2,Konami Digital Entertainment,0.34,0.01,0.15,0.06,0.55
Super Mario World 2: Yoshi's Island,1995-08-05,Nintendo EAD,4.1,1100,1100,Platform,7100,141000,1500,360000,283,SNES,Nintendo,1.65,0.61,1.76,0.09,4.12
Super Mario World 2: Yoshi's Island,1995-08-05,Nintendo EAD,4.1,1100,1100,Platform,7100,141000,1500,360000,493,GBA,Nintendo,1.75,0.45,0.62,0.09,2.91
Super Mario World 2: Yoshi's Island,1995-08-05, Nintendo,4.1,1100,1100,Platform,7100,141000,1500,360000,283,SNES,Nintendo,1.65,0.61,1.76,0.09,4.12
Super Mario World 2: Yoshi's Island,1995-08-05, Nintendo,4.1,1100,1100,Platform,7100,141000,1500,360000,493,GBA,Nintendo,1.75,0.45,0.62,0.09,2.91
Devil May Cry 4,2008-01-31,Capcom,3.6,511000,511000,Adventure,6500,84000,1700,681000,1164,PS3,Capcom,0.58,0.46,0.34,0.21,1.59
Devil May Cry 4,2008-01-31,Capcom,3.6,511000,511000,Adventure,6500,84000,1700,681000,1449,X360,Capcom,0.79,0.34,0.08,0.13,1.35
Devil May Cry 4,2008-01-31,Capcom,3.6,511000,511000,Adventure,6500,84000,1700,681000,10906,PS4,Capcom,0.01,0.0,0.08,0.0,0.09
Devil May Cry 4,2008-01-31,Capcom,3.6,511000,511000,Adventure,6500,84000,1700,681000,13640,PC,Capcom,0.01,0.02,0.0,0.01,0.04
Devil May Cry 4,2008-01-31, Capcom Production Studio 1,3.6,511000,511000,Adventure,6500,84000,1700,681000,1164,PS3,Capcom,0.58,0.46,0.34,0.21,1.59
Devil May Cry 4,2008-01-31, Capcom Production Studio 1,3.6,511000,511000,Adventure,6500,84000,1700,681000,1449,X360,Capcom,0.79,0.34,0.08,0.13,1.35
Devil May Cry 4,2008-01-31, Capcom Production Studio 1,3.6,511000,511000,Adventure,6500,84000,1700,681000,10906,PS4,Capcom,0.01,0.0,0.08,0.0,0.09
Devil May Cry 4,2008-01-31, Capcom Production Studio 1,3.6,511000,511000,Adventure,6500,84000,1700,681000,13640,PC,Capcom,0.01,0.02,0.0,0.01,0.04
Devil May Cry 4,2008-01-31,Capcom,3.6,511000,511000, Brawler,6500,84000,1700,681000,1164,PS3,Capcom,0.58,0.46,0.34,0.21,1.59
Devil May Cry 4,2008-01-31,Capcom,3.6,511000,511000, Brawler,6500,84000,1700,681000,1449,X360,Capcom,0.79,0.34,0.08,0.13,1.35
Devil May Cry 4,2008-01-31,Capcom,3.6,511000,511000, Brawler,6500,84000,1700,681000,10906,PS4,Capcom,0.01,0.0,0.08,0.0,0.09
Devil May Cry 4,2008-01-31,Capcom,3.6,511000,511000, Brawler,6500,84000,1700,681000,13640,PC,Capcom,0.01,0.02,0.0,0.01,0.04
Devil May Cry 4,2008-01-31, Capcom Production Studio 1,3.6,511000,511000, Brawler,6500,84000,1700,681000,1164,PS3,Capcom,0.58,0.46,0.34,0.21,1.59
Devil May Cry 4,2008-01-31, Capcom Production Studio 1,3.6,511000,511000, Brawler,6500,84000,1700,681000,1449,X360,Capcom,0.79,0.34,0.08,0.13,1.35
Devil May Cry 4,2008-01-31, Capcom Production Studio 1,3.6,511000,511000, Brawler,6500,84000,1700,681000,10906,PS4,Capcom,0.01,0.0,0.08,0.0,0.09
Devil May Cry 4,2008-01-31, Capcom Production Studio 1,3.6,511000,511000, Brawler,6500,84000,1700,681000,13640,PC,Capcom,0.01,0.02,0.0,0.01,0.04
Grand Theft Auto III,2001-10-22,DMA Design,3.3,711000,711000,Adventure,7800,88000,1300,373000,39,PS2,Take-Two Interactive,6.99,4.51,0.3,1.3,13.1
Grand Theft Auto III,2001-10-22,DMA Design,3.3,711000,711000,Adventure,7800,88000,1300,373000,16096,PC,Take-Two Interactive,0.0,0.01,0.0,0.0,0.01
Grand Theft Auto III,2001-10-22, Rockstar Games,3.3,711000,711000,Adventure,7800,88000,1300,373000,39,PS2,Take-Two Interactive,6.99,4.51,0.3,1.3,13.1
Grand Theft Auto III,2001-10-22, Rockstar Games,3.3,711000,711000,Adventure,7800,88000,1300,373000,16096,PC,Take-Two Interactive,0.0,0.01,0.0,0.0,0.01
Grand Theft Auto III,2001-10-22,DMA Design,3.3,711000,711000, Racing,7800,88000,1300,373000,39,PS2,Take-Two Interactive,6.99,4.51,0.3,1.3,13.1
Grand Theft Auto III,2001-10-22,DMA Design,3.3,711000,711000, Racing,7800,88000,1300,373000,16096,PC,Take-Two Interactive,0.0,0.01,0.0,0.0,0.01
Grand Theft Auto III,2001-10-22, Rockstar Games,3.3,711000,711000, Racing,7800,88000,1300,373000,39,PS2,Take-Two Interactive,6.99,4.51,0.3,1.3,13.1
Grand Theft Auto III,2001-10-22, Rockstar Games,3.3,711000,711000, Racing,7800,88000,1300,373000,16096,PC,Take-Two Interactive,0.0,0.01,0.0,0.0,0.01
Grand Theft Auto III,2001-10-22,DMA Design,3.3,711000,711000, Shooter,7800,88000,1300,373000,39,PS2,Take-Two Interactive,6.99,4.51,0.3,1.3,13.1
Grand Theft Auto III,2001-10-22,DMA Design,3.3,711000,711000, Shooter,7800,88000,1300,373000,16096,PC,Take-Two Interactive,0.0,0.01,0.0,0.0,0.01
Grand Theft Auto III,2001-10-22, Rockstar Games,3.3,711000,711000, Shooter,7800,88000,1300,373000,39,PS2,Take-Two Interactive,6.99,4.51,0.3,1.3,13.1
Grand Theft Auto III,2001-10-22, Rockstar Games,3.3,711000,711000, Shooter,7800,88000,1300,373000,16096,PC,Take-Two Interactive,0.0,0.01,0.0,0.0,0.01
Grand Theft Auto III,2001-10-22,DMA Design,3.3,711000,711000, Simulator,7800,88000,1300,373000,39,PS2,Take-Two Interactive,6.99,4.51,0.3,1.3,13.1
Grand Theft Auto III,2001-10-22,DMA Design,3.3,711000,711000, Simulator,7800,88000,1300,373000,16096,PC,Take-Two Interactive,0.0,0.01,0.0,0.0,0.01
Grand Theft Auto III,2001-10-22, Rockstar Games,3.3,711000,711000, Simulator,7800,88000,1300,373000,39,PS2,Take-Two Interactive,6.99,4.51,0.3,1.3,13.1
Grand Theft Auto III,2001-10-22, Rockstar Games,3.3,711000,711000, Simulator,7800,88000,1300,373000,16096,PC,Take-Two Interactive,0.0,0.01,0.0,0.0,0.01
Batman: Arkham Origins,2013-10-16,WB Games,3.4,642000,642000,Adventure,7800,125000,1700,632000,656,PS3,Warner Bros. Interactive Entertainment,1.07,0.87,0.04,0.4,2.39
Batman: Arkham Origins,2013-10-16,WB Games,3.4,642000,642000,Adventure,7800,125000,1700,632000,887,X360,Warner Bros. Interactive Entertainment,1.15,0.61,0.0,0.17,1.93
Batman: Arkham Origins,2013-10-16,WB Games,3.4,642000,642000,Adventure,7800,125000,1700,632000,5567,WiiU,Warner Bros. Interactive Entertainment,0.2,0.09,0.0,0.03,0.33
Batman: Arkham Origins,2013-10-16,WB Games,3.4,642000,642000,Adventure,7800,125000,1700,632000,5584,PC,Warner Bros. Interactive Entertainment,0.13,0.16,0.0,0.04,0.32
Batman: Arkham Origins,2013-10-16, WB Games Montréal,3.4,642000,642000,Adventure,7800,125000,1700,632000,656,PS3,Warner Bros. Interactive Entertainment,1.07,0.87,0.04,0.4,2.39
Batman: Arkham Origins,2013-10-16, WB Games Montréal,3.4,642000,642000,Adventure,7800,125000,1700,632000,887,X360,Warner Bros. Interactive Entertainment,1.15,0.61,0.0,0.17,1.93
Batman: Arkham Origins,2013-10-16, WB Games Montréal,3.4,642000,642000,Adventure,7800,125000,1700,632000,5567,WiiU,Warner Bros. Interactive Entertainment,0.2,0.09,0.0,0.03,0.33
Batman: Arkham Origins,2013-10-16, WB Games Montréal,3.4,642000,642000,Adventure,7800,125000,1700,632000,5584,PC,Warner Bros. Interactive Entertainment,0.13,0.16,0.0,0.04,0.32
Batman: Arkham Origins,2013-10-16,WB Games,3.4,642000,642000, Brawler,7800,125000,1700,632000,656,PS3,Warner Bros. Interactive Entertainment,1.07,0.87,0.04,0.4,2.39
Batman: Arkham Origins,2013-10-16,WB Games,3.4,642000,642000, Brawler,7800,125000,1700,632000,887,X360,Warner Bros. Interactive Entertainment,1.15,0.61,0.0,0.17,1.93
Batman: Arkham Origins,2013-10-16,WB Games,3.4,642000,642000, Brawler,7800,125000,1700,632000,5567,WiiU,Warner Bros. Interactive Entertainment,0.2,0.09,0.0,0.03,0.33
Batman: Arkham Origins,2013-10-16,WB Games,3.4,642000,642000, Brawler,7800,125000,1700,632000,5584,PC,Warner Bros. Interactive Entertainment,0.13,0.16,0.0,0.04,0.32
Batman: Arkham Origins,2013-10-16, WB Games Montréal,3.4,642000,642000, Brawler,7800,125000,1700,632000,656,PS3,Warner Bros. Interactive Entertainment,1.07,0.87,0.04,0.4,2.39
Batman: Arkham Origins,2013-10-16, WB Games Montréal,3.4,642000,642000, Brawler,7800,125000,1700,632000,887,X360,Warner Bros. Interactive Entertainment,1.15,0.61,0.0,0.17,1.93
Batman: Arkham Origins,2013-10-16, WB Games Montréal,3.4,642000,642000, Brawler,7800,125000,1700,632000,5567,WiiU,Warner Bros. Interactive Entertainment,0.2,0.09,0.0,0.03,0.33
Batman: Arkham Origins,2013-10-16, WB Games Montréal,3.4,642000,642000, Brawler,7800,125000,1700,632000,5584,PC,Warner Bros. Interactive Entertainment,0.13,0.16,0.0,0.04,0.32
Final Fantasy VIII,1999-02-11,Square,3.6,982000,982000,Adventure,5100,182000,2400,715000,88,PS,SquareSoft,2.28,1.72,3.63,0.23,7.86
Final Fantasy VIII,1999-02-11, Square Enix,3.6,982000,982000,Adventure,5100,182000,2400,715000,88,PS,SquareSoft,2.28,1.72,3.63,0.23,7.86
Final Fantasy VIII,1999-02-11,Square,3.6,982000,982000, RPG,5100,182000,2400,715000,88,PS,SquareSoft,2.28,1.72,3.63,0.23,7.86
Final Fantasy VIII,1999-02-11, Square Enix,3.6,982000,982000, RPG,5100,182000,2400,715000,88,PS,SquareSoft,2.28,1.72,3.63,0.23,7.86
The Elder Scrolls IV: Oblivion,2006-03-20,Bethesda Game Studios,3.7,725000,725000,Adventure,8100,183000,1900,563000,251,X360,Take-Two Interactive,2.82,1.05,0.13,0.4,4.39
The Elder Scrolls IV: Oblivion,2006-03-20,Bethesda Game Studios,3.7,725000,725000,Adventure,8100,183000,1900,563000,446,PS3,Ubisoft,1.69,0.87,0.14,0.42,3.12
The Elder Scrolls IV: Oblivion,2006-03-20,Bethesda Game Studios,3.7,725000,725000,Adventure,8100,183000,1900,563000,6507,PC,Take-Two Interactive,0.01,0.2,0.0,0.05,0.26
The Elder Scrolls IV: Oblivion,2006-03-20, 2K Games,3.7,725000,725000,Adventure,8100,183000,1900,563000,251,X360,Take-Two Interactive,2.82,1.05,0.13,0.4,4.39
The Elder Scrolls IV: Oblivion,2006-03-20, 2K Games,3.7,725000,725000,Adventure,8100,183000,1900,563000,446,PS3,Ubisoft,1.69,0.87,0.14,0.42,3.12
The Elder Scrolls IV: Oblivion,2006-03-20, 2K Games,3.7,725000,725000,Adventure,8100,183000,1900,563000,6507,PC,Take-Two Interactive,0.01,0.2,0.0,0.05,0.26
The Elder Scrolls IV: Oblivion,2006-03-20,Bethesda Game Studios,3.7,725000,725000, RPG,8100,183000,1900,563000,251,X360,Take-Two Interactive,2.82,1.05,0.13,0.4,4.39
The Elder Scrolls IV: Oblivion,2006-03-20,Bethesda Game Studios,3.7,725000,725000, RPG,8100,183000,1900,563000,446,PS3,Ubisoft,1.69,0.87,0.14,0.42,3.12
The Elder Scrolls IV: Oblivion,2006-03-20,Bethesda Game Studios,3.7,725000,725000, RPG,8100,183000,1900,563000,6507,PC,Take-Two Interactive,0.01,0.2,0.0,0.05,0.26
The Elder Scrolls IV: Oblivion,2006-03-20, 2K Games,3.7,725000,725000, RPG,8100,183000,1900,563000,251,X360,Take-Two Interactive,2.82,1.05,0.13,0.4,4.39
The Elder Scrolls IV: Oblivion,2006-03-20, 2K Games,3.7,725000,725000, RPG,8100,183000,1900,563000,446,PS3,Ubisoft,1.69,0.87,0.14,0.42,3.12
The Elder Scrolls IV: Oblivion,2006-03-20, 2K Games,3.7,725000,725000, RPG,8100,183000,1900,563000,6507,PC,Take-Two Interactive,0.01,0.2,0.0,0.05,0.26
Alan Wake,2010-05-14,Microsoft Game Studios,3.6,702000,702000,Adventure,6200,96000,2000,741000,1444,X360,Microsoft Game Studios,0.66,0.51,0.05,0.13,1.35
Alan Wake,2010-05-14,Microsoft Game Studios,3.6,702000,702000,Adventure,6200,96000,2000,741000,12110,PC,Nordic Games,0.0,0.06,0.0,0.01,0.07
Alan Wake,2010-05-14, Remedy Entertainment,3.6,702000,702000,Adventure,6200,96000,2000,741000,1444,X360,Microsoft Game Studios,0.66,0.51,0.05,0.13,1.35
Alan Wake,2010-05-14, Remedy Entertainment,3.6,702000,702000,Adventure,6200,96000,2000,741000,12110,PC,Nordic Games,0.0,0.06,0.0,0.01,0.07
Alan Wake,2010-05-14,Microsoft Game Studios,3.6,702000,702000, Shooter,6200,96000,2000,741000,1444,X360,Microsoft Game Studios,0.66,0.51,0.05,0.13,1.35
Alan Wake,2010-05-14,Microsoft Game Studios,3.6,702000,702000, Shooter,6200,96000,2000,741000,12110,PC,Nordic Games,0.0,0.06,0.0,0.01,0.07
Alan Wake,2010-05-14, Remedy Entertainment,3.6,702000,702000, Shooter,6200,96000,2000,741000,1444,X360,Microsoft Game Studios,0.66,0.51,0.05,0.13,1.35
Alan Wake,2010-05-14, Remedy Entertainment,3.6,702000,702000, Shooter,6200,96000,2000,741000,12110,PC,Nordic Games,0.0,0.06,0.0,0.01,0.07
Animal Crossing: New Leaf,2012-11-08,Nintendo,4.0,813000,813000,Simulator,9900,156000,586000,383000,74,3DS,Nintendo,2.01,2.32,4.36,0.41,9.09
Animal Crossing: New Leaf,2012-11-08, Nintendo EAD Group No. 2,4.0,813000,813000,Simulator,9900,156000,586000,383000,74,3DS,Nintendo,2.01,2.32,4.36,0.41,9.09
Sonic Adventure 2,2001-06-23,Sega,3.6,842000,842000,Adventure,5100,89000,1000,342000,9844,DC,Sega,0.0,0.0,0.12,0.0,0.12
Sonic Adventure 2,2001-06-23, Sonic Team USA,3.6,842000,842000,Adventure,5100,89000,1000,342000,9844,DC,Sega,0.0,0.0,0.12,0.0,0.12
Sonic Adventure 2,2001-06-23,Sega,3.6,842000,842000, Platform,5100,89000,1000,342000,9844,DC,Sega,0.0,0.0,0.12,0.0,0.12
Sonic Adventure 2,2001-06-23, Sonic Team USA,3.6,842000,842000, Platform,5100,89000,1000,342000,9844,DC,Sega,0.0,0.0,0.12,0.0,0.12
Kirby's Dream Land,1992-04-27,HAL Laboratory,3.2,691000,691000,Platform,5300,22000,411000,178000,192,GB,Nintendo,2.71,0.61,1.7,0.11,5.13
Kirby's Dream Land,1992-04-27, Nintendo,3.2,691000,691000,Platform,5300,22000,411000,178000,192,GB,Nintendo,2.71,0.61,1.7,0.11,5.13
Mario Kart 8,2014-05-29,Nintendo,3.9,643000,643000,Arcade,9300,40000,225000,121000,109,WiiU,Nintendo,3.13,2.07,1.27,0.49,6.96
Mario Kart 8,2014-05-29, Nintendo EAD Group No. 1,3.9,643000,643000,Arcade,9300,40000,225000,121000,109,WiiU,Nintendo,3.13,2.07,1.27,0.49,6.96
Mario Kart 8,2014-05-29,Nintendo,3.9,643000,643000, Racing,9300,40000,225000,121000,109,WiiU,Nintendo,3.13,2.07,1.27,0.49,6.96
Mario Kart 8,2014-05-29, Nintendo EAD Group No. 1,3.9,643000,643000, Racing,9300,40000,225000,121000,109,WiiU,Nintendo,3.13,2.07,1.27,0.49,6.96
Xenoblade Chronicles,2010-06-10,Nintendo,4.2,828000,828000,Adventure,3900,142000,1300,732000,2109,Wii,Nintendo,0.49,0.26,0.16,0.08,0.98
Xenoblade Chronicles,2010-06-10,Nintendo,4.2,828000,828000,Adventure,3900,142000,1300,732000,3595,3DS,Nintendo,0.26,0.14,0.12,0.04,0.56
Xenoblade Chronicles,2010-06-10, Monolith Soft,4.2,828000,828000,Adventure,3900,142000,1300,732000,2109,Wii,Nintendo,0.49,0.26,0.16,0.08,0.98
Xenoblade Chronicles,2010-06-10, Monolith Soft,4.2,828000,828000,Adventure,3900,142000,1300,732000,3595,3DS,Nintendo,0.26,0.14,0.12,0.04,0.56
Xenoblade Chronicles,2010-06-10,Nintendo,4.2,828000,828000, RPG,3900,142000,1300,732000,2109,Wii,Nintendo,0.49,0.26,0.16,0.08,0.98
Xenoblade Chronicles,2010-06-10,Nintendo,4.2,828000,828000, RPG,3900,142000,1300,732000,3595,3DS,Nintendo,0.26,0.14,0.12,0.04,0.56
Xenoblade Chronicles,2010-06-10, Monolith Soft,4.2,828000,828000, RPG,3900,142000,1300,732000,2109,Wii,Nintendo,0.49,0.26,0.16,0.08,0.98
Xenoblade Chronicles,2010-06-10, Monolith Soft,4.2,828000,828000, RPG,3900,142000,1300,732000,3595,3DS,Nintendo,0.26,0.14,0.12,0.04,0.56
Saints Row: The Third,2011-11-15,Volition,3.4,482000,482000,Adventure,9400,74000,879000,210000,544,X360,THQ,1.25,1.15,0.07,0.3,2.77
Saints Row: The Third,2011-11-15,Volition,3.4,482000,482000,Adventure,9400,74000,879000,210000,617,PS3,THQ,0.86,1.06,0.18,0.39,2.49
Saints Row: The Third,2011-11-15,Volition,3.4,482000,482000,Adventure,9400,74000,879000,210000,5059,PC,THQ,0.16,0.16,0.0,0.06,0.38
Saints Row: The Third,2011-11-15, THQ,3.4,482000,482000,Adventure,9400,74000,879000,210000,544,X360,THQ,1.25,1.15,0.07,0.3,2.77
Saints Row: The Third,2011-11-15, THQ,3.4,482000,482000,Adventure,9400,74000,879000,210000,617,PS3,THQ,0.86,1.06,0.18,0.39,2.49
Saints Row: The Third,2011-11-15, THQ,3.4,482000,482000,Adventure,9400,74000,879000,210000,5059,PC,THQ,0.16,0.16,0.0,0.06,0.38
Saints Row: The Third,2011-11-15,Volition,3.4,482000,482000, Racing,9400,74000,879000,210000,544,X360,THQ,1.25,1.15,0.07,0.3,2.77
Saints Row: The Third,2011-11-15,Volition,3.4,482000,482000, Racing,9400,74000,879000,210000,617,PS3,THQ,0.86,1.06,0.18,0.39,2.49
Saints Row: The Third,2011-11-15,Volition,3.4,482000,482000, Racing,9400,74000,879000,210000,5059,PC,THQ,0.16,0.16,0.0,0.06,0.38
Saints Row: The Third,2011-11-15, THQ,3.4,482000,482000, Racing,9400,74000,879000,210000,544,X360,THQ,1.25,1.15,0.07,0.3,2.77
Saints Row: The Third,2011-11-15, THQ,3.4,482000,482000, Racing,9400,74000,879000,210000,617,PS3,THQ,0.86,1.06,0.18,0.39,2.49
Saints Row: The Third,2011-11-15, THQ,3.4,482000,482000, Racing,9400,74000,879000,210000,5059,PC,THQ,0.16,0.16,0.0,0.06,0.38
Saints Row: The Third,2011-11-15,Volition,3.4,482000,482000, Shooter,9400,74000,879000,210000,544,X360,THQ,1.25,1.15,0.07,0.3,2.77
Saints Row: The Third,2011-11-15,Volition,3.4,482000,482000, Shooter,9400,74000,879000,210000,617,PS3,THQ,0.86,1.06,0.18,0.39,2.49
Saints Row: The Third,2011-11-15,Volition,3.4,482000,482000, Shooter,9400,74000,879000,210000,5059,PC,THQ,0.16,0.16,0.0,0.06,0.38
Saints Row: The Third,2011-11-15, THQ,3.4,482000,482000, Shooter,9400,74000,879000,210000,544,X360,THQ,1.25,1.15,0.07,0.3,2.77
Saints Row: The Third,2011-11-15, THQ,3.4,482000,482000, Shooter,9400,74000,879000,210000,617,PS3,THQ,0.86,1.06,0.18,0.39,2.49
Saints Row: The Third,2011-11-15, THQ,3.4,482000,482000, Shooter,9400,74000,879000,210000,5059,PC,THQ,0.16,0.16,0.0,0.06,0.38
Left 4 Dead,2008-11-17,Certain Affinity,3.6,488000,488000,Shooter,8600,35000,772000,213000,370,X360,Electronic Arts,2.66,0.5,0.05,0.3,3.52
Left 4 Dead,2008-11-17,Certain Affinity,3.6,488000,488000,Shooter,8600,35000,772000,213000,15092,PC,Electronic Arts,0.0,0.02,0.0,0.0,0.02
Left 4 Dead,2008-11-17, Valve,3.6,488000,488000,Shooter,8600,35000,772000,213000,370,X360,Electronic Arts,2.66,0.5,0.05,0.3,3.52
Left 4 Dead,2008-11-17, Valve,3.6,488000,488000,Shooter,8600,35000,772000,213000,15092,PC,Electronic Arts,0.0,0.02,0.0,0.0,0.02
Drakengard 3,2013-12-19,Access Games,3.8,503000,503000,Adventure,1900,128000,1400,946000,5869,PS3,Square Enix,0.1,0.0,0.19,0.02,0.3
Drakengard 3,2013-12-19, Square Enix,3.8,503000,503000,Adventure,1900,128000,1400,946000,5869,PS3,Square Enix,0.1,0.0,0.19,0.02,0.3
Drakengard 3,2013-12-19,Access Games,3.8,503000,503000, Brawler,1900,128000,1400,946000,5869,PS3,Square Enix,0.1,0.0,0.19,0.02,0.3
Drakengard 3,2013-12-19, Square Enix,3.8,503000,503000, Brawler,1900,128000,1400,946000,5869,PS3,Square Enix,0.1,0.0,0.19,0.02,0.3
Drakengard 3,2013-12-19,Access Games,3.8,503000,503000, RPG,1900,128000,1400,946000,5869,PS3,Square Enix,0.1,0.0,0.19,0.02,0.3
Drakengard 3,2013-12-19, Square Enix,3.8,503000,503000, RPG,1900,128000,1400,946000,5869,PS3,Square Enix,0.1,0.0,0.19,0.02,0.3
Drakengard 3,2013-12-19,Access Games,3.8,503000,503000, Strategy,1900,128000,1400,946000,5869,PS3,Square Enix,0.1,0.0,0.19,0.02,0.3
Drakengard 3,2013-12-19, Square Enix,3.8,503000,503000, Strategy,1900,128000,1400,946000,5869,PS3,Square Enix,0.1,0.0,0.19,0.02,0.3
Mega Man,1987-12-17,Capcom,2.8,639000,639000,Adventure,5400,26000,452000,152000,2549,NES,Capcom,0.45,0.08,0.27,0.01,0.81
Mega Man,1987-12-17,Capcom,2.8,639000,639000, Platform,5400,26000,452000,152000,2549,NES,Capcom,0.45,0.08,0.27,0.01,0.81
Sonic CD,1993-09-23,Sonic Team,3.4,629000,629000,Platform,4900,43000,656000,223000,1263,SCD,Sega,1.0,0.36,0.09,0.05,1.5
Sonic CD,1993-09-23, Sega,3.4,629000,629000,Platform,4900,43000,656000,223000,1263,SCD,Sega,1.0,0.36,0.09,0.05,1.5
Mario Kart: Double Dash!!,2003-11-07,Nintendo EAD,3.9,808000,808000,Racing,8400,31000,449000,265000,111,GC,Nintendo,4.12,1.77,0.87,0.19,6.95
Mario Kart: Double Dash!!,2003-11-07, Nintendo,3.9,808000,808000,Racing,8400,31000,449000,265000,111,GC,Nintendo,4.12,1.77,0.87,0.19,6.95
Rayman Origins,2011-11-15,Ubisoft Montpellier,3.8,547000,547000,Adventure,6200,85000,1200,417000,2018,PS3,Ubisoft,0.33,0.51,0.01,0.18,1.03
Rayman Origins,2011-11-15,Ubisoft Montpellier,3.8,547000,547000,Adventure,6200,85000,1200,417000,2601,X360,Ubisoft,0.38,0.34,0.0,0.08,0.79
Rayman Origins,2011-11-15,Ubisoft Montpellier,3.8,547000,547000,Adventure,6200,85000,1200,417000,3386,PSV,Ubisoft,0.13,0.35,0.0,0.11,0.59
Rayman Origins,2011-11-15,Ubisoft Montpellier,3.8,547000,547000,Adventure,6200,85000,1200,417000,3457,Wii,Ubisoft,0.23,0.29,0.0,0.07,0.58
Rayman Origins,2011-11-15,Ubisoft Montpellier,3.8,547000,547000,Adventure,6200,85000,1200,417000,8953,3DS,Ubisoft,0.06,0.08,0.0,0.01,0.15
Rayman Origins,2011-11-15,Ubisoft Montpellier,3.8,547000,547000,Adventure,6200,85000,1200,417000,11605,PC,Ubisoft,0.0,0.06,0.0,0.01,0.08
Rayman Origins,2011-11-15, Ubisoft Entertainment,3.8,547000,547000,Adventure,6200,85000,1200,417000,2018,PS3,Ubisoft,0.33,0.51,0.01,0.18,1.03
Rayman Origins,2011-11-15, Ubisoft Entertainment,3.8,547000,547000,Adventure,6200,85000,1200,417000,2601,X360,Ubisoft,0.38,0.34,0.0,0.08,0.79
Rayman Origins,2011-11-15, Ubisoft Entertainment,3.8,547000,547000,Adventure,6200,85000,1200,417000,3386,PSV,Ubisoft,0.13,0.35,0.0,0.11,0.59
Rayman Origins,2011-11-15, Ubisoft Entertainment,3.8,547000,547000,Adventure,6200,85000,1200,417000,3457,Wii,Ubisoft,0.23,0.29,0.0,0.07,0.58
Rayman Origins,2011-11-15, Ubisoft Entertainment,3.8,547000,547000,Adventure,6200,85000,1200,417000,8953,3DS,Ubisoft,0.06,0.08,0.0,0.01,0.15
Rayman Origins,2011-11-15, Ubisoft Entertainment,3.8,547000,547000,Adventure,6200,85000,1200,417000,11605,PC,Ubisoft,0.0,0.06,0.0,0.01,0.08
Rayman Origins,2011-11-15,Ubisoft Montpellier,3.8,547000,547000, Platform,6200,85000,1200,417000,2018,PS3,Ubisoft,0.33,0.51,0.01,0.18,1.03
Rayman Origins,2011-11-15,Ubisoft Montpellier,3.8,547000,547000, Platform,6200,85000,1200,417000,2601,X360,Ubisoft,0.38,0.34,0.0,0.08,0.79
Rayman Origins,2011-11-15,Ubisoft Montpellier,3.8,547000,547000, Platform,6200,85000,1200,417000,3386,PSV,Ubisoft,0.13,0.35,0.0,0.11,0.59
Rayman Origins,2011-11-15,Ubisoft Montpellier,3.8,547000,547000, Platform,6200,85000,1200,417000,3457,Wii,Ubisoft,0.23,0.29,0.0,0.07,0.58
Rayman Origins,2011-11-15,Ubisoft Montpellier,3.8,547000,547000, Platform,6200,85000,1200,417000,8953,3DS,Ubisoft,0.06,0.08,0.0,0.01,0.15
Rayman Origins,2011-11-15,Ubisoft Montpellier,3.8,547000,547000, Platform,6200,85000,1200,417000,11605,PC,Ubisoft,0.0,0.06,0.0,0.01,0.08
Rayman Origins,2011-11-15, Ubisoft Entertainment,3.8,547000,547000, Platform,6200,85000,1200,417000,2018,PS3,Ubisoft,0.33,0.51,0.01,0.18,1.03
Rayman Origins,2011-11-15, Ubisoft Entertainment,3.8,547000,547000, Platform,6200,85000,1200,417000,2601,X360,Ubisoft,0.38,0.34,0.0,0.08,0.79
Rayman Origins,2011-11-15, Ubisoft Entertainment,3.8,547000,547000, Platform,6200,85000,1200,417000,3386,PSV,Ubisoft,0.13,0.35,0.0,0.11,0.59
Rayman Origins,2011-11-15, Ubisoft Entertainment,3.8,547000,547000, Platform,6200,85000,1200,417000,3457,Wii,Ubisoft,0.23,0.29,0.0,0.07,0.58
Rayman Origins,2011-11-15, Ubisoft Entertainment,3.8,547000,547000, Platform,6200,85000,1200,417000,8953,3DS,Ubisoft,0.06,0.08,0.0,0.01,0.15
Rayman Origins,2011-11-15, Ubisoft Entertainment,3.8,547000,547000, Platform,6200,85000,1200,417000,11605,PC,Ubisoft,0.0,0.06,0.0,0.01,0.08
Max Payne 3,2012-05-15,Rockstar Games,3.7,593000,593000,Shooter,5600,43000,1000,518000,910,PS3,Take-Two Interactive,0.59,0.92,0.06,0.32,1.9
Max Payne 3,2012-05-15,Rockstar Games,3.7,593000,593000,Shooter,5600,43000,1000,518000,1103,X360,Take-Two Interactive,0.86,0.64,0.01,0.14,1.66
Max Payne 3,2012-05-15,Rockstar Games,3.7,593000,593000,Shooter,5600,43000,1000,518000,4535,PC,Take-Two Interactive,0.15,0.22,0.0,0.06,0.43
Max Payne 3,2012-05-15, Rockstar Vancouver,3.7,593000,593000,Shooter,5600,43000,1000,518000,910,PS3,Take-Two Interactive,0.59,0.92,0.06,0.32,1.9
Max Payne 3,2012-05-15, Rockstar Vancouver,3.7,593000,593000,Shooter,5600,43000,1000,518000,1103,X360,Take-Two Interactive,0.86,0.64,0.01,0.14,1.66
Max Payne 3,2012-05-15, Rockstar Vancouver,3.7,593000,593000,Shooter,5600,43000,1000,518000,4535,PC,Take-Two Interactive,0.15,0.22,0.0,0.06,0.43
Kirby: Planet Robobot,2016-04-28,HAL Laboratory,4.2,669000,669000,Adventure,3600,82000,1000,644000,2450,3DS,Nintendo,0.26,0.1,0.44,0.04,0.85
Kirby: Planet Robobot,2016-04-28, Nintendo,4.2,669000,669000,Adventure,3600,82000,1000,644000,2450,3DS,Nintendo,0.26,0.1,0.44,0.04,0.85
Kirby: Planet Robobot,2016-04-28,HAL Laboratory,4.2,669000,669000, Platform,3600,82000,1000,644000,2450,3DS,Nintendo,0.26,0.1,0.44,0.04,0.85
Kirby: Planet Robobot,2016-04-28, Nintendo,4.2,669000,669000, Platform,3600,82000,1000,644000,2450,3DS,Nintendo,0.26,0.1,0.44,0.04,0.85
Persona 2: Eternal Punishment,2000-06-29,Atlus,4.1,594000,594000,Adventure,1600,107000,2000,993000,5296,PS,Atlus,0.03,0.02,0.28,0.02,0.35
Persona 2: Eternal Punishment,2000-06-29,Atlus,4.1,594000,594000,Adventure,1600,107000,2000,993000,12951,PSP,Atlus,0.0,0.0,0.05,0.0,0.05
Persona 2: Eternal Punishment,2000-06-29,Atlus,4.1,594000,594000, RPG,1600,107000,2000,993000,5296,PS,Atlus,0.03,0.02,0.28,0.02,0.35
Persona 2: Eternal Punishment,2000-06-29,Atlus,4.1,594000,594000, RPG,1600,107000,2000,993000,12951,PSP,Atlus,0.0,0.0,0.05,0.0,0.05
Super Paper Mario,2007-04-09,Nintendo,3.8,688000,688000,Adventure,6200,76000,1500,572000,330,Wii,Nintendo,1.98,0.88,0.59,0.32,3.76
Super Paper Mario,2007-04-09, Intelligent Systems,3.8,688000,688000,Adventure,6200,76000,1500,572000,330,Wii,Nintendo,1.98,0.88,0.59,0.32,3.76
Super Paper Mario,2007-04-09,Nintendo,3.8,688000,688000, Platform,6200,76000,1500,572000,330,Wii,Nintendo,1.98,0.88,0.59,0.32,3.76
Super Paper Mario,2007-04-09, Intelligent Systems,3.8,688000,688000, Platform,6200,76000,1500,572000,330,Wii,Nintendo,1.98,0.88,0.59,0.32,3.76
Super Paper Mario,2007-04-09,Nintendo,3.8,688000,688000, RPG,6200,76000,1500,572000,330,Wii,Nintendo,1.98,0.88,0.59,0.32,3.76
Super Paper Mario,2007-04-09, Intelligent Systems,3.8,688000,688000, RPG,6200,76000,1500,572000,330,Wii,Nintendo,1.98,0.88,0.59,0.32,3.76
Star Wars: Battlefront II,2005-10-31,Pandemic Studios,4.0,650000,650000,Shooter,7700,35000,520000,189000,358,PS2,LucasArts,2.18,1.02,0.03,0.37,3.59
Star Wars: Battlefront II,2005-10-31,Pandemic Studios,4.0,650000,650000,Shooter,7700,35000,520000,189000,1090,XB,Activision,1.22,0.39,0.0,0.06,1.67
Star Wars: Battlefront II,2005-10-31,Pandemic Studios,4.0,650000,650000,Shooter,7700,35000,520000,189000,1629,PSP,LucasArts,1.05,0.06,0.01,0.11,1.23
Star Wars: Battlefront II,2005-10-31,Pandemic Studios,4.0,650000,650000,Shooter,7700,35000,520000,189000,8188,PC,LucasArts,0.02,0.13,0.0,0.03,0.18
Star Wars: Battlefront II,2005-10-31, LucasArts,4.0,650000,650000,Shooter,7700,35000,520000,189000,358,PS2,LucasArts,2.18,1.02,0.03,0.37,3.59
Star Wars: Battlefront II,2005-10-31, LucasArts,4.0,650000,650000,Shooter,7700,35000,520000,189000,1090,XB,Activision,1.22,0.39,0.0,0.06,1.67
Star Wars: Battlefront II,2005-10-31, LucasArts,4.0,650000,650000,Shooter,7700,35000,520000,189000,1629,PSP,LucasArts,1.05,0.06,0.01,0.11,1.23
Star Wars: Battlefront II,2005-10-31, LucasArts,4.0,650000,650000,Shooter,7700,35000,520000,189000,8188,PC,LucasArts,0.02,0.13,0.0,0.03,0.18
Super Castlevania IV,1991-10-31,Konami,3.7,627000,627000,Adventure,3700,45000,863000,271000,3206,SNES,Konami Digital Entertainment,0.32,0.05,0.25,0.01,0.63
Super Castlevania IV,1991-10-31,Konami,3.7,627000,627000, Platform,3700,45000,863000,271000,3206,SNES,Konami Digital Entertainment,0.32,0.05,0.25,0.01,0.63
Brothers: A Tale of Two Sons,2013-08-07,Starbreeze Studios,3.5,511000,511000,Adventure,4000,28000,1300,334000,9513,PS4,505 Games,0.03,0.08,0.0,0.02,0.13
Brothers: A Tale of Two Sons,2013-08-07,Starbreeze Studios,3.5,511000,511000,Adventure,4000,28000,1300,334000,13860,XOne,505 Games,0.03,0.01,0.0,0.0,0.04
Brothers: A Tale of Two Sons,2013-08-07, Spike ChunSoft,3.5,511000,511000,Adventure,4000,28000,1300,334000,9513,PS4,505 Games,0.03,0.08,0.0,0.02,0.13
Brothers: A Tale of Two Sons,2013-08-07, Spike ChunSoft,3.5,511000,511000,Adventure,4000,28000,1300,334000,13860,XOne,505 Games,0.03,0.01,0.0,0.0,0.04
Brothers: A Tale of Two Sons,2013-08-07,Starbreeze Studios,3.5,511000,511000, Indie,4000,28000,1300,334000,9513,PS4,505 Games,0.03,0.08,0.0,0.02,0.13
Brothers: A Tale of Two Sons,2013-08-07,Starbreeze Studios,3.5,511000,511000, Indie,4000,28000,1300,334000,13860,XOne,505 Games,0.03,0.01,0.0,0.0,0.04
Brothers: A Tale of Two Sons,2013-08-07, Spike ChunSoft,3.5,511000,511000, Indie,4000,28000,1300,334000,9513,PS4,505 Games,0.03,0.08,0.0,0.02,0.13
Brothers: A Tale of Two Sons,2013-08-07, Spike ChunSoft,3.5,511000,511000, Indie,4000,28000,1300,334000,13860,XOne,505 Games,0.03,0.01,0.0,0.0,0.04
Brothers: A Tale of Two Sons,2013-08-07,Starbreeze Studios,3.5,511000,511000, Puzzle,4000,28000,1300,334000,9513,PS4,505 Games,0.03,0.08,0.0,0.02,0.13
Brothers: A Tale of Two Sons,2013-08-07,Starbreeze Studios,3.5,511000,511000, Puzzle,4000,28000,1300,334000,13860,XOne,505 Games,0.03,0.01,0.0,0.0,0.04
Brothers: A Tale of Two Sons,2013-08-07, Spike ChunSoft,3.5,511000,511000, Puzzle,4000,28000,1300,334000,9513,PS4,505 Games,0.03,0.08,0.0,0.02,0.13
Brothers: A Tale of Two Sons,2013-08-07, Spike ChunSoft,3.5,511000,511000, Puzzle,4000,28000,1300,334000,13860,XOne,505 Games,0.03,0.01,0.0,0.0,0.04
GoldenEye 007,1997-08-23,Nintendo,3.6,610000,610000,Shooter,4500,60000,646000,334000,85,N64,Nintendo,5.8,2.01,0.13,0.15,8.09
GoldenEye 007,1997-08-23, Rare,3.6,610000,610000,Shooter,4500,60000,646000,334000,85,N64,Nintendo,5.8,2.01,0.13,0.15,8.09
Metroid Prime 2: Echoes,2004-11-15,Retro Studios,4.0,606000,606000,Adventure,3000,75000,1800,588000,1478,GC,Nintendo,0.87,0.35,0.07,0.04,1.33
Metroid Prime 2: Echoes,2004-11-15, Nintendo,4.0,606000,606000,Adventure,3000,75000,1800,588000,1478,GC,Nintendo,0.87,0.35,0.07,0.04,1.33
Metroid Prime 2: Echoes,2004-11-15,Retro Studios,4.0,606000,606000, Platform,3000,75000,1800,588000,1478,GC,Nintendo,0.87,0.35,0.07,0.04,1.33
Metroid Prime 2: Echoes,2004-11-15, Nintendo,4.0,606000,606000, Platform,3000,75000,1800,588000,1478,GC,Nintendo,0.87,0.35,0.07,0.04,1.33
Metroid Prime 2: Echoes,2004-11-15,Retro Studios,4.0,606000,606000, Shooter,3000,75000,1800,588000,1478,GC,Nintendo,0.87,0.35,0.07,0.04,1.33
Metroid Prime 2: Echoes,2004-11-15, Nintendo,4.0,606000,606000, Shooter,3000,75000,1800,588000,1478,GC,Nintendo,0.87,0.35,0.07,0.04,1.33
Saints Row IV,2013-08-19,Volition,3.1,386000,386000,Adventure,7200,64000,775000,176000,1062,X360,Deep Silver,1.01,0.53,0.01,0.14,1.69
Saints Row IV,2013-08-19,Volition,3.1,386000,386000,Adventure,7200,64000,775000,176000,1519,PS3,Deep Silver,0.56,0.44,0.09,0.21,1.3
Saints Row IV,2013-08-19,Volition,3.1,386000,386000,Adventure,7200,64000,775000,176000,4977,PS4,Deep Silver,0.13,0.17,0.03,0.06,0.38
Saints Row IV,2013-08-19,Volition,3.1,386000,386000,Adventure,7200,64000,775000,176000,7609,XOne,Deep Silver,0.1,0.09,0.0,0.02,0.2
Saints Row IV,2013-08-19,Volition,3.1,386000,386000,Adventure,7200,64000,775000,176000,7874,PC,Deep Silver,0.11,0.06,0.0,0.02,0.19
Saints Row IV,2013-08-19, Deep Silver,3.1,386000,386000,Adventure,7200,64000,775000,176000,1062,X360,Deep Silver,1.01,0.53,0.01,0.14,1.69
Saints Row IV,2013-08-19, Deep Silver,3.1,386000,386000,Adventure,7200,64000,775000,176000,1519,PS3,Deep Silver,0.56,0.44,0.09,0.21,1.3
Saints Row IV,2013-08-19, Deep Silver,3.1,386000,386000,Adventure,7200,64000,775000,176000,4977,PS4,Deep Silver,0.13,0.17,0.03,0.06,0.38
Saints Row IV,2013-08-19, Deep Silver,3.1,386000,386000,Adventure,7200,64000,775000,176000,7609,XOne,Deep Silver,0.1,0.09,0.0,0.02,0.2
Saints Row IV,2013-08-19, Deep Silver,3.1,386000,386000,Adventure,7200,64000,775000,176000,7874,PC,Deep Silver,0.11,0.06,0.0,0.02,0.19
Saints Row IV,2013-08-19,Volition,3.1,386000,386000, Shooter,7200,64000,775000,176000,1062,X360,Deep Silver,1.01,0.53,0.01,0.14,1.69
Saints Row IV,2013-08-19,Volition,3.1,386000,386000, Shooter,7200,64000,775000,176000,1519,PS3,Deep Silver,0.56,0.44,0.09,0.21,1.3
Saints Row IV,2013-08-19,Volition,3.1,386000,386000, Shooter,7200,64000,775000,176000,4977,PS4,Deep Silver,0.13,0.17,0.03,0.06,0.38
Saints Row IV,2013-08-19,Volition,3.1,386000,386000, Shooter,7200,64000,775000,176000,7609,XOne,Deep Silver,0.1,0.09,0.0,0.02,0.2
Saints Row IV,2013-08-19,Volition,3.1,386000,386000, Shooter,7200,64000,775000,176000,7874,PC,Deep Silver,0.11,0.06,0.0,0.02,0.19
Saints Row IV,2013-08-19, Deep Silver,3.1,386000,386000, Shooter,7200,64000,775000,176000,1062,X360,Deep Silver,1.01,0.53,0.01,0.14,1.69
Saints Row IV,2013-08-19, Deep Silver,3.1,386000,386000, Shooter,7200,64000,775000,176000,1519,PS3,Deep Silver,0.56,0.44,0.09,0.21,1.3
Saints Row IV,2013-08-19, Deep Silver,3.1,386000,386000, Shooter,7200,64000,775000,176000,4977,PS4,Deep Silver,0.13,0.17,0.03,0.06,0.38
Saints Row IV,2013-08-19, Deep Silver,3.1,386000,386000, Shooter,7200,64000,775000,176000,7609,XOne,Deep Silver,0.1,0.09,0.0,0.02,0.2
Saints Row IV,2013-08-19, Deep Silver,3.1,386000,386000, Shooter,7200,64000,775000,176000,7874,PC,Deep Silver,0.11,0.06,0.0,0.02,0.19
Chrono Cross,1999-11-18,Square,4.0,554000,554000,RPG,1700,60000,1500,768000,934,PS,SquareSoft,0.62,0.42,0.69,0.12,1.86
Fire Emblem: Path of Radiance,2005-04-20,Intelligent Systems Co.,4.2,703000,703000,RPG,2900,155000,1500,716000,3725,GC,Nintendo,0.29,0.08,0.16,0.01,0.54
Fire Emblem: Path of Radiance,2005-04-20, Ltd.,4.2,703000,703000,RPG,2900,155000,1500,716000,3725,GC,Nintendo,0.29,0.08,0.16,0.01,0.54
Fire Emblem: Path of Radiance,2005-04-20, Nintendo,4.2,703000,703000,RPG,2900,155000,1500,716000,3725,GC,Nintendo,0.29,0.08,0.16,0.01,0.54
Fire Emblem: Path of Radiance,2005-04-20,Intelligent Systems Co.,4.2,703000,703000, Strategy,2900,155000,1500,716000,3725,GC,Nintendo,0.29,0.08,0.16,0.01,0.54
Fire Emblem: Path of Radiance,2005-04-20, Ltd.,4.2,703000,703000, Strategy,2900,155000,1500,716000,3725,GC,Nintendo,0.29,0.08,0.16,0.01,0.54
Fire Emblem: Path of Radiance,2005-04-20, Nintendo,4.2,703000,703000, Strategy,2900,155000,1500,716000,3725,GC,Nintendo,0.29,0.08,0.16,0.01,0.54
Fire Emblem: Path of Radiance,2005-04-20,Intelligent Systems Co.,4.2,703000,703000, Tactical,2900,155000,1500,716000,3725,GC,Nintendo,0.29,0.08,0.16,0.01,0.54
Fire Emblem: Path of Radiance,2005-04-20, Ltd.,4.2,703000,703000, Tactical,2900,155000,1500,716000,3725,GC,Nintendo,0.29,0.08,0.16,0.01,0.54
Fire Emblem: Path of Radiance,2005-04-20, Nintendo,4.2,703000,703000, Tactical,2900,155000,1500,716000,3725,GC,Nintendo,0.29,0.08,0.16,0.01,0.54
Fire Emblem: Path of Radiance,2005-04-20,Intelligent Systems Co.,4.2,703000,703000, Turn Based Strategy,2900,155000,1500,716000,3725,GC,Nintendo,0.29,0.08,0.16,0.01,0.54
Fire Emblem: Path of Radiance,2005-04-20, Ltd.,4.2,703000,703000, Turn Based Strategy,2900,155000,1500,716000,3725,GC,Nintendo,0.29,0.08,0.16,0.01,0.54
Fire Emblem: Path of Radiance,2005-04-20, Nintendo,4.2,703000,703000, Turn Based Strategy,2900,155000,1500,716000,3725,GC,Nintendo,0.29,0.08,0.16,0.01,0.54
Professor Layton and the Curious Village,2007-02-15,Nintendo,3.7,439000,439000,Point-and-Click,4200,128000,879000,407000,178,DS,Nintendo,1.22,2.48,1.03,0.52,5.26
Professor Layton and the Curious Village,2007-02-15, Level-5,3.7,439000,439000,Point-and-Click,4200,128000,879000,407000,178,DS,Nintendo,1.22,2.48,1.03,0.52,5.26
Professor Layton and the Curious Village,2007-02-15,Nintendo,3.7,439000,439000, Puzzle,4200,128000,879000,407000,178,DS,Nintendo,1.22,2.48,1.03,0.52,5.26
Professor Layton and the Curious Village,2007-02-15, Level-5,3.7,439000,439000, Puzzle,4200,128000,879000,407000,178,DS,Nintendo,1.22,2.48,1.03,0.52,5.26
Professor Layton and the Curious Village,2007-02-15,Nintendo,3.7,439000,439000, Visual Novel,4200,128000,879000,407000,178,DS,Nintendo,1.22,2.48,1.03,0.52,5.26
Professor Layton and the Curious Village,2007-02-15, Level-5,3.7,439000,439000, Visual Novel,4200,128000,879000,407000,178,DS,Nintendo,1.22,2.48,1.03,0.52,5.26
Ys VIII: Lacrimosa of Dana,2016-07-21,NIS America,4.2,620000,620000,Adventure,1900,131000,1100,575000,11244,PSV,Nihon Falcom Corporation,0.0,0.0,0.09,0.0,0.09
Ys VIII: Lacrimosa of Dana,2016-07-21, Nihon Falcom,4.2,620000,620000,Adventure,1900,131000,1100,575000,11244,PSV,Nihon Falcom Corporation,0.0,0.0,0.09,0.0,0.09
Ys VIII: Lacrimosa of Dana,2016-07-21,NIS America,4.2,620000,620000, RPG,1900,131000,1100,575000,11244,PSV,Nihon Falcom Corporation,0.0,0.0,0.09,0.0,0.09
Ys VIII: Lacrimosa of Dana,2016-07-21, Nihon Falcom,4.2,620000,620000, RPG,1900,131000,1100,575000,11244,PSV,Nihon Falcom Corporation,0.0,0.0,0.09,0.0,0.09
Hotel Dusk: Room 215,2007-01-22,Nintendo,4.0,439000,439000,Adventure,1600,87000,1300,838000,3578,DS,Nintendo,0.27,0.05,0.22,0.03,0.56
Hotel Dusk: Room 215,2007-01-22, Cing,4.0,439000,439000,Adventure,1600,87000,1300,838000,3578,DS,Nintendo,0.27,0.05,0.22,0.03,0.56
Hotel Dusk: Room 215,2007-01-22,Nintendo,4.0,439000,439000, Point-and-Click,1600,87000,1300,838000,3578,DS,Nintendo,0.27,0.05,0.22,0.03,0.56
Hotel Dusk: Room 215,2007-01-22, Cing,4.0,439000,439000, Point-and-Click,1600,87000,1300,838000,3578,DS,Nintendo,0.27,0.05,0.22,0.03,0.56
Hotel Dusk: Room 215,2007-01-22,Nintendo,4.0,439000,439000, Puzzle,1600,87000,1300,838000,3578,DS,Nintendo,0.27,0.05,0.22,0.03,0.56
Hotel Dusk: Room 215,2007-01-22, Cing,4.0,439000,439000, Puzzle,1600,87000,1300,838000,3578,DS,Nintendo,0.27,0.05,0.22,0.03,0.56
Hotel Dusk: Room 215,2007-01-22,Nintendo,4.0,439000,439000, Visual Novel,1600,87000,1300,838000,3578,DS,Nintendo,0.27,0.05,0.22,0.03,0.56
Hotel Dusk: Room 215,2007-01-22, Cing,4.0,439000,439000, Visual Novel,1600,87000,1300,838000,3578,DS,Nintendo,0.27,0.05,0.22,0.03,0.56
Shin Megami Tensei: Persona,2009-10-22,Atlus,2.9,416000,416000,RPG,2500,161000,1600,797000,7276,PSP,Atlus,0.08,0.0,0.13,0.01,0.22
God of War: Chains of Olympus,2008-03-04,Sony Computer Entertainment,3.2,396000,396000,Adventure,4000,31000,599000,300000,426,PSP,Sony Computer Entertainment,1.48,1.01,0.04,0.66,3.19
God of War: Chains of Olympus,2008-03-04, Inc. (SCEI),3.2,396000,396000,Adventure,4000,31000,599000,300000,426,PSP,Sony Computer Entertainment,1.48,1.01,0.04,0.66,3.19
God of War: Chains of Olympus,2008-03-04, Ready at Dawn,3.2,396000,396000,Adventure,4000,31000,599000,300000,426,PSP,Sony Computer Entertainment,1.48,1.01,0.04,0.66,3.19
God of War: Chains of Olympus,2008-03-04,Sony Computer Entertainment,3.2,396000,396000, Brawler,4000,31000,599000,300000,426,PSP,Sony Computer Entertainment,1.48,1.01,0.04,0.66,3.19
God of War: Chains of Olympus,2008-03-04, Inc. (SCEI),3.2,396000,396000, Brawler,4000,31000,599000,300000,426,PSP,Sony Computer Entertainment,1.48,1.01,0.04,0.66,3.19
God of War: Chains of Olympus,2008-03-04, Ready at Dawn,3.2,396000,396000, Brawler,4000,31000,599000,300000,426,PSP,Sony Computer Entertainment,1.48,1.01,0.04,0.66,3.19
Splatoon,2015-05-28,Nintendo EAD Group No. 2,3.7,509000,509000,Platform,6100,28000,320000,227000,236,WiiU,Nintendo,1.55,1.15,1.44,0.43,4.57
Splatoon,2015-05-28, Nintendo,3.7,509000,509000,Platform,6100,28000,320000,227000,236,WiiU,Nintendo,1.55,1.15,1.44,0.43,4.57
Splatoon,2015-05-28,Nintendo EAD Group No. 2,3.7,509000,509000, Shooter,6100,28000,320000,227000,236,WiiU,Nintendo,1.55,1.15,1.44,0.43,4.57
Splatoon,2015-05-28, Nintendo,3.7,509000,509000, Shooter,6100,28000,320000,227000,236,WiiU,Nintendo,1.55,1.15,1.44,0.43,4.57
Sonic Rush,2005-11-15,Sonic Team,3.6,536000,536000,Platform,4600,61000,671000,292000,438,DS,Sega,1.22,1.57,0.06,0.29,3.15
Sonic Rush,2005-11-15, Sega,3.6,536000,536000,Platform,4600,61000,671000,292000,438,DS,Sega,1.22,1.57,0.06,0.29,3.15
Chrono Trigger,2008-11-20,Square Enix,4.4,295000,295000,Adventure,2400,135000,1300,499000,690,SNES,SquareSoft,0.28,0.0,2.02,0.01,2.31
Chrono Trigger,2008-11-20,Square Enix,4.4,295000,295000,Adventure,2400,135000,1300,499000,1294,DS,Square Enix,0.69,0.2,0.49,0.09,1.47
Street Fighter V,2016-02-15,Capcom,3.0,377000,377000,Arcade,5000,109000,482000,166000,2513,PS4,Capcom,0.35,0.26,0.08,0.13,0.82
Street Fighter V,2016-02-15,Capcom,3.0,377000,377000,Arcade,5000,109000,482000,166000,13046,PC,Capcom,0.0,0.05,0.0,0.0,0.05
Street Fighter V,2016-02-15,Capcom,3.0,377000,377000, Fighting,5000,109000,482000,166000,2513,PS4,Capcom,0.35,0.26,0.08,0.13,0.82
Street Fighter V,2016-02-15,Capcom,3.0,377000,377000, Fighting,5000,109000,482000,166000,13046,PC,Capcom,0.0,0.05,0.0,0.0,0.05
Bully: Scholarship Edition,2008-02-04,Rockstar Games,4.0,330000,330000,Adventure,3900,92000,1000,457000,1924,X360,Take-Two Interactive,0.53,0.4,0.03,0.11,1.07
Bully: Scholarship Edition,2008-02-04,Rockstar Games,4.0,330000,330000,Adventure,3900,92000,1000,457000,3850,Wii,Take-Two Interactive,0.17,0.29,0.0,0.06,0.52
Bully: Scholarship Edition,2008-02-04,Rockstar Games,4.0,330000,330000,Adventure,3900,92000,1000,457000,14797,PC,Take-Two Interactive,0.0,0.02,0.0,0.0,0.03
Bully: Scholarship Edition,2008-02-04, Rockstar Toronto,4.0,330000,330000,Adventure,3900,92000,1000,457000,1924,X360,Take-Two Interactive,0.53,0.4,0.03,0.11,1.07
Bully: Scholarship Edition,2008-02-04, Rockstar Toronto,4.0,330000,330000,Adventure,3900,92000,1000,457000,3850,Wii,Take-Two Interactive,0.17,0.29,0.0,0.06,0.52
Bully: Scholarship Edition,2008-02-04, Rockstar Toronto,4.0,330000,330000,Adventure,3900,92000,1000,457000,14797,PC,Take-Two Interactive,0.0,0.02,0.0,0.0,0.03
Borderlands: The Pre-Sequel,2014-10-14,Take-Two Interactive,2.9,375000,375000,RPG,5300,100000,1900,238000,2759,X360,Take-Two Interactive,0.46,0.22,0.01,0.06,0.75
Borderlands: The Pre-Sequel,2014-10-14,Take-Two Interactive,2.9,375000,375000,RPG,5300,100000,1900,238000,3049,PS3,Take-Two Interactive,0.25,0.26,0.05,0.11,0.67
Borderlands: The Pre-Sequel,2014-10-14,Take-Two Interactive,2.9,375000,375000,RPG,5300,100000,1900,238000,6073,PC,Take-Two Interactive,0.11,0.15,0.0,0.03,0.29
Borderlands: The Pre-Sequel,2014-10-14, Gearbox Software,2.9,375000,375000,RPG,5300,100000,1900,238000,2759,X360,Take-Two Interactive,0.46,0.22,0.01,0.06,0.75
Borderlands: The Pre-Sequel,2014-10-14, Gearbox Software,2.9,375000,375000,RPG,5300,100000,1900,238000,3049,PS3,Take-Two Interactive,0.25,0.26,0.05,0.11,0.67
Borderlands: The Pre-Sequel,2014-10-14, Gearbox Software,2.9,375000,375000,RPG,5300,100000,1900,238000,6073,PC,Take-Two Interactive,0.11,0.15,0.0,0.03,0.29
Borderlands: The Pre-Sequel,2014-10-14,Take-Two Interactive,2.9,375000,375000, Shooter,5300,100000,1900,238000,2759,X360,Take-Two Interactive,0.46,0.22,0.01,0.06,0.75
Borderlands: The Pre-Sequel,2014-10-14,Take-Two Interactive,2.9,375000,375000, Shooter,5300,100000,1900,238000,3049,PS3,Take-Two Interactive,0.25,0.26,0.05,0.11,0.67
Borderlands: The Pre-Sequel,2014-10-14,Take-Two Interactive,2.9,375000,375000, Shooter,5300,100000,1900,238000,6073,PC,Take-Two Interactive,0.11,0.15,0.0,0.03,0.29
Borderlands: The Pre-Sequel,2014-10-14, Gearbox Software,2.9,375000,375000, Shooter,5300,100000,1900,238000,2759,X360,Take-Two Interactive,0.46,0.22,0.01,0.06,0.75
Borderlands: The Pre-Sequel,2014-10-14, Gearbox Software,2.9,375000,375000, Shooter,5300,100000,1900,238000,3049,PS3,Take-Two Interactive,0.25,0.26,0.05,0.11,0.67
Borderlands: The Pre-Sequel,2014-10-14, Gearbox Software,2.9,375000,375000, Shooter,5300,100000,1900,238000,6073,PC,Take-Two Interactive,0.11,0.15,0.0,0.03,0.29
Alice: Madness Returns,2011-06-14,Electronic Arts,3.5,358000,358000,Adventure,2800,113000,1200,636000,3352,PS3,Electronic Arts,0.22,0.25,0.04,0.09,0.6
Alice: Madness Returns,2011-06-14,Electronic Arts,3.5,358000,358000,Adventure,2800,113000,1200,636000,3956,X360,Electronic Arts,0.27,0.15,0.04,0.04,0.5
Alice: Madness Returns,2011-06-14,Electronic Arts,3.5,358000,358000,Adventure,2800,113000,1200,636000,9789,PC,Electronic Arts,0.0,0.1,0.0,0.02,0.12
Alice: Madness Returns,2011-06-14, Spicy Horse Games,3.5,358000,358000,Adventure,2800,113000,1200,636000,3352,PS3,Electronic Arts,0.22,0.25,0.04,0.09,0.6
Alice: Madness Returns,2011-06-14, Spicy Horse Games,3.5,358000,358000,Adventure,2800,113000,1200,636000,3956,X360,Electronic Arts,0.27,0.15,0.04,0.04,0.5
Alice: Madness Returns,2011-06-14, Spicy Horse Games,3.5,358000,358000,Adventure,2800,113000,1200,636000,9789,PC,Electronic Arts,0.0,0.1,0.0,0.02,0.12
Alice: Madness Returns,2011-06-14,Electronic Arts,3.5,358000,358000, Brawler,2800,113000,1200,636000,3352,PS3,Electronic Arts,0.22,0.25,0.04,0.09,0.6
Alice: Madness Returns,2011-06-14,Electronic Arts,3.5,358000,358000, Brawler,2800,113000,1200,636000,3956,X360,Electronic Arts,0.27,0.15,0.04,0.04,0.5
Alice: Madness Returns,2011-06-14,Electronic Arts,3.5,358000,358000, Brawler,2800,113000,1200,636000,9789,PC,Electronic Arts,0.0,0.1,0.0,0.02,0.12
Alice: Madness Returns,2011-06-14, Spicy Horse Games,3.5,358000,358000, Brawler,2800,113000,1200,636000,3352,PS3,Electronic Arts,0.22,0.25,0.04,0.09,0.6
Alice: Madness Returns,2011-06-14, Spicy Horse Games,3.5,358000,358000, Brawler,2800,113000,1200,636000,3956,X360,Electronic Arts,0.27,0.15,0.04,0.04,0.5
Alice: Madness Returns,2011-06-14, Spicy Horse Games,3.5,358000,358000, Brawler,2800,113000,1200,636000,9789,PC,Electronic Arts,0.0,0.1,0.0,0.02,0.12
Alice: Madness Returns,2011-06-14,Electronic Arts,3.5,358000,358000, Platform,2800,113000,1200,636000,3352,PS3,Electronic Arts,0.22,0.25,0.04,0.09,0.6
Alice: Madness Returns,2011-06-14,Electronic Arts,3.5,358000,358000, Platform,2800,113000,1200,636000,3956,X360,Electronic Arts,0.27,0.15,0.04,0.04,0.5
Alice: Madness Returns,2011-06-14,Electronic Arts,3.5,358000,358000, Platform,2800,113000,1200,636000,9789,PC,Electronic Arts,0.0,0.1,0.0,0.02,0.12
Alice: Madness Returns,2011-06-14, Spicy Horse Games,3.5,358000,358000, Platform,2800,113000,1200,636000,3352,PS3,Electronic Arts,0.22,0.25,0.04,0.09,0.6
Alice: Madness Returns,2011-06-14, Spicy Horse Games,3.5,358000,358000, Platform,2800,113000,1200,636000,3956,X360,Electronic Arts,0.27,0.15,0.04,0.04,0.5
Alice: Madness Returns,2011-06-14, Spicy Horse Games,3.5,358000,358000, Platform,2800,113000,1200,636000,9789,PC,Electronic Arts,0.0,0.1,0.0,0.02,0.12
S.T.A.L.K.E.R.: Shadow of Chernobyl,2007-03-20,GSC Game World,3.9,426000,426000,RPG,2500,119000,1400,583000,12624,PC,THQ,0.01,0.04,0.0,0.01,0.06
S.T.A.L.K.E.R.: Shadow of Chernobyl,2007-03-20, THQ,3.9,426000,426000,RPG,2500,119000,1400,583000,12624,PC,THQ,0.01,0.04,0.0,0.01,0.06
S.T.A.L.K.E.R.: Shadow of Chernobyl,2007-03-20,GSC Game World,3.9,426000,426000, Shooter,2500,119000,1400,583000,12624,PC,THQ,0.01,0.04,0.0,0.01,0.06
S.T.A.L.K.E.R.: Shadow of Chernobyl,2007-03-20, THQ,3.9,426000,426000, Shooter,2500,119000,1400,583000,12624,PC,THQ,0.01,0.04,0.0,0.01,0.06
Mortal Kombat,2011-04-19,NetherRealm Studios,3.6,468000,468000,Fighting,6600,19000,289000,120000,509,PS3,Warner Bros. Interactive Entertainment,1.98,0.55,0.0,0.32,2.85
Mortal Kombat,2011-04-19,NetherRealm Studios,3.6,468000,468000,Fighting,6600,19000,289000,120000,565,GEN,Arena Entertainment,1.95,0.63,0.0,0.09,2.67
Mortal Kombat,2011-04-19,NetherRealm Studios,3.6,468000,468000,Fighting,6600,19000,289000,120000,786,X360,Warner Bros. Interactive Entertainment,1.63,0.33,0.0,0.15,2.11
Mortal Kombat,2011-04-19,NetherRealm Studios,3.6,468000,468000,Fighting,6600,19000,289000,120000,2697,PSV,Warner Bros. Interactive Entertainment,0.47,0.18,0.0,0.12,0.76
Mortal Kombat,2011-04-19,NetherRealm Studios,3.6,468000,468000,Fighting,6600,19000,289000,120000,16002,PC,Acclaim Entertainment,0.01,0.0,0.0,0.0,0.01
Mortal Kombat,2011-04-19, WB Games,3.6,468000,468000,Fighting,6600,19000,289000,120000,509,PS3,Warner Bros. Interactive Entertainment,1.98,0.55,0.0,0.32,2.85
Mortal Kombat,2011-04-19, WB Games,3.6,468000,468000,Fighting,6600,19000,289000,120000,565,GEN,Arena Entertainment,1.95,0.63,0.0,0.09,2.67
Mortal Kombat,2011-04-19, WB Games,3.6,468000,468000,Fighting,6600,19000,289000,120000,786,X360,Warner Bros. Interactive Entertainment,1.63,0.33,0.0,0.15,2.11
Mortal Kombat,2011-04-19, WB Games,3.6,468000,468000,Fighting,6600,19000,289000,120000,2697,PSV,Warner Bros. Interactive Entertainment,0.47,0.18,0.0,0.12,0.76
Mortal Kombat,2011-04-19, WB Games,3.6,468000,468000,Fighting,6600,19000,289000,120000,16002,PC,Acclaim Entertainment,0.01,0.0,0.0,0.0,0.01
Resident Evil,1996-03-22,Capcom,3.7,688000,688000,Adventure,3400,41000,577000,323000,202,PS,Virgin Interactive,2.05,1.16,1.11,0.73,5.05
Resident Evil,1996-03-22,Capcom,3.7,688000,688000,Adventure,3400,41000,577000,323000,8444,SAT,Capcom,0.0,0.0,0.17,0.0,0.17
Resident Evil,1996-03-22,Capcom,3.7,688000,688000,Adventure,3400,41000,577000,323000,9673,PS3,Capcom,0.0,0.0,0.12,0.0,0.12
Resident Evil,1996-03-22, Capcom Planning Room 2,3.7,688000,688000,Adventure,3400,41000,577000,323000,202,PS,Virgin Interactive,2.05,1.16,1.11,0.73,5.05
Resident Evil,1996-03-22, Capcom Planning Room 2,3.7,688000,688000,Adventure,3400,41000,577000,323000,8444,SAT,Capcom,0.0,0.0,0.17,0.0,0.17
Resident Evil,1996-03-22, Capcom Planning Room 2,3.7,688000,688000,Adventure,3400,41000,577000,323000,9673,PS3,Capcom,0.0,0.0,0.12,0.0,0.12
Resident Evil,1996-03-22,Capcom,3.7,688000,688000, Puzzle,3400,41000,577000,323000,202,PS,Virgin Interactive,2.05,1.16,1.11,0.73,5.05
Resident Evil,1996-03-22,Capcom,3.7,688000,688000, Puzzle,3400,41000,577000,323000,8444,SAT,Capcom,0.0,0.0,0.17,0.0,0.17
Resident Evil,1996-03-22,Capcom,3.7,688000,688000, Puzzle,3400,41000,577000,323000,9673,PS3,Capcom,0.0,0.0,0.12,0.0,0.12
Resident Evil,1996-03-22, Capcom Planning Room 2,3.7,688000,688000, Puzzle,3400,41000,577000,323000,202,PS,Virgin Interactive,2.05,1.16,1.11,0.73,5.05
Resident Evil,1996-03-22, Capcom Planning Room 2,3.7,688000,688000, Puzzle,3400,41000,577000,323000,8444,SAT,Capcom,0.0,0.0,0.17,0.0,0.17
Resident Evil,1996-03-22, Capcom Planning Room 2,3.7,688000,688000, Puzzle,3400,41000,577000,323000,9673,PS3,Capcom,0.0,0.0,0.12,0.0,0.12
Call of Duty: Ghosts,2013-11-05,Neversoft Entertainment,2.4,411000,411000,Shooter,6500,9000,353000,150000,62,X360,Activision,6.72,2.63,0.04,0.82,10.21
Call of Duty: Ghosts,2013-11-05,Neversoft Entertainment,2.4,411000,411000,Shooter,6500,9000,353000,150000,68,PS3,Activision,4.09,3.73,0.38,1.38,9.59
Call of Duty: Ghosts,2013-11-05,Neversoft Entertainment,2.4,411000,411000,Shooter,6500,9000,353000,150000,350,PS4,Activision,1.78,1.42,0.05,0.38,3.63
Call of Duty: Ghosts,2013-11-05,Neversoft Entertainment,2.4,411000,411000,Shooter,6500,9000,353000,150000,506,XOne,Activision,1.87,0.77,0.0,0.22,2.86
Call of Duty: Ghosts,2013-11-05,Neversoft Entertainment,2.4,411000,411000,Shooter,6500,9000,353000,150000,2799,PC,Activision,0.23,0.41,0.0,0.09,0.73
Call of Duty: Ghosts,2013-11-05,Neversoft Entertainment,2.4,411000,411000,Shooter,6500,9000,353000,150000,5220,WiiU,Activision,0.23,0.09,0.01,0.03,0.36
Call of Duty: Ghosts,2013-11-05, Activision,2.4,411000,411000,Shooter,6500,9000,353000,150000,62,X360,Activision,6.72,2.63,0.04,0.82,10.21
Call of Duty: Ghosts,2013-11-05, Activision,2.4,411000,411000,Shooter,6500,9000,353000,150000,68,PS3,Activision,4.09,3.73,0.38,1.38,9.59
Call of Duty: Ghosts,2013-11-05, Activision,2.4,411000,411000,Shooter,6500,9000,353000,150000,350,PS4,Activision,1.78,1.42,0.05,0.38,3.63
Call of Duty: Ghosts,2013-11-05, Activision,2.4,411000,411000,Shooter,6500,9000,353000,150000,506,XOne,Activision,1.87,0.77,0.0,0.22,2.86
Call of Duty: Ghosts,2013-11-05, Activision,2.4,411000,411000,Shooter,6500,9000,353000,150000,2799,PC,Activision,0.23,0.41,0.0,0.09,0.73
Call of Duty: Ghosts,2013-11-05, Activision,2.4,411000,411000,Shooter,6500,9000,353000,150000,5220,WiiU,Activision,0.23,0.09,0.01,0.03,0.36
Sly Cooper and the Thievius Raccoonus,2002-09-23,Sucker Punch Productions,3.7,525000,525000,Adventure,3700,44000,772000,391000,1657,PS2,Sony Computer Entertainment,1.03,0.14,0.0,0.04,1.21
Sly Cooper and the Thievius Raccoonus,2002-09-23, Sony Computer Entertainment,3.7,525000,525000,Adventure,3700,44000,772000,391000,1657,PS2,Sony Computer Entertainment,1.03,0.14,0.0,0.04,1.21
Sly Cooper and the Thievius Raccoonus,2002-09-23,Sucker Punch Productions,3.7,525000,525000, Platform,3700,44000,772000,391000,1657,PS2,Sony Computer Entertainment,1.03,0.14,0.0,0.04,1.21
Sly Cooper and the Thievius Raccoonus,2002-09-23, Sony Computer Entertainment,3.7,525000,525000, Platform,3700,44000,772000,391000,1657,PS2,Sony Computer Entertainment,1.03,0.14,0.0,0.04,1.21
Crazy Taxi,1999-02-12,Sega,3.6,425000,425000,Arcade,4800,19000,556000,227000,609,PS2,Acclaim Entertainment,1.13,1.12,0.06,0.22,2.52
Crazy Taxi,1999-02-12,Sega,3.6,425000,425000,Arcade,4800,19000,556000,227000,961,DC,Sega,1.1,0.51,0.12,0.08,1.81
Crazy Taxi,1999-02-12,Sega,3.6,425000,425000,Arcade,4800,19000,556000,227000,4065,GC,Acclaim Entertainment,0.36,0.09,0.02,0.01,0.49
Crazy Taxi,1999-02-12, Hitmaker,3.6,425000,425000,Arcade,4800,19000,556000,227000,609,PS2,Acclaim Entertainment,1.13,1.12,0.06,0.22,2.52
Crazy Taxi,1999-02-12, Hitmaker,3.6,425000,425000,Arcade,4800,19000,556000,227000,961,DC,Sega,1.1,0.51,0.12,0.08,1.81
Crazy Taxi,1999-02-12, Hitmaker,3.6,425000,425000,Arcade,4800,19000,556000,227000,4065,GC,Acclaim Entertainment,0.36,0.09,0.02,0.01,0.49
Crazy Taxi,1999-02-12,Sega,3.6,425000,425000, Racing,4800,19000,556000,227000,609,PS2,Acclaim Entertainment,1.13,1.12,0.06,0.22,2.52
Crazy Taxi,1999-02-12,Sega,3.6,425000,425000, Racing,4800,19000,556000,227000,961,DC,Sega,1.1,0.51,0.12,0.08,1.81
Crazy Taxi,1999-02-12,Sega,3.6,425000,425000, Racing,4800,19000,556000,227000,4065,GC,Acclaim Entertainment,0.36,0.09,0.02,0.01,0.49
Crazy Taxi,1999-02-12, Hitmaker,3.6,425000,425000, Racing,4800,19000,556000,227000,609,PS2,Acclaim Entertainment,1.13,1.12,0.06,0.22,2.52
Crazy Taxi,1999-02-12, Hitmaker,3.6,425000,425000, Racing,4800,19000,556000,227000,961,DC,Sega,1.1,0.51,0.12,0.08,1.81
Crazy Taxi,1999-02-12, Hitmaker,3.6,425000,425000, Racing,4800,19000,556000,227000,4065,GC,Acclaim Entertainment,0.36,0.09,0.02,0.01,0.49
Spore,2008-09-04,Maxis,3.3,238000,238000,Adventure,6000,34000,427000,170000,1719,PC,Electronic Arts,0.03,1.06,0.0,0.09,1.17
Spore,2008-09-04, Electronic Arts,3.3,238000,238000,Adventure,6000,34000,427000,170000,1719,PC,Electronic Arts,0.03,1.06,0.0,0.09,1.17
Spore,2008-09-04,Maxis,3.3,238000,238000, Real Time Strategy,6000,34000,427000,170000,1719,PC,Electronic Arts,0.03,1.06,0.0,0.09,1.17
Spore,2008-09-04, Electronic Arts,3.3,238000,238000, Real Time Strategy,6000,34000,427000,170000,1719,PC,Electronic Arts,0.03,1.06,0.0,0.09,1.17
Spore,2008-09-04,Maxis,3.3,238000,238000, RPG,6000,34000,427000,170000,1719,PC,Electronic Arts,0.03,1.06,0.0,0.09,1.17
Spore,2008-09-04, Electronic Arts,3.3,238000,238000, RPG,6000,34000,427000,170000,1719,PC,Electronic Arts,0.03,1.06,0.0,0.09,1.17
Spore,2008-09-04,Maxis,3.3,238000,238000, Simulator,6000,34000,427000,170000,1719,PC,Electronic Arts,0.03,1.06,0.0,0.09,1.17
Spore,2008-09-04, Electronic Arts,3.3,238000,238000, Simulator,6000,34000,427000,170000,1719,PC,Electronic Arts,0.03,1.06,0.0,0.09,1.17
Spore,2008-09-04,Maxis,3.3,238000,238000, Strategy,6000,34000,427000,170000,1719,PC,Electronic Arts,0.03,1.06,0.0,0.09,1.17
Spore,2008-09-04, Electronic Arts,3.3,238000,238000, Strategy,6000,34000,427000,170000,1719,PC,Electronic Arts,0.03,1.06,0.0,0.09,1.17
Klonoa 2: Lunatea's Veil,2001-03-22,Namco,4.2,379000,379000,Adventure,1100,31000,573000,399000,5475,PS2,Sony Computer Entertainment,0.12,0.1,0.08,0.03,0.33
Klonoa 2: Lunatea's Veil,2001-03-22,Namco,4.2,379000,379000, Platform,1100,31000,573000,399000,5475,PS2,Sony Computer Entertainment,0.12,0.1,0.08,0.03,0.33
Klonoa 2: Lunatea's Veil,2001-03-22,Namco,4.2,379000,379000, Sport,1100,31000,573000,399000,5475,PS2,Sony Computer Entertainment,0.12,0.1,0.08,0.03,0.33
Planescape: Torment,1999-12-12,Interplay Entertainment,4.3,417000,417000,RPG,1100,74000,1100,518000,14073,PC,Interplay,0.01,0.02,0.0,0.01,0.04
Planescape: Torment,1999-12-12, Black Isle Studios,4.3,417000,417000,RPG,1100,74000,1100,518000,14073,PC,Interplay,0.01,0.02,0.0,0.01,0.04
Planescape: Torment,1999-12-12,Interplay Entertainment,4.3,417000,417000, Strategy,1100,74000,1100,518000,14073,PC,Interplay,0.01,0.02,0.0,0.01,0.04
Planescape: Torment,1999-12-12, Black Isle Studios,4.3,417000,417000, Strategy,1100,74000,1100,518000,14073,PC,Interplay,0.01,0.02,0.0,0.01,0.04
Naruto Shippuden: Ultimate Ninja Storm 4,2016-02-04,Bandai Namco Entertainment,3.5,264000,264000,Adventure,4800,45000,366000,134000,1960,PS4,Namco Bandai Games,0.39,0.41,0.1,0.16,1.06
Naruto Shippuden: Ultimate Ninja Storm 4,2016-02-04,Bandai Namco Entertainment,3.5,264000,264000,Adventure,4800,45000,366000,134000,6159,XOne,Namco Bandai Games,0.19,0.06,0.0,0.03,0.28
Naruto Shippuden: Ultimate Ninja Storm 4,2016-02-04, CyberConnect2,3.5,264000,264000,Adventure,4800,45000,366000,134000,1960,PS4,Namco Bandai Games,0.39,0.41,0.1,0.16,1.06
Naruto Shippuden: Ultimate Ninja Storm 4,2016-02-04, CyberConnect2,3.5,264000,264000,Adventure,4800,45000,366000,134000,6159,XOne,Namco Bandai Games,0.19,0.06,0.0,0.03,0.28
Naruto Shippuden: Ultimate Ninja Storm 4,2016-02-04,Bandai Namco Entertainment,3.5,264000,264000, Fighting,4800,45000,366000,134000,1960,PS4,Namco Bandai Games,0.39,0.41,0.1,0.16,1.06
Naruto Shippuden: Ultimate Ninja Storm 4,2016-02-04,Bandai Namco Entertainment,3.5,264000,264000, Fighting,4800,45000,366000,134000,6159,XOne,Namco Bandai Games,0.19,0.06,0.0,0.03,0.28
Naruto Shippuden: Ultimate Ninja Storm 4,2016-02-04, CyberConnect2,3.5,264000,264000, Fighting,4800,45000,366000,134000,1960,PS4,Namco Bandai Games,0.39,0.41,0.1,0.16,1.06
Naruto Shippuden: Ultimate Ninja Storm 4,2016-02-04, CyberConnect2,3.5,264000,264000, Fighting,4800,45000,366000,134000,6159,XOne,Namco Bandai Games,0.19,0.06,0.0,0.03,0.28
Mega Man 3,1990-09-28,Capcom,3.4,599000,599000,Adventure,3800,25000,470000,140000,1728,NES,Capcom,0.68,0.1,0.39,0.0,1.17
Mega Man 3,1990-09-28,Capcom,3.4,599000,599000, Platform,3800,25000,470000,140000,1728,NES,Capcom,0.68,0.1,0.39,0.0,1.17
Ni no Kuni: Wrath of the White Witch,2011-11-17,Namco Bandai Games,3.7,438000,438000,Adventure,2400,161000,1700,682000,1206,PS3,Namco Bandai Games,0.6,0.51,0.21,0.23,1.55
Ni no Kuni: Wrath of the White Witch,2011-11-17, Level-5,3.7,438000,438000,Adventure,2400,161000,1700,682000,1206,PS3,Namco Bandai Games,0.6,0.51,0.21,0.23,1.55
Ni no Kuni: Wrath of the White Witch,2011-11-17,Namco Bandai Games,3.7,438000,438000, RPG,2400,161000,1700,682000,1206,PS3,Namco Bandai Games,0.6,0.51,0.21,0.23,1.55
Ni no Kuni: Wrath of the White Witch,2011-11-17, Level-5,3.7,438000,438000, RPG,2400,161000,1700,682000,1206,PS3,Namco Bandai Games,0.6,0.51,0.21,0.23,1.55
Danganronpa Another Episode: Ultra Despair Girls,2015-09-01,Spike ChunSoft,2.7,276000,276000,Adventure,3400,92000,797000,355000,6212,PSV,Nippon Ichi Software,0.1,0.03,0.12,0.04,0.28
Danganronpa Another Episode: Ultra Despair Girls,2015-09-01, NIS America,2.7,276000,276000,Adventure,3400,92000,797000,355000,6212,PSV,Nippon Ichi Software,0.1,0.03,0.12,0.04,0.28
Danganronpa Another Episode: Ultra Despair Girls,2015-09-01,Spike ChunSoft,2.7,276000,276000, Brawler,3400,92000,797000,355000,6212,PSV,Nippon Ichi Software,0.1,0.03,0.12,0.04,0.28
Danganronpa Another Episode: Ultra Despair Girls,2015-09-01, NIS America,2.7,276000,276000, Brawler,3400,92000,797000,355000,6212,PSV,Nippon Ichi Software,0.1,0.03,0.12,0.04,0.28
Danganronpa Another Episode: Ultra Despair Girls,2015-09-01,Spike ChunSoft,2.7,276000,276000, Puzzle,3400,92000,797000,355000,6212,PSV,Nippon Ichi Software,0.1,0.03,0.12,0.04,0.28
Danganronpa Another Episode: Ultra Despair Girls,2015-09-01, NIS America,2.7,276000,276000, Puzzle,3400,92000,797000,355000,6212,PSV,Nippon Ichi Software,0.1,0.03,0.12,0.04,0.28
Danganronpa Another Episode: Ultra Despair Girls,2015-09-01,Spike ChunSoft,2.7,276000,276000, Shooter,3400,92000,797000,355000,6212,PSV,Nippon Ichi Software,0.1,0.03,0.12,0.04,0.28
Danganronpa Another Episode: Ultra Despair Girls,2015-09-01, NIS America,2.7,276000,276000, Shooter,3400,92000,797000,355000,6212,PSV,Nippon Ichi Software,0.1,0.03,0.12,0.04,0.28
Castlevania: Circle of the Moon,2001-03-21,Konami,3.0,362000,362000,Adventure,2100,62000,742000,272000,2332,GBA,Konami Digital Entertainment,0.6,0.22,0.05,0.02,0.89
Castlevania: Circle of the Moon,2001-03-21,Konami,3.0,362000,362000, Platform,2100,62000,742000,272000,2332,GBA,Konami Digital Entertainment,0.6,0.22,0.05,0.02,0.89
Castlevania: Circle of the Moon,2001-03-21,Konami,3.0,362000,362000, RPG,2100,62000,742000,272000,2332,GBA,Konami Digital Entertainment,0.6,0.22,0.05,0.02,0.89
Beyond Good & Evil,2003-11-11,Ubisoft Shanghai,3.9,436000,436000,Adventure,2300,35000,1500,629000,5451,PS2,Ubisoft,0.16,0.13,0.0,0.04,0.33
Beyond Good & Evil,2003-11-11,Ubisoft Shanghai,3.9,436000,436000,Adventure,2300,35000,1500,629000,10510,XB,Ubisoft,0.08,0.02,0.0,0.0,0.1
Beyond Good & Evil,2003-11-11,Ubisoft Shanghai,3.9,436000,436000,Adventure,2300,35000,1500,629000,11831,GC,Ubisoft,0.06,0.01,0.0,0.0,0.07
Beyond Good & Evil,2003-11-11, Ubisoft,3.9,436000,436000,Adventure,2300,35000,1500,629000,5451,PS2,Ubisoft,0.16,0.13,0.0,0.04,0.33
Beyond Good & Evil,2003-11-11, Ubisoft,3.9,436000,436000,Adventure,2300,35000,1500,629000,10510,XB,Ubisoft,0.08,0.02,0.0,0.0,0.1
Beyond Good & Evil,2003-11-11, Ubisoft,3.9,436000,436000,Adventure,2300,35000,1500,629000,11831,GC,Ubisoft,0.06,0.01,0.0,0.0,0.07
Beyond Good & Evil,2003-11-11,Ubisoft Shanghai,3.9,436000,436000, Shooter,2300,35000,1500,629000,5451,PS2,Ubisoft,0.16,0.13,0.0,0.04,0.33
Beyond Good & Evil,2003-11-11,Ubisoft Shanghai,3.9,436000,436000, Shooter,2300,35000,1500,629000,10510,XB,Ubisoft,0.08,0.02,0.0,0.0,0.1
Beyond Good & Evil,2003-11-11,Ubisoft Shanghai,3.9,436000,436000, Shooter,2300,35000,1500,629000,11831,GC,Ubisoft,0.06,0.01,0.0,0.0,0.07
Beyond Good & Evil,2003-11-11, Ubisoft,3.9,436000,436000, Shooter,2300,35000,1500,629000,5451,PS2,Ubisoft,0.16,0.13,0.0,0.04,0.33
Beyond Good & Evil,2003-11-11, Ubisoft,3.9,436000,436000, Shooter,2300,35000,1500,629000,10510,XB,Ubisoft,0.08,0.02,0.0,0.0,0.1
Beyond Good & Evil,2003-11-11, Ubisoft,3.9,436000,436000, Shooter,2300,35000,1500,629000,11831,GC,Ubisoft,0.06,0.01,0.0,0.0,0.07
Metroid II: Return of Samus,1991-08-26,Nintendo,3.1,445000,445000,Adventure,2100,39000,595000,193000,989,GB,Nintendo,0.85,0.31,0.56,0.04,1.76
Metroid II: Return of Samus,1991-08-26, Nintendo R&D1,3.1,445000,445000,Adventure,2100,39000,595000,193000,989,GB,Nintendo,0.85,0.31,0.56,0.04,1.76
Metroid II: Return of Samus,1991-08-26,Nintendo,3.1,445000,445000, Platform,2100,39000,595000,193000,989,GB,Nintendo,0.85,0.31,0.56,0.04,1.76
Metroid II: Return of Samus,1991-08-26, Nintendo R&D1,3.1,445000,445000, Platform,2100,39000,595000,193000,989,GB,Nintendo,0.85,0.31,0.56,0.04,1.76
Metroid II: Return of Samus,1991-08-26,Nintendo,3.1,445000,445000, Shooter,2100,39000,595000,193000,989,GB,Nintendo,0.85,0.31,0.56,0.04,1.76
Metroid II: Return of Samus,1991-08-26, Nintendo R&D1,3.1,445000,445000, Shooter,2100,39000,595000,193000,989,GB,Nintendo,0.85,0.31,0.56,0.04,1.76
Shenmue,1999-12-29,Sega AM2,3.8,496000,496000,Adventure,1600,61000,993000,494000,1711,DC,Sega,0.52,0.24,0.38,0.04,1.18
Shenmue,1999-12-29, Sega,3.8,496000,496000,Adventure,1600,61000,993000,494000,1711,DC,Sega,0.52,0.24,0.38,0.04,1.18
Shenmue,1999-12-29,Sega AM2,3.8,496000,496000, Brawler,1600,61000,993000,494000,1711,DC,Sega,0.52,0.24,0.38,0.04,1.18
Shenmue,1999-12-29, Sega,3.8,496000,496000, Brawler,1600,61000,993000,494000,1711,DC,Sega,0.52,0.24,0.38,0.04,1.18
Shenmue,1999-12-29,Sega AM2,3.8,496000,496000, RPG,1600,61000,993000,494000,1711,DC,Sega,0.52,0.24,0.38,0.04,1.18
Shenmue,1999-12-29, Sega,3.8,496000,496000, RPG,1600,61000,993000,494000,1711,DC,Sega,0.52,0.24,0.38,0.04,1.18
Shenmue,1999-12-29,Sega AM2,3.8,496000,496000, Simulator,1600,61000,993000,494000,1711,DC,Sega,0.52,0.24,0.38,0.04,1.18
Shenmue,1999-12-29, Sega,3.8,496000,496000, Simulator,1600,61000,993000,494000,1711,DC,Sega,0.52,0.24,0.38,0.04,1.18
Crash Team Racing,1999-09-30,Naughty Dog,4.0,455000,455000,Racing,4800,18000,327000,165000,221,PS,Sony Computer Entertainment,2.57,1.57,0.44,0.21,4.79
Crash Team Racing,1999-09-30, Sony Computer Entertainment,4.0,455000,455000,Racing,4800,18000,327000,165000,221,PS,Sony Computer Entertainment,2.57,1.57,0.44,0.21,4.79
Crash Team Racing,1999-09-30, Inc. (SCEI),4.0,455000,455000,Racing,4800,18000,327000,165000,221,PS,Sony Computer Entertainment,2.57,1.57,0.44,0.21,4.79
Gears of War 2,2008-11-07,Microsoft Game Studios,3.7,504000,504000,Shooter,4600,31000,522000,225000,119,X360,Microsoft Game Studios,4.15,1.92,0.06,0.64,6.76
Gears of War 2,2008-11-07, Epic Games,3.7,504000,504000,Shooter,4600,31000,522000,225000,119,X360,Microsoft Game Studios,4.15,1.92,0.06,0.64,6.76
Phoenix Wright: Ace Attorney - Dual Destinies,2013-07-25,Capcom,3.4,430000,430000,Adventure,3300,105000,1100,497000,5023,3DS,Capcom,0.0,0.0,0.38,0.0,0.38
Phoenix Wright: Ace Attorney - Dual Destinies,2013-07-25,Capcom,3.4,430000,430000, Puzzle,3300,105000,1100,497000,5023,3DS,Capcom,0.0,0.0,0.38,0.0,0.38
Phoenix Wright: Ace Attorney - Dual Destinies,2013-07-25,Capcom,3.4,430000,430000, RPG,3300,105000,1100,497000,5023,3DS,Capcom,0.0,0.0,0.38,0.0,0.38
Phoenix Wright: Ace Attorney - Dual Destinies,2013-07-25,Capcom,3.4,430000,430000, Simulator,3300,105000,1100,497000,5023,3DS,Capcom,0.0,0.0,0.38,0.0,0.38
Phoenix Wright: Ace Attorney - Dual Destinies,2013-07-25,Capcom,3.4,430000,430000, Visual Novel,3300,105000,1100,497000,5023,3DS,Capcom,0.0,0.0,0.38,0.0,0.38
The Legend of Zelda: Oracle of Seasons,2001-02-27,Nintendo,3.7,544000,544000,Adventure,3100,65000,1600,489000,925,GB,Nintendo,0.87,0.52,0.41,0.06,1.86
The Legend of Zelda: Oracle of Seasons,2001-02-27, Capcom,3.7,544000,544000,Adventure,3100,65000,1600,489000,925,GB,Nintendo,0.87,0.52,0.41,0.06,1.86
The Legend of Zelda: Oracle of Seasons,2001-02-27,Nintendo,3.7,544000,544000, RPG,3100,65000,1600,489000,925,GB,Nintendo,0.87,0.52,0.41,0.06,1.86
The Legend of Zelda: Oracle of Seasons,2001-02-27, Capcom,3.7,544000,544000, RPG,3100,65000,1600,489000,925,GB,Nintendo,0.87,0.52,0.41,0.06,1.86
God of War: Ascension,2013-03-12,Sony Computer Entertainment,2.9,318000,318000,Adventure,2700,27000,625000,351000,697,PS3,Sony Computer Entertainment,1.23,0.68,0.04,0.34,2.29
God of War: Ascension,2013-03-12, Inc. (SCEI),2.9,318000,318000,Adventure,2700,27000,625000,351000,697,PS3,Sony Computer Entertainment,1.23,0.68,0.04,0.34,2.29
God of War: Ascension,2013-03-12, SIE Santa Monica Studio,2.9,318000,318000,Adventure,2700,27000,625000,351000,697,PS3,Sony Computer Entertainment,1.23,0.68,0.04,0.34,2.29
God of War: Ascension,2013-03-12,Sony Computer Entertainment,2.9,318000,318000, Brawler,2700,27000,625000,351000,697,PS3,Sony Computer Entertainment,1.23,0.68,0.04,0.34,2.29
God of War: Ascension,2013-03-12, Inc. (SCEI),2.9,318000,318000, Brawler,2700,27000,625000,351000,697,PS3,Sony Computer Entertainment,1.23,0.68,0.04,0.34,2.29
God of War: Ascension,2013-03-12, SIE Santa Monica Studio,2.9,318000,318000, Brawler,2700,27000,625000,351000,697,PS3,Sony Computer Entertainment,1.23,0.68,0.04,0.34,2.29
Xenosaga Episode III: Also sprach Zarathustra,2006-07-06,Namco Bandai Games,4.3,399000,399000,Adventure,762000,23000,908000,448000,5150,PS2,Namco Bandai Games,0.09,0.07,0.18,0.02,0.37
Xenosaga Episode III: Also sprach Zarathustra,2006-07-06, Monolith Soft,4.3,399000,399000,Adventure,762000,23000,908000,448000,5150,PS2,Namco Bandai Games,0.09,0.07,0.18,0.02,0.37
Xenosaga Episode III: Also sprach Zarathustra,2006-07-06,Namco Bandai Games,4.3,399000,399000, RPG,762000,23000,908000,448000,5150,PS2,Namco Bandai Games,0.09,0.07,0.18,0.02,0.37
Xenosaga Episode III: Also sprach Zarathustra,2006-07-06, Monolith Soft,4.3,399000,399000, RPG,762000,23000,908000,448000,5150,PS2,Namco Bandai Games,0.09,0.07,0.18,0.02,0.37
Kirby's Dream Land 3,1997-11-27,Nintendo,3.4,469000,469000,Adventure,2600,49000,750000,179000,5202,SNES,Nintendo,0.0,0.0,0.36,0.0,0.36
Kirby's Dream Land 3,1997-11-27, HAL Laboratory,3.4,469000,469000,Adventure,2600,49000,750000,179000,5202,SNES,Nintendo,0.0,0.0,0.36,0.0,0.36
Kirby's Dream Land 3,1997-11-27,Nintendo,3.4,469000,469000, Platform,2600,49000,750000,179000,5202,SNES,Nintendo,0.0,0.0,0.36,0.0,0.36
Kirby's Dream Land 3,1997-11-27, HAL Laboratory,3.4,469000,469000, Platform,2600,49000,750000,179000,5202,SNES,Nintendo,0.0,0.0,0.36,0.0,0.36
Castlevania: Harmony of Dissonance,2002-06-06,Konami Computer Entertainment Tokyo,3.2,399000,399000,Adventure,2000,51000,802000,288000,6602,GBA,Konami Digital Entertainment,0.16,0.06,0.04,0.0,0.26
Castlevania: Harmony of Dissonance,2002-06-06,Konami Computer Entertainment Tokyo,3.2,399000,399000, Platform,2000,51000,802000,288000,6602,GBA,Konami Digital Entertainment,0.16,0.06,0.04,0.0,0.26
Castlevania: Harmony of Dissonance,2002-06-06,Konami Computer Entertainment Tokyo,3.2,399000,399000, RPG,2000,51000,802000,288000,6602,GBA,Konami Digital Entertainment,0.16,0.06,0.04,0.0,0.26
Shantae and the Pirate's Curse,2014-10-22,WayForward Technologies,3.8,392000,392000,Adventure,2200,72000,1100,449000,14480,3DS,Intergrow,0.0,0.0,0.03,0.0,0.03
Shantae and the Pirate's Curse,2014-10-22, Intergrow,3.8,392000,392000,Adventure,2200,72000,1100,449000,14480,3DS,Intergrow,0.0,0.0,0.03,0.0,0.03
Shantae and the Pirate's Curse,2014-10-22,WayForward Technologies,3.8,392000,392000, Indie,2200,72000,1100,449000,14480,3DS,Intergrow,0.0,0.0,0.03,0.0,0.03
Shantae and the Pirate's Curse,2014-10-22, Intergrow,3.8,392000,392000, Indie,2200,72000,1100,449000,14480,3DS,Intergrow,0.0,0.0,0.03,0.0,0.03
Shantae and the Pirate's Curse,2014-10-22,WayForward Technologies,3.8,392000,392000, Platform,2200,72000,1100,449000,14480,3DS,Intergrow,0.0,0.0,0.03,0.0,0.03
Shantae and the Pirate's Curse,2014-10-22, Intergrow,3.8,392000,392000, Platform,2200,72000,1100,449000,14480,3DS,Intergrow,0.0,0.0,0.03,0.0,0.03
Shantae and the Pirate's Curse,2014-10-22,WayForward Technologies,3.8,392000,392000, RPG,2200,72000,1100,449000,14480,3DS,Intergrow,0.0,0.0,0.03,0.0,0.03
Shantae and the Pirate's Curse,2014-10-22, Intergrow,3.8,392000,392000, RPG,2200,72000,1100,449000,14480,3DS,Intergrow,0.0,0.0,0.03,0.0,0.03
Final Fantasy IV,1991-07-19,Square Enix,3.7,530000,530000,RPG,2700,60000,964000,379000,1575,DS,Square Enix,0.54,0.05,0.62,0.05,1.26
Final Fantasy IV,1991-07-19,Square Enix,3.7,530000,530000,RPG,2700,60000,964000,379000,5786,PS,SquareSoft,0.0,0.0,0.29,0.02,0.31
Final Fantasy IV,1991-07-19, Square,3.7,530000,530000,RPG,2700,60000,964000,379000,1575,DS,Square Enix,0.54,0.05,0.62,0.05,1.26
Final Fantasy IV,1991-07-19, Square,3.7,530000,530000,RPG,2700,60000,964000,379000,5786,PS,SquareSoft,0.0,0.0,0.29,0.02,0.31
Castlevania III: Dracula's Curse,1990-09-01,Konami,3.6,501000,501000,Adventure,2400,36000,606000,217000,2441,NES,Konami Digital Entertainment,0.4,0.07,0.37,0.01,0.85
Castlevania III: Dracula's Curse,1990-09-01, Palcom,3.6,501000,501000,Adventure,2400,36000,606000,217000,2441,NES,Konami Digital Entertainment,0.4,0.07,0.37,0.01,0.85
Castlevania III: Dracula's Curse,1990-09-01,Konami,3.6,501000,501000, Platform,2400,36000,606000,217000,2441,NES,Konami Digital Entertainment,0.4,0.07,0.37,0.01,0.85
Castlevania III: Dracula's Curse,1990-09-01, Palcom,3.6,501000,501000, Platform,2400,36000,606000,217000,2441,NES,Konami Digital Entertainment,0.4,0.07,0.37,0.01,0.85
Call of Duty: Advanced Warfare,2014-11-03,Activision,2.5,415000,415000,Shooter,5200,13000,308000,151000,94,PS4,Activision,2.8,3.3,0.14,1.37,7.6
Call of Duty: Advanced Warfare,2014-11-03,Activision,2.5,415000,415000,Shooter,5200,13000,308000,151000,194,XOne,Activision,3.21,1.53,0.01,0.38,5.13
Call of Duty: Advanced Warfare,2014-11-03,Activision,2.5,415000,415000,Shooter,5200,13000,308000,151000,245,PS3,Activision,1.54,1.94,0.19,0.77,4.45
Call of Duty: Advanced Warfare,2014-11-03,Activision,2.5,415000,415000,Shooter,5200,13000,308000,151000,258,X360,Activision,2.75,1.18,0.0,0.37,4.31
Call of Duty: Advanced Warfare,2014-11-03,Activision,2.5,415000,415000,Shooter,5200,13000,308000,151000,4742,PC,Activision,0.14,0.23,0.0,0.04,0.41
Call of Duty: Advanced Warfare,2014-11-03, Sledgehammer Games,2.5,415000,415000,Shooter,5200,13000,308000,151000,94,PS4,Activision,2.8,3.3,0.14,1.37,7.6
Call of Duty: Advanced Warfare,2014-11-03, Sledgehammer Games,2.5,415000,415000,Shooter,5200,13000,308000,151000,194,XOne,Activision,3.21,1.53,0.01,0.38,5.13
Call of Duty: Advanced Warfare,2014-11-03, Sledgehammer Games,2.5,415000,415000,Shooter,5200,13000,308000,151000,245,PS3,Activision,1.54,1.94,0.19,0.77,4.45
Call of Duty: Advanced Warfare,2014-11-03, Sledgehammer Games,2.5,415000,415000,Shooter,5200,13000,308000,151000,258,X360,Activision,2.75,1.18,0.0,0.37,4.31
Call of Duty: Advanced Warfare,2014-11-03, Sledgehammer Games,2.5,415000,415000,Shooter,5200,13000,308000,151000,4742,PC,Activision,0.14,0.23,0.0,0.04,0.41
The Legend of Heroes: Trails of Cold Steel,2013-09-26,XSEED Games,3.7,499000,499000,Adventure,2100,129000,1000,461000,5805,PSV,Nippon Ichi Software,0.08,0.05,0.14,0.04,0.31
The Legend of Heroes: Trails of Cold Steel,2013-09-26,XSEED Games,3.7,499000,499000,Adventure,2100,129000,1000,461000,7212,PS3,Nippon Ichi Software,0.05,0.04,0.12,0.02,0.22
The Legend of Heroes: Trails of Cold Steel,2013-09-26, Nihon Falcom,3.7,499000,499000,Adventure,2100,129000,1000,461000,5805,PSV,Nippon Ichi Software,0.08,0.05,0.14,0.04,0.31
The Legend of Heroes: Trails of Cold Steel,2013-09-26, Nihon Falcom,3.7,499000,499000,Adventure,2100,129000,1000,461000,7212,PS3,Nippon Ichi Software,0.05,0.04,0.12,0.02,0.22
The Legend of Heroes: Trails of Cold Steel,2013-09-26,XSEED Games,3.7,499000,499000, RPG,2100,129000,1000,461000,5805,PSV,Nippon Ichi Software,0.08,0.05,0.14,0.04,0.31
The Legend of Heroes: Trails of Cold Steel,2013-09-26,XSEED Games,3.7,499000,499000, RPG,2100,129000,1000,461000,7212,PS3,Nippon Ichi Software,0.05,0.04,0.12,0.02,0.22
The Legend of Heroes: Trails of Cold Steel,2013-09-26, Nihon Falcom,3.7,499000,499000, RPG,2100,129000,1000,461000,5805,PSV,Nippon Ichi Software,0.08,0.05,0.14,0.04,0.31
The Legend of Heroes: Trails of Cold Steel,2013-09-26, Nihon Falcom,3.7,499000,499000, RPG,2100,129000,1000,461000,7212,PS3,Nippon Ichi Software,0.05,0.04,0.12,0.02,0.22
The Legend of Heroes: Trails of Cold Steel,2013-09-26,XSEED Games,3.7,499000,499000, Turn Based Strategy,2100,129000,1000,461000,5805,PSV,Nippon Ichi Software,0.08,0.05,0.14,0.04,0.31
The Legend of Heroes: Trails of Cold Steel,2013-09-26,XSEED Games,3.7,499000,499000, Turn Based Strategy,2100,129000,1000,461000,7212,PS3,Nippon Ichi Software,0.05,0.04,0.12,0.02,0.22
The Legend of Heroes: Trails of Cold Steel,2013-09-26, Nihon Falcom,3.7,499000,499000, Turn Based Strategy,2100,129000,1000,461000,5805,PSV,Nippon Ichi Software,0.08,0.05,0.14,0.04,0.31
The Legend of Heroes: Trails of Cold Steel,2013-09-26, Nihon Falcom,3.7,499000,499000, Turn Based Strategy,2100,129000,1000,461000,7212,PS3,Nippon Ichi Software,0.05,0.04,0.12,0.02,0.22
Mario Kart: Super Circuit,2001-07-21,Nintendo,2.8,389000,389000,Racing,3700,24000,256000,101000,164,GBA,Nintendo,2.62,1.64,0.99,0.23,5.47
Tetris,1989-05-14,Nintendo,4.0,197000,197000,Puzzle,2500,18000,76000,21000,6,GB,Nintendo,23.2,2.26,4.22,0.58,30.26
Tetris,1989-05-14,Nintendo,4.0,197000,197000,Puzzle,2500,18000,76000,21000,156,NES,Nintendo,2.97,0.69,1.81,0.11,5.58
Rule of Rose,2006-01-19,Atlus USA,3.8,394000,394000,Adventure,727000,33000,796000,770000,15135,PS2,505 Games,0.01,0.01,0.0,0.0,0.02
Rule of Rose,2006-01-19, Punchline,3.8,394000,394000,Adventure,727000,33000,796000,770000,15135,PS2,505 Games,0.01,0.01,0.0,0.0,0.02
Rule of Rose,2006-01-19,Atlus USA,3.8,394000,394000, Puzzle,727000,33000,796000,770000,15135,PS2,505 Games,0.01,0.01,0.0,0.0,0.02
Rule of Rose,2006-01-19, Punchline,3.8,394000,394000, Puzzle,727000,33000,796000,770000,15135,PS2,505 Games,0.01,0.01,0.0,0.0,0.02
Lollipop Chainsaw,2012-06-12,Grasshopper Manufacture,3.4,295000,295000,Brawler,1600,32000,717000,695000,3013,PS3,Warner Bros. Interactive Entertainment,0.26,0.21,0.11,0.09,0.67
Lollipop Chainsaw,2012-06-12,Grasshopper Manufacture,3.4,295000,295000,Brawler,1600,32000,717000,695000,4032,X360,Warner Bros. Interactive Entertainment,0.31,0.13,0.02,0.04,0.49
Lollipop Chainsaw,2012-06-12, WB Games,3.4,295000,295000,Brawler,1600,32000,717000,695000,3013,PS3,Warner Bros. Interactive Entertainment,0.26,0.21,0.11,0.09,0.67
Lollipop Chainsaw,2012-06-12, WB Games,3.4,295000,295000,Brawler,1600,32000,717000,695000,4032,X360,Warner Bros. Interactive Entertainment,0.31,0.13,0.02,0.04,0.49
Resident Evil: Revelations,2012-01-26,Tose,3.2,469000,469000,Adventure,2900,55000,939000,297000,2364,3DS,Capcom,0.3,0.22,0.3,0.05,0.88
Resident Evil: Revelations,2012-01-26,Tose,3.2,469000,469000,Adventure,2900,55000,939000,297000,2585,PS3,Capcom,0.14,0.32,0.22,0.12,0.8
Resident Evil: Revelations,2012-01-26,Tose,3.2,469000,469000,Adventure,2900,55000,939000,297000,6367,X360,Capcom,0.12,0.11,0.02,0.02,0.27
Resident Evil: Revelations,2012-01-26,Tose,3.2,469000,469000,Adventure,2900,55000,939000,297000,7692,WiiU,Capcom,0.07,0.08,0.03,0.01,0.2
Resident Evil: Revelations,2012-01-26,Tose,3.2,469000,469000,Adventure,2900,55000,939000,297000,13808,PC,Capcom,0.0,0.03,0.0,0.01,0.04
Resident Evil: Revelations,2012-01-26, Capcom,3.2,469000,469000,Adventure,2900,55000,939000,297000,2364,3DS,Capcom,0.3,0.22,0.3,0.05,0.88
Resident Evil: Revelations,2012-01-26, Capcom,3.2,469000,469000,Adventure,2900,55000,939000,297000,2585,PS3,Capcom,0.14,0.32,0.22,0.12,0.8
Resident Evil: Revelations,2012-01-26, Capcom,3.2,469000,469000,Adventure,2900,55000,939000,297000,6367,X360,Capcom,0.12,0.11,0.02,0.02,0.27
Resident Evil: Revelations,2012-01-26, Capcom,3.2,469000,469000,Adventure,2900,55000,939000,297000,7692,WiiU,Capcom,0.07,0.08,0.03,0.01,0.2
Resident Evil: Revelations,2012-01-26, Capcom,3.2,469000,469000,Adventure,2900,55000,939000,297000,13808,PC,Capcom,0.0,0.03,0.0,0.01,0.04
Resident Evil: Revelations,2012-01-26,Tose,3.2,469000,469000, Shooter,2900,55000,939000,297000,2364,3DS,Capcom,0.3,0.22,0.3,0.05,0.88
Resident Evil: Revelations,2012-01-26,Tose,3.2,469000,469000, Shooter,2900,55000,939000,297000,2585,PS3,Capcom,0.14,0.32,0.22,0.12,0.8
Resident Evil: Revelations,2012-01-26,Tose,3.2,469000,469000, Shooter,2900,55000,939000,297000,6367,X360,Capcom,0.12,0.11,0.02,0.02,0.27
Resident Evil: Revelations,2012-01-26,Tose,3.2,469000,469000, Shooter,2900,55000,939000,297000,7692,WiiU,Capcom,0.07,0.08,0.03,0.01,0.2
Resident Evil: Revelations,2012-01-26,Tose,3.2,469000,469000, Shooter,2900,55000,939000,297000,13808,PC,Capcom,0.0,0.03,0.0,0.01,0.04
Resident Evil: Revelations,2012-01-26, Capcom,3.2,469000,469000, Shooter,2900,55000,939000,297000,2364,3DS,Capcom,0.3,0.22,0.3,0.05,0.88
Resident Evil: Revelations,2012-01-26, Capcom,3.2,469000,469000, Shooter,2900,55000,939000,297000,2585,PS3,Capcom,0.14,0.32,0.22,0.12,0.8
Resident Evil: Revelations,2012-01-26, Capcom,3.2,469000,469000, Shooter,2900,55000,939000,297000,6367,X360,Capcom,0.12,0.11,0.02,0.02,0.27
Resident Evil: Revelations,2012-01-26, Capcom,3.2,469000,469000, Shooter,2900,55000,939000,297000,7692,WiiU,Capcom,0.07,0.08,0.03,0.01,0.2
Resident Evil: Revelations,2012-01-26, Capcom,3.2,469000,469000, Shooter,2900,55000,939000,297000,13808,PC,Capcom,0.0,0.03,0.0,0.01,0.04
Shin Megami Tensei,1992-10-30,Atlus,3.3,433000,433000,RPG,1300,146000,868000,455000,10927,PS,Atlus,0.0,0.0,0.09,0.01,0.09
Tomb Raider,1996-10-25,Eidos Interactive,3.3,395000,395000,Adventure,2700,45000,773000,263000,230,PS,Eidos Interactive,2.29,1.97,0.13,0.24,4.63
Tomb Raider,1996-10-25,Eidos Interactive,3.3,395000,395000,Adventure,2700,45000,773000,263000,2024,PC,Eidos Interactive,0.96,0.07,0.0,0.0,1.03
Tomb Raider,1996-10-25, Core Design,3.3,395000,395000,Adventure,2700,45000,773000,263000,230,PS,Eidos Interactive,2.29,1.97,0.13,0.24,4.63
Tomb Raider,1996-10-25, Core Design,3.3,395000,395000,Adventure,2700,45000,773000,263000,2024,PC,Eidos Interactive,0.96,0.07,0.0,0.0,1.03
Tomb Raider,1996-10-25,Eidos Interactive,3.3,395000,395000, Platform,2700,45000,773000,263000,230,PS,Eidos Interactive,2.29,1.97,0.13,0.24,4.63
Tomb Raider,1996-10-25,Eidos Interactive,3.3,395000,395000, Platform,2700,45000,773000,263000,2024,PC,Eidos Interactive,0.96,0.07,0.0,0.0,1.03
Tomb Raider,1996-10-25, Core Design,3.3,395000,395000, Platform,2700,45000,773000,263000,230,PS,Eidos Interactive,2.29,1.97,0.13,0.24,4.63
Tomb Raider,1996-10-25, Core Design,3.3,395000,395000, Platform,2700,45000,773000,263000,2024,PC,Eidos Interactive,0.96,0.07,0.0,0.0,1.03
Tomb Raider,1996-10-25,Eidos Interactive,3.3,395000,395000, Puzzle,2700,45000,773000,263000,230,PS,Eidos Interactive,2.29,1.97,0.13,0.24,4.63
Tomb Raider,1996-10-25,Eidos Interactive,3.3,395000,395000, Puzzle,2700,45000,773000,263000,2024,PC,Eidos Interactive,0.96,0.07,0.0,0.0,1.03
Tomb Raider,1996-10-25, Core Design,3.3,395000,395000, Puzzle,2700,45000,773000,263000,230,PS,Eidos Interactive,2.29,1.97,0.13,0.24,4.63
Tomb Raider,1996-10-25, Core Design,3.3,395000,395000, Puzzle,2700,45000,773000,263000,2024,PC,Eidos Interactive,0.96,0.07,0.0,0.0,1.03
Tomb Raider,1996-10-25,Eidos Interactive,3.3,395000,395000, Shooter,2700,45000,773000,263000,230,PS,Eidos Interactive,2.29,1.97,0.13,0.24,4.63
Tomb Raider,1996-10-25,Eidos Interactive,3.3,395000,395000, Shooter,2700,45000,773000,263000,2024,PC,Eidos Interactive,0.96,0.07,0.0,0.0,1.03
Tomb Raider,1996-10-25, Core Design,3.3,395000,395000, Shooter,2700,45000,773000,263000,230,PS,Eidos Interactive,2.29,1.97,0.13,0.24,4.63
Tomb Raider,1996-10-25, Core Design,3.3,395000,395000, Shooter,2700,45000,773000,263000,2024,PC,Eidos Interactive,0.96,0.07,0.0,0.0,1.03
Battlefield: Bad Company 2,2010-03-02,EA Digital Illusions CE,3.6,288000,288000,Adventure,4200,23000,349000,119000,380,X360,Electronic Arts,2.09,1.02,0.04,0.32,3.48
Battlefield: Bad Company 2,2010-03-02,EA Digital Illusions CE,3.6,288000,288000,Adventure,4200,23000,349000,119000,478,PS3,Electronic Arts,1.33,1.12,0.08,0.45,2.97
Battlefield: Bad Company 2,2010-03-02,EA Digital Illusions CE,3.6,288000,288000,Adventure,4200,23000,349000,119000,2858,PC,Electronic Arts,0.19,0.53,0.0,0.0,0.71
Battlefield: Bad Company 2,2010-03-02, Electronic Arts,3.6,288000,288000,Adventure,4200,23000,349000,119000,380,X360,Electronic Arts,2.09,1.02,0.04,0.32,3.48
Battlefield: Bad Company 2,2010-03-02, Electronic Arts,3.6,288000,288000,Adventure,4200,23000,349000,119000,478,PS3,Electronic Arts,1.33,1.12,0.08,0.45,2.97
Battlefield: Bad Company 2,2010-03-02, Electronic Arts,3.6,288000,288000,Adventure,4200,23000,349000,119000,2858,PC,Electronic Arts,0.19,0.53,0.0,0.0,0.71
Battlefield: Bad Company 2,2010-03-02,EA Digital Illusions CE,3.6,288000,288000, Shooter,4200,23000,349000,119000,380,X360,Electronic Arts,2.09,1.02,0.04,0.32,3.48
Battlefield: Bad Company 2,2010-03-02,EA Digital Illusions CE,3.6,288000,288000, Shooter,4200,23000,349000,119000,478,PS3,Electronic Arts,1.33,1.12,0.08,0.45,2.97
Battlefield: Bad Company 2,2010-03-02,EA Digital Illusions CE,3.6,288000,288000, Shooter,4200,23000,349000,119000,2858,PC,Electronic Arts,0.19,0.53,0.0,0.0,0.71
Battlefield: Bad Company 2,2010-03-02, Electronic Arts,3.6,288000,288000, Shooter,4200,23000,349000,119000,380,X360,Electronic Arts,2.09,1.02,0.04,0.32,3.48
Battlefield: Bad Company 2,2010-03-02, Electronic Arts,3.6,288000,288000, Shooter,4200,23000,349000,119000,478,PS3,Electronic Arts,1.33,1.12,0.08,0.45,2.97
Battlefield: Bad Company 2,2010-03-02, Electronic Arts,3.6,288000,288000, Shooter,4200,23000,349000,119000,2858,PC,Electronic Arts,0.19,0.53,0.0,0.0,0.71
Battlefield: Bad Company 2,2010-03-02,EA Digital Illusions CE,3.6,288000,288000, Simulator,4200,23000,349000,119000,380,X360,Electronic Arts,2.09,1.02,0.04,0.32,3.48
Battlefield: Bad Company 2,2010-03-02,EA Digital Illusions CE,3.6,288000,288000, Simulator,4200,23000,349000,119000,478,PS3,Electronic Arts,1.33,1.12,0.08,0.45,2.97
Battlefield: Bad Company 2,2010-03-02,EA Digital Illusions CE,3.6,288000,288000, Simulator,4200,23000,349000,119000,2858,PC,Electronic Arts,0.19,0.53,0.0,0.0,0.71
Battlefield: Bad Company 2,2010-03-02, Electronic Arts,3.6,288000,288000, Simulator,4200,23000,349000,119000,380,X360,Electronic Arts,2.09,1.02,0.04,0.32,3.48
Battlefield: Bad Company 2,2010-03-02, Electronic Arts,3.6,288000,288000, Simulator,4200,23000,349000,119000,478,PS3,Electronic Arts,1.33,1.12,0.08,0.45,2.97
Battlefield: Bad Company 2,2010-03-02, Electronic Arts,3.6,288000,288000, Simulator,4200,23000,349000,119000,2858,PC,Electronic Arts,0.19,0.53,0.0,0.0,0.71
Battlefield: Bad Company 2,2010-03-02,EA Digital Illusions CE,3.6,288000,288000, Strategy,4200,23000,349000,119000,380,X360,Electronic Arts,2.09,1.02,0.04,0.32,3.48
Battlefield: Bad Company 2,2010-03-02,EA Digital Illusions CE,3.6,288000,288000, Strategy,4200,23000,349000,119000,478,PS3,Electronic Arts,1.33,1.12,0.08,0.45,2.97
Battlefield: Bad Company 2,2010-03-02,EA Digital Illusions CE,3.6,288000,288000, Strategy,4200,23000,349000,119000,2858,PC,Electronic Arts,0.19,0.53,0.0,0.0,0.71
Battlefield: Bad Company 2,2010-03-02, Electronic Arts,3.6,288000,288000, Strategy,4200,23000,349000,119000,380,X360,Electronic Arts,2.09,1.02,0.04,0.32,3.48
Battlefield: Bad Company 2,2010-03-02, Electronic Arts,3.6,288000,288000, Strategy,4200,23000,349000,119000,478,PS3,Electronic Arts,1.33,1.12,0.08,0.45,2.97
Battlefield: Bad Company 2,2010-03-02, Electronic Arts,3.6,288000,288000, Strategy,4200,23000,349000,119000,2858,PC,Electronic Arts,0.19,0.53,0.0,0.0,0.71
Ninja Gaiden Black,2005-09-20,Team NINJA,4.3,294000,294000,Adventure,992000,41000,495000,343000,10917,XB,Microsoft Game Studios,0.07,0.02,0.0,0.0,0.09
Ninja Gaiden Black,2005-09-20, Tecmo,4.3,294000,294000,Adventure,992000,41000,495000,343000,10917,XB,Microsoft Game Studios,0.07,0.02,0.0,0.0,0.09
Ninja Gaiden Black,2005-09-20,Team NINJA,4.3,294000,294000, Brawler,992000,41000,495000,343000,10917,XB,Microsoft Game Studios,0.07,0.02,0.0,0.0,0.09
Ninja Gaiden Black,2005-09-20, Tecmo,4.3,294000,294000, Brawler,992000,41000,495000,343000,10917,XB,Microsoft Game Studios,0.07,0.02,0.0,0.0,0.09
Sid Meier's Civilization V,2010-09-21,2K Games,3.9,320000,320000,Simulator,5400,56000,369000,140000,1071,PC,Take-Two Interactive,0.98,0.52,0.0,0.19,1.69
Sid Meier's Civilization V,2010-09-21, Firaxis Games,3.9,320000,320000,Simulator,5400,56000,369000,140000,1071,PC,Take-Two Interactive,0.98,0.52,0.0,0.19,1.69
Sid Meier's Civilization V,2010-09-21,2K Games,3.9,320000,320000, Strategy,5400,56000,369000,140000,1071,PC,Take-Two Interactive,0.98,0.52,0.0,0.19,1.69
Sid Meier's Civilization V,2010-09-21, Firaxis Games,3.9,320000,320000, Strategy,5400,56000,369000,140000,1071,PC,Take-Two Interactive,0.98,0.52,0.0,0.19,1.69
Sid Meier's Civilization V,2010-09-21,2K Games,3.9,320000,320000, Turn Based Strategy,5400,56000,369000,140000,1071,PC,Take-Two Interactive,0.98,0.52,0.0,0.19,1.69
Sid Meier's Civilization V,2010-09-21, Firaxis Games,3.9,320000,320000, Turn Based Strategy,5400,56000,369000,140000,1071,PC,Take-Two Interactive,0.98,0.52,0.0,0.19,1.69
Fire Emblem: Shadow Dragon,2008-08-07,Intelligent Systems Co.,3.2,361000,361000,RPG,1900,78000,808000,235000,3116,DS,Nintendo,0.31,0.03,0.27,0.03,0.65
Fire Emblem: Shadow Dragon,2008-08-07, Ltd.,3.2,361000,361000,RPG,1900,78000,808000,235000,3116,DS,Nintendo,0.31,0.03,0.27,0.03,0.65
Fire Emblem: Shadow Dragon,2008-08-07, Nintendo,3.2,361000,361000,RPG,1900,78000,808000,235000,3116,DS,Nintendo,0.31,0.03,0.27,0.03,0.65
Fire Emblem: Shadow Dragon,2008-08-07,Intelligent Systems Co.,3.2,361000,361000, Strategy,1900,78000,808000,235000,3116,DS,Nintendo,0.31,0.03,0.27,0.03,0.65
Fire Emblem: Shadow Dragon,2008-08-07, Ltd.,3.2,361000,361000, Strategy,1900,78000,808000,235000,3116,DS,Nintendo,0.31,0.03,0.27,0.03,0.65
Fire Emblem: Shadow Dragon,2008-08-07, Nintendo,3.2,361000,361000, Strategy,1900,78000,808000,235000,3116,DS,Nintendo,0.31,0.03,0.27,0.03,0.65
Fire Emblem: Shadow Dragon,2008-08-07,Intelligent Systems Co.,3.2,361000,361000, Tactical,1900,78000,808000,235000,3116,DS,Nintendo,0.31,0.03,0.27,0.03,0.65
Fire Emblem: Shadow Dragon,2008-08-07, Ltd.,3.2,361000,361000, Tactical,1900,78000,808000,235000,3116,DS,Nintendo,0.31,0.03,0.27,0.03,0.65
Fire Emblem: Shadow Dragon,2008-08-07, Nintendo,3.2,361000,361000, Tactical,1900,78000,808000,235000,3116,DS,Nintendo,0.31,0.03,0.27,0.03,0.65
Fire Emblem: Shadow Dragon,2008-08-07,Intelligent Systems Co.,3.2,361000,361000, Turn Based Strategy,1900,78000,808000,235000,3116,DS,Nintendo,0.31,0.03,0.27,0.03,0.65
Fire Emblem: Shadow Dragon,2008-08-07, Ltd.,3.2,361000,361000, Turn Based Strategy,1900,78000,808000,235000,3116,DS,Nintendo,0.31,0.03,0.27,0.03,0.65
Fire Emblem: Shadow Dragon,2008-08-07, Nintendo,3.2,361000,361000, Turn Based Strategy,1900,78000,808000,235000,3116,DS,Nintendo,0.31,0.03,0.27,0.03,0.65
Tomodachi Life,2013-04-18,Nintendo SPD Group No. 1,3.7,281000,281000,Adventure,3400,59000,180000,133000,189,3DS,Nintendo,0.96,2.02,1.89,0.28,5.15
Tomodachi Life,2013-04-18, Nintendo,3.7,281000,281000,Adventure,3400,59000,180000,133000,189,3DS,Nintendo,0.96,2.02,1.89,0.28,5.15
Tomodachi Life,2013-04-18,Nintendo SPD Group No. 1,3.7,281000,281000, Simulator,3400,59000,180000,133000,189,3DS,Nintendo,0.96,2.02,1.89,0.28,5.15
Tomodachi Life,2013-04-18, Nintendo,3.7,281000,281000, Simulator,3400,59000,180000,133000,189,3DS,Nintendo,0.96,2.02,1.89,0.28,5.15
LEGO Harry Potter: Years 1-4,2010-06-25,WB Games,3.2,349000,349000,Adventure,4100,53000,449000,113000,619,Wii,Warner Bros. Interactive Entertainment,1.29,0.97,0.0,0.23,2.49
LEGO Harry Potter: Years 1-4,2010-06-25,WB Games,3.2,349000,349000,Adventure,4100,53000,449000,113000,673,DS,Warner Bros. Interactive Entertainment,1.07,1.05,0.0,0.23,2.35
LEGO Harry Potter: Years 1-4,2010-06-25,WB Games,3.2,349000,349000,Adventure,4100,53000,449000,113000,1168,X360,Warner Bros. Interactive Entertainment,0.95,0.5,0.0,0.14,1.59
LEGO Harry Potter: Years 1-4,2010-06-25,WB Games,3.2,349000,349000,Adventure,4100,53000,449000,113000,1422,PS3,Warner Bros. Interactive Entertainment,0.55,0.6,0.0,0.22,1.37
LEGO Harry Potter: Years 1-4,2010-06-25,WB Games,3.2,349000,349000,Adventure,4100,53000,449000,113000,2888,PSP,Warner Bros. Interactive Entertainment,0.14,0.37,0.0,0.19,0.71
LEGO Harry Potter: Years 1-4,2010-06-25,WB Games,3.2,349000,349000,Adventure,4100,53000,449000,113000,14963,PC,Warner Bros. Interactive Entertainment,0.01,0.01,0.0,0.0,0.02
LEGO Harry Potter: Years 1-4,2010-06-25," ""Travellers Tales""",3.2,349000,349000,Adventure,4100,53000,449000,113000,619,Wii,Warner Bros. Interactive Entertainment,1.29,0.97,0.0,0.23,2.49
LEGO Harry Potter: Years 1-4,2010-06-25," ""Travellers Tales""",3.2,349000,349000,Adventure,4100,53000,449000,113000,673,DS,Warner Bros. Interactive Entertainment,1.07,1.05,0.0,0.23,2.35
LEGO Harry Potter: Years 1-4,2010-06-25," ""Travellers Tales""",3.2,349000,349000,Adventure,4100,53000,449000,113000,1168,X360,Warner Bros. Interactive Entertainment,0.95,0.5,0.0,0.14,1.59
LEGO Harry Potter: Years 1-4,2010-06-25," ""Travellers Tales""",3.2,349000,349000,Adventure,4100,53000,449000,113000,1422,PS3,Warner Bros. Interactive Entertainment,0.55,0.6,0.0,0.22,1.37
LEGO Harry Potter: Years 1-4,2010-06-25," ""Travellers Tales""",3.2,349000,349000,Adventure,4100,53000,449000,113000,2888,PSP,Warner Bros. Interactive Entertainment,0.14,0.37,0.0,0.19,0.71
LEGO Harry Potter: Years 1-4,2010-06-25," ""Travellers Tales""",3.2,349000,349000,Adventure,4100,53000,449000,113000,14963,PC,Warner Bros. Interactive Entertainment,0.01,0.01,0.0,0.0,0.02
LEGO Harry Potter: Years 1-4,2010-06-25,WB Games,3.2,349000,349000, Platform,4100,53000,449000,113000,619,Wii,Warner Bros. Interactive Entertainment,1.29,0.97,0.0,0.23,2.49
LEGO Harry Potter: Years 1-4,2010-06-25,WB Games,3.2,349000,349000, Platform,4100,53000,449000,113000,673,DS,Warner Bros. Interactive Entertainment,1.07,1.05,0.0,0.23,2.35
LEGO Harry Potter: Years 1-4,2010-06-25,WB Games,3.2,349000,349000, Platform,4100,53000,449000,113000,1168,X360,Warner Bros. Interactive Entertainment,0.95,0.5,0.0,0.14,1.59
LEGO Harry Potter: Years 1-4,2010-06-25,WB Games,3.2,349000,349000, Platform,4100,53000,449000,113000,1422,PS3,Warner Bros. Interactive Entertainment,0.55,0.6,0.0,0.22,1.37
LEGO Harry Potter: Years 1-4,2010-06-25,WB Games,3.2,349000,349000, Platform,4100,53000,449000,113000,2888,PSP,Warner Bros. Interactive Entertainment,0.14,0.37,0.0,0.19,0.71
LEGO Harry Potter: Years 1-4,2010-06-25,WB Games,3.2,349000,349000, Platform,4100,53000,449000,113000,14963,PC,Warner Bros. Interactive Entertainment,0.01,0.01,0.0,0.0,0.02
LEGO Harry Potter: Years 1-4,2010-06-25," ""Travellers Tales""",3.2,349000,349000, Platform,4100,53000,449000,113000,619,Wii,Warner Bros. Interactive Entertainment,1.29,0.97,0.0,0.23,2.49
LEGO Harry Potter: Years 1-4,2010-06-25," ""Travellers Tales""",3.2,349000,349000, Platform,4100,53000,449000,113000,673,DS,Warner Bros. Interactive Entertainment,1.07,1.05,0.0,0.23,2.35
LEGO Harry Potter: Years 1-4,2010-06-25," ""Travellers Tales""",3.2,349000,349000, Platform,4100,53000,449000,113000,1168,X360,Warner Bros. Interactive Entertainment,0.95,0.5,0.0,0.14,1.59
LEGO Harry Potter: Years 1-4,2010-06-25," ""Travellers Tales""",3.2,349000,349000, Platform,4100,53000,449000,113000,1422,PS3,Warner Bros. Interactive Entertainment,0.55,0.6,0.0,0.22,1.37
LEGO Harry Potter: Years 1-4,2010-06-25," ""Travellers Tales""",3.2,349000,349000, Platform,4100,53000,449000,113000,2888,PSP,Warner Bros. Interactive Entertainment,0.14,0.37,0.0,0.19,0.71
LEGO Harry Potter: Years 1-4,2010-06-25," ""Travellers Tales""",3.2,349000,349000, Platform,4100,53000,449000,113000,14963,PC,Warner Bros. Interactive Entertainment,0.01,0.01,0.0,0.0,0.02
LEGO Harry Potter: Years 1-4,2010-06-25,WB Games,3.2,349000,349000, Puzzle,4100,53000,449000,113000,619,Wii,Warner Bros. Interactive Entertainment,1.29,0.97,0.0,0.23,2.49
LEGO Harry Potter: Years 1-4,2010-06-25,WB Games,3.2,349000,349000, Puzzle,4100,53000,449000,113000,673,DS,Warner Bros. Interactive Entertainment,1.07,1.05,0.0,0.23,2.35
LEGO Harry Potter: Years 1-4,2010-06-25,WB Games,3.2,349000,349000, Puzzle,4100,53000,449000,113000,1168,X360,Warner Bros. Interactive Entertainment,0.95,0.5,0.0,0.14,1.59
LEGO Harry Potter: Years 1-4,2010-06-25,WB Games,3.2,349000,349000, Puzzle,4100,53000,449000,113000,1422,PS3,Warner Bros. Interactive Entertainment,0.55,0.6,0.0,0.22,1.37
LEGO Harry Potter: Years 1-4,2010-06-25,WB Games,3.2,349000,349000, Puzzle,4100,53000,449000,113000,2888,PSP,Warner Bros. Interactive Entertainment,0.14,0.37,0.0,0.19,0.71
LEGO Harry Potter: Years 1-4,2010-06-25,WB Games,3.2,349000,349000, Puzzle,4100,53000,449000,113000,14963,PC,Warner Bros. Interactive Entertainment,0.01,0.01,0.0,0.0,0.02
LEGO Harry Potter: Years 1-4,2010-06-25," ""Travellers Tales""",3.2,349000,349000, Puzzle,4100,53000,449000,113000,619,Wii,Warner Bros. Interactive Entertainment,1.29,0.97,0.0,0.23,2.49
LEGO Harry Potter: Years 1-4,2010-06-25," ""Travellers Tales""",3.2,349000,349000, Puzzle,4100,53000,449000,113000,673,DS,Warner Bros. Interactive Entertainment,1.07,1.05,0.0,0.23,2.35
LEGO Harry Potter: Years 1-4,2010-06-25," ""Travellers Tales""",3.2,349000,349000, Puzzle,4100,53000,449000,113000,1168,X360,Warner Bros. Interactive Entertainment,0.95,0.5,0.0,0.14,1.59
LEGO Harry Potter: Years 1-4,2010-06-25," ""Travellers Tales""",3.2,349000,349000, Puzzle,4100,53000,449000,113000,1422,PS3,Warner Bros. Interactive Entertainment,0.55,0.6,0.0,0.22,1.37
LEGO Harry Potter: Years 1-4,2010-06-25," ""Travellers Tales""",3.2,349000,349000, Puzzle,4100,53000,449000,113000,2888,PSP,Warner Bros. Interactive Entertainment,0.14,0.37,0.0,0.19,0.71
LEGO Harry Potter: Years 1-4,2010-06-25," ""Travellers Tales""",3.2,349000,349000, Puzzle,4100,53000,449000,113000,14963,PC,Warner Bros. Interactive Entertainment,0.01,0.01,0.0,0.0,0.02
Dragon Quest V: Hand of the Heavenly Bride,2008-07-17,Chunsoft,4.2,371000,371000,RPG,1400,85000,1000,478000,1157,DS,Square Enix,0.19,0.02,1.36,0.02,1.6
Dragon Quest V: Hand of the Heavenly Bride,2008-07-17, Square Enix,4.2,371000,371000,RPG,1400,85000,1000,478000,1157,DS,Square Enix,0.19,0.02,1.36,0.02,1.6
Sonic Lost World,2013-10-18,Nintendo,2.5,395000,395000,Adventure,2500,34000,498000,214000,4034,3DS,Sega,0.24,0.15,0.07,0.03,0.49
Sonic Lost World,2013-10-18,Nintendo,2.5,395000,395000,Adventure,2500,34000,498000,214000,4858,WiiU,Sega,0.24,0.12,0.01,0.03,0.4
Sonic Lost World,2013-10-18, Sonic Team,2.5,395000,395000,Adventure,2500,34000,498000,214000,4034,3DS,Sega,0.24,0.15,0.07,0.03,0.49
Sonic Lost World,2013-10-18, Sonic Team,2.5,395000,395000,Adventure,2500,34000,498000,214000,4858,WiiU,Sega,0.24,0.12,0.01,0.03,0.4
Sonic Lost World,2013-10-18,Nintendo,2.5,395000,395000, Platform,2500,34000,498000,214000,4034,3DS,Sega,0.24,0.15,0.07,0.03,0.49
Sonic Lost World,2013-10-18,Nintendo,2.5,395000,395000, Platform,2500,34000,498000,214000,4858,WiiU,Sega,0.24,0.12,0.01,0.03,0.4
Sonic Lost World,2013-10-18, Sonic Team,2.5,395000,395000, Platform,2500,34000,498000,214000,4034,3DS,Sega,0.24,0.15,0.07,0.03,0.49
Sonic Lost World,2013-10-18, Sonic Team,2.5,395000,395000, Platform,2500,34000,498000,214000,4858,WiiU,Sega,0.24,0.12,0.01,0.03,0.4
Halo 5: Guardians,2015-10-27,343 Industries,2.5,500000,500000,Shooter,3500,31000,602000,257000,261,XOne,Microsoft Game Studios,2.64,1.2,0.03,0.39,4.26
Halo 5: Guardians,2015-10-27, Microsoft Studios,2.5,500000,500000,Shooter,3500,31000,602000,257000,261,XOne,Microsoft Game Studios,2.64,1.2,0.03,0.39,4.26
Ultimate Spider-Man,2005-09-21,Activision,3.6,300000,300000,Brawler,3700,25000,382000,280000,2829,PS2,Activision,0.6,0.02,0.0,0.1,0.72
Ultimate Spider-Man,2005-09-21,Activision,3.6,300000,300000,Brawler,3700,25000,382000,280000,4882,XB,Activision,0.26,0.11,0.0,0.02,0.39
Ultimate Spider-Man,2005-09-21,Activision,3.6,300000,300000,Brawler,3700,25000,382000,280000,5097,GC,Activision,0.29,0.07,0.0,0.01,0.37
Ultimate Spider-Man,2005-09-21,Activision,3.6,300000,300000,Brawler,3700,25000,382000,280000,5824,GBA,Activision,0.22,0.08,0.0,0.01,0.3
Ultimate Spider-Man,2005-09-21,Activision,3.6,300000,300000,Brawler,3700,25000,382000,280000,8707,DS,Activision,0.14,0.0,0.0,0.01,0.16
Ultimate Spider-Man,2005-09-21, Beenox,3.6,300000,300000,Brawler,3700,25000,382000,280000,2829,PS2,Activision,0.6,0.02,0.0,0.1,0.72
Ultimate Spider-Man,2005-09-21, Beenox,3.6,300000,300000,Brawler,3700,25000,382000,280000,4882,XB,Activision,0.26,0.11,0.0,0.02,0.39
Ultimate Spider-Man,2005-09-21, Beenox,3.6,300000,300000,Brawler,3700,25000,382000,280000,5097,GC,Activision,0.29,0.07,0.0,0.01,0.37
Ultimate Spider-Man,2005-09-21, Beenox,3.6,300000,300000,Brawler,3700,25000,382000,280000,5824,GBA,Activision,0.22,0.08,0.0,0.01,0.3
Ultimate Spider-Man,2005-09-21, Beenox,3.6,300000,300000,Brawler,3700,25000,382000,280000,8707,DS,Activision,0.14,0.0,0.0,0.01,0.16
Secret of Mana,1993-08-06,Square Enix,3.3,413000,413000,RPG,1900,57000,1300,511000,950,SNES,SquareSoft,0.25,0.07,1.49,0.02,1.83
Secret of Mana,1993-08-06, Square,3.3,413000,413000,RPG,1900,57000,1300,511000,950,SNES,SquareSoft,0.25,0.07,1.49,0.02,1.83
Mega Man Legends,1997-12-18,Capcom USA,3.7,361000,361000,Adventure,1400,51000,851000,364000,2494,PS,Capcom,0.39,0.26,0.12,0.05,0.83
Mega Man Legends,1997-12-18, Capcom Production Studio 2,3.7,361000,361000,Adventure,1400,51000,851000,364000,2494,PS,Capcom,0.39,0.26,0.12,0.05,0.83
Mega Man Legends,1997-12-18,Capcom USA,3.7,361000,361000, RPG,1400,51000,851000,364000,2494,PS,Capcom,0.39,0.26,0.12,0.05,0.83
Mega Man Legends,1997-12-18, Capcom Production Studio 2,3.7,361000,361000, RPG,1400,51000,851000,364000,2494,PS,Capcom,0.39,0.26,0.12,0.05,0.83
Mega Man Legends,1997-12-18,Capcom USA,3.7,361000,361000, Shooter,1400,51000,851000,364000,2494,PS,Capcom,0.39,0.26,0.12,0.05,0.83
Mega Man Legends,1997-12-18, Capcom Production Studio 2,3.7,361000,361000, Shooter,1400,51000,851000,364000,2494,PS,Capcom,0.39,0.26,0.12,0.05,0.83
Dante's Inferno,2010-02-04,Electronic Arts,3.2,321000,321000,Adventure,2600,40000,567000,334000,1889,PS3,Electronic Arts,0.64,0.28,0.04,0.13,1.09
Dante's Inferno,2010-02-04,Electronic Arts,3.2,321000,321000,Adventure,2600,40000,567000,334000,2256,X360,Electronic Arts,0.63,0.2,0.02,0.07,0.92
Dante's Inferno,2010-02-04,Electronic Arts,3.2,321000,321000,Adventure,2600,40000,567000,334000,7793,PSP,Electronic Arts,0.12,0.03,0.01,0.03,0.19
Dante's Inferno,2010-02-04, Visceral Games,3.2,321000,321000,Adventure,2600,40000,567000,334000,1889,PS3,Electronic Arts,0.64,0.28,0.04,0.13,1.09
Dante's Inferno,2010-02-04, Visceral Games,3.2,321000,321000,Adventure,2600,40000,567000,334000,2256,X360,Electronic Arts,0.63,0.2,0.02,0.07,0.92
Dante's Inferno,2010-02-04, Visceral Games,3.2,321000,321000,Adventure,2600,40000,567000,334000,7793,PSP,Electronic Arts,0.12,0.03,0.01,0.03,0.19
Dante's Inferno,2010-02-04,Electronic Arts,3.2,321000,321000, Brawler,2600,40000,567000,334000,1889,PS3,Electronic Arts,0.64,0.28,0.04,0.13,1.09
Dante's Inferno,2010-02-04,Electronic Arts,3.2,321000,321000, Brawler,2600,40000,567000,334000,2256,X360,Electronic Arts,0.63,0.2,0.02,0.07,0.92
Dante's Inferno,2010-02-04,Electronic Arts,3.2,321000,321000, Brawler,2600,40000,567000,334000,7793,PSP,Electronic Arts,0.12,0.03,0.01,0.03,0.19
Dante's Inferno,2010-02-04, Visceral Games,3.2,321000,321000, Brawler,2600,40000,567000,334000,1889,PS3,Electronic Arts,0.64,0.28,0.04,0.13,1.09
Dante's Inferno,2010-02-04, Visceral Games,3.2,321000,321000, Brawler,2600,40000,567000,334000,2256,X360,Electronic Arts,0.63,0.2,0.02,0.07,0.92
Dante's Inferno,2010-02-04, Visceral Games,3.2,321000,321000, Brawler,2600,40000,567000,334000,7793,PSP,Electronic Arts,0.12,0.03,0.01,0.03,0.19
Haunting Ground,2005-04-21,Capcom Production Studio 1,3.8,281000,281000,Adventure,597000,29000,625000,572000,11931,PS2,Capcom,0.03,0.03,0.0,0.01,0.07
Haunting Ground,2005-04-21, Capcom,3.8,281000,281000,Adventure,597000,29000,625000,572000,11931,PS2,Capcom,0.03,0.03,0.0,0.01,0.07
Disney's Aladdin,1993-11-21,Capcom,3.4,203000,203000,Adventure,2200,9000,192000,85000,1011,SNES,Capcom,0.94,0.34,0.21,0.27,1.75
Disney's Aladdin,1993-11-21,Capcom,3.4,203000,203000,Adventure,2200,9000,192000,85000,14545,GBA,Capcom,0.02,0.01,0.0,0.0,0.03
Disney's Aladdin,1993-11-21,Capcom,3.4,203000,203000, Arcade,2200,9000,192000,85000,1011,SNES,Capcom,0.94,0.34,0.21,0.27,1.75
Disney's Aladdin,1993-11-21,Capcom,3.4,203000,203000, Arcade,2200,9000,192000,85000,14545,GBA,Capcom,0.02,0.01,0.0,0.0,0.03
Disney's Aladdin,1993-11-21,Capcom,3.4,203000,203000, Platform,2200,9000,192000,85000,1011,SNES,Capcom,0.94,0.34,0.21,0.27,1.75
Disney's Aladdin,1993-11-21,Capcom,3.4,203000,203000, Platform,2200,9000,192000,85000,14545,GBA,Capcom,0.02,0.01,0.0,0.0,0.03
Fable II,2008-10-21,Lionhead Studios,3.6,310000,310000,Adventure,3200,22000,580000,271000,260,X360,Microsoft Game Studios,2.51,1.27,0.11,0.41,4.31
Fable II,2008-10-21, Microsoft Game Studios,3.6,310000,310000,Adventure,3200,22000,580000,271000,260,X360,Microsoft Game Studios,2.51,1.27,0.11,0.41,4.31
Fable II,2008-10-21,Lionhead Studios,3.6,310000,310000, RPG,3200,22000,580000,271000,260,X360,Microsoft Game Studios,2.51,1.27,0.11,0.41,4.31
Fable II,2008-10-21, Microsoft Game Studios,3.6,310000,310000, RPG,3200,22000,580000,271000,260,X360,Microsoft Game Studios,2.51,1.27,0.11,0.41,4.31
Lightning Returns: Final Fantasy XIII,2013-11-21,Square Enix,3.1,362000,362000,RPG,1500,44000,1300,426000,1871,PS3,Square Enix,0.31,0.22,0.45,0.12,1.1
Lightning Returns: Final Fantasy XIII,2013-11-21,Square Enix,3.1,362000,362000,RPG,1500,44000,1300,426000,6064,X360,Square Enix,0.15,0.1,0.01,0.02,0.29
Yakuza 2,2006-12-07,Sega,4.0,331000,331000,Adventure,1000,28000,491000,255000,1875,PS2,Sega,0.05,0.04,0.84,0.16,1.09
Yakuza 2,2006-12-07,Sega,4.0,331000,331000, Brawler,1000,28000,491000,255000,1875,PS2,Sega,0.05,0.04,0.84,0.16,1.09
Yakuza 2,2006-12-07,Sega,4.0,331000,331000, RPG,1000,28000,491000,255000,1875,PS2,Sega,0.05,0.04,0.84,0.16,1.09
Yakuza 2,2006-12-07,Sega,4.0,331000,331000, Simulator,1000,28000,491000,255000,1875,PS2,Sega,0.05,0.04,0.84,0.16,1.09
Yakuza 2,2006-12-07,Sega,4.0,331000,331000, Sport,1000,28000,491000,255000,1875,PS2,Sega,0.05,0.04,0.84,0.16,1.09
F-Zero X,1998-07-14,Nintendo EAD,3.9,354000,354000,Arcade,1700,15000,387000,172000,1862,N64,Nintendo,0.45,0.33,0.29,0.03,1.1
F-Zero X,1998-07-14, Nintendo,3.9,354000,354000,Arcade,1700,15000,387000,172000,1862,N64,Nintendo,0.45,0.33,0.29,0.03,1.1
F-Zero X,1998-07-14,Nintendo EAD,3.9,354000,354000, Racing,1700,15000,387000,172000,1862,N64,Nintendo,0.45,0.33,0.29,0.03,1.1
F-Zero X,1998-07-14, Nintendo,3.9,354000,354000, Racing,1700,15000,387000,172000,1862,N64,Nintendo,0.45,0.33,0.29,0.03,1.1
Super Mario Sunshine,2020-09-18,Nintendo EAD,3.7,19000,19000,Adventure,340000,6000,83000,14000,136,GC,Nintendo,4.01,1.26,0.87,0.17,6.31
Super Mario Sunshine,2020-09-18, Nintendo,3.7,19000,19000,Adventure,340000,6000,83000,14000,136,GC,Nintendo,4.01,1.26,0.87,0.17,6.31
Super Mario Sunshine,2020-09-18,Nintendo EAD,3.7,19000,19000, Platform,340000,6000,83000,14000,136,GC,Nintendo,4.01,1.26,0.87,0.17,6.31
Super Mario Sunshine,2020-09-18, Nintendo,3.7,19000,19000, Platform,340000,6000,83000,14000,136,GC,Nintendo,4.01,1.26,0.87,0.17,6.31
Mega Man X5,2000-11-30,Capcom Production Studio 3,3.2,334000,334000,Adventure,2200,11000,450000,126000,2736,PS,Capcom,0.3,0.21,0.2,0.05,0.75
Mega Man X5,2000-11-30, Capcom,3.2,334000,334000,Adventure,2200,11000,450000,126000,2736,PS,Capcom,0.3,0.21,0.2,0.05,0.75
Mega Man X5,2000-11-30,Capcom Production Studio 3,3.2,334000,334000, Platform,2200,11000,450000,126000,2736,PS,Capcom,0.3,0.21,0.2,0.05,0.75
Mega Man X5,2000-11-30, Capcom,3.2,334000,334000, Platform,2200,11000,450000,126000,2736,PS,Capcom,0.3,0.21,0.2,0.05,0.75
Mega Man X5,2000-11-30,Capcom Production Studio 3,3.2,334000,334000, Shooter,2200,11000,450000,126000,2736,PS,Capcom,0.3,0.21,0.2,0.05,0.75
Mega Man X5,2000-11-30, Capcom,3.2,334000,334000, Shooter,2200,11000,450000,126000,2736,PS,Capcom,0.3,0.21,0.2,0.05,0.75
Mega Man 7,1995-03-24,Capcom,3.5,405000,405000,Adventure,2400,19000,461000,139000,6194,SNES,Laguna,0.03,0.01,0.23,0.01,0.28
Mega Man 7,1995-03-24,Capcom,3.5,405000,405000, Platform,2400,19000,461000,139000,6194,SNES,Laguna,0.03,0.01,0.23,0.01,0.28
Mega Man 7,1995-03-24,Capcom,3.5,405000,405000, Shooter,2400,19000,461000,139000,6194,SNES,Laguna,0.03,0.01,0.23,0.01,0.28
Metal Gear Solid: The Twin Snakes,2004-03-09,Konami,3.6,267000,267000,Adventure,1900,31000,619000,364000,4224,GC,Konami Digital Entertainment,0.3,0.08,0.07,0.01,0.47
Metal Gear Solid: The Twin Snakes,2004-03-09, Silicon Knights,3.6,267000,267000,Adventure,1900,31000,619000,364000,4224,GC,Konami Digital Entertainment,0.3,0.08,0.07,0.01,0.47
The Simpsons Game,2007-10-30,Griptonite Games,3.0,200000,200000,Platform,3800,20000,283000,156000,1222,DS,Electronic Arts,0.57,0.79,0.0,0.17,1.53
The Simpsons Game,2007-10-30,Griptonite Games,3.0,200000,200000,Platform,3800,20000,283000,156000,1251,PS2,Electronic Arts,0.35,0.03,0.0,1.13,1.51
The Simpsons Game,2007-10-30,Griptonite Games,3.0,200000,200000,Platform,3800,20000,283000,156000,1874,PSP,Electronic Arts,0.24,0.55,0.0,0.31,1.09
The Simpsons Game,2007-10-30,Griptonite Games,3.0,200000,200000,Platform,3800,20000,283000,156000,1989,X360,Electronic Arts,0.54,0.4,0.0,0.11,1.05
The Simpsons Game,2007-10-30,Griptonite Games,3.0,200000,200000,Platform,3800,20000,283000,156000,2023,Wii,Electronic Arts,0.45,0.47,0.0,0.11,1.03
The Simpsons Game,2007-10-30,Griptonite Games,3.0,200000,200000,Platform,3800,20000,283000,156000,2295,PS3,Electronic Arts,0.38,0.37,0.0,0.15,0.91
The Simpsons Game,2007-10-30, Electronic Arts,3.0,200000,200000,Platform,3800,20000,283000,156000,1222,DS,Electronic Arts,0.57,0.79,0.0,0.17,1.53
The Simpsons Game,2007-10-30, Electronic Arts,3.0,200000,200000,Platform,3800,20000,283000,156000,1251,PS2,Electronic Arts,0.35,0.03,0.0,1.13,1.51
The Simpsons Game,2007-10-30, Electronic Arts,3.0,200000,200000,Platform,3800,20000,283000,156000,1874,PSP,Electronic Arts,0.24,0.55,0.0,0.31,1.09
The Simpsons Game,2007-10-30, Electronic Arts,3.0,200000,200000,Platform,3800,20000,283000,156000,1989,X360,Electronic Arts,0.54,0.4,0.0,0.11,1.05
The Simpsons Game,2007-10-30, Electronic Arts,3.0,200000,200000,Platform,3800,20000,283000,156000,2023,Wii,Electronic Arts,0.45,0.47,0.0,0.11,1.03
The Simpsons Game,2007-10-30, Electronic Arts,3.0,200000,200000,Platform,3800,20000,283000,156000,2295,PS3,Electronic Arts,0.38,0.37,0.0,0.15,0.91
Mega Man Zero 2,2003-05-02,Inti Creates,3.7,317000,317000,Adventure,1900,21000,529000,180000,4523,GBA,Capcom,0.18,0.07,0.17,0.01,0.43
Mega Man Zero 2,2003-05-02, Capcom,3.7,317000,317000,Adventure,1900,21000,529000,180000,4523,GBA,Capcom,0.18,0.07,0.17,0.01,0.43
Mega Man Zero 2,2003-05-02,Inti Creates,3.7,317000,317000, Platform,1900,21000,529000,180000,4523,GBA,Capcom,0.18,0.07,0.17,0.01,0.43
Mega Man Zero 2,2003-05-02, Capcom,3.7,317000,317000, Platform,1900,21000,529000,180000,4523,GBA,Capcom,0.18,0.07,0.17,0.01,0.43
Mega Man Zero 2,2003-05-02,Inti Creates,3.7,317000,317000, Shooter,1900,21000,529000,180000,4523,GBA,Capcom,0.18,0.07,0.17,0.01,0.43
Mega Man Zero 2,2003-05-02, Capcom,3.7,317000,317000, Shooter,1900,21000,529000,180000,4523,GBA,Capcom,0.18,0.07,0.17,0.01,0.43
Crash of the Titans,2007-10-04,Radical Entertainment,3.0,200000,200000,Adventure,3800,18000,196000,122000,3140,PSP,Vivendi Games,0.25,0.25,0.0,0.15,0.64
Crash of the Titans,2007-10-04,Radical Entertainment,3.0,200000,200000,Adventure,3800,18000,196000,122000,4077,DS,Vivendi Games,0.42,0.02,0.0,0.04,0.49
Crash of the Titans,2007-10-04,Radical Entertainment,3.0,200000,200000,Adventure,3800,18000,196000,122000,4237,Wii,Vivendi Games,0.4,0.03,0.0,0.04,0.46
Crash of the Titans,2007-10-04,Radical Entertainment,3.0,200000,200000,Adventure,3800,18000,196000,122000,4690,PS2,Vivendi Games,0.34,0.01,0.0,0.06,0.41
Crash of the Titans,2007-10-04,Radical Entertainment,3.0,200000,200000,Adventure,3800,18000,196000,122000,5609,X360,Vivendi Games,0.27,0.02,0.0,0.03,0.32
Crash of the Titans,2007-10-04, Sierra Entertainment,3.0,200000,200000,Adventure,3800,18000,196000,122000,3140,PSP,Vivendi Games,0.25,0.25,0.0,0.15,0.64
Crash of the Titans,2007-10-04, Sierra Entertainment,3.0,200000,200000,Adventure,3800,18000,196000,122000,4077,DS,Vivendi Games,0.42,0.02,0.0,0.04,0.49
Crash of the Titans,2007-10-04, Sierra Entertainment,3.0,200000,200000,Adventure,3800,18000,196000,122000,4237,Wii,Vivendi Games,0.4,0.03,0.0,0.04,0.46
Crash of the Titans,2007-10-04, Sierra Entertainment,3.0,200000,200000,Adventure,3800,18000,196000,122000,4690,PS2,Vivendi Games,0.34,0.01,0.0,0.06,0.41
Crash of the Titans,2007-10-04, Sierra Entertainment,3.0,200000,200000,Adventure,3800,18000,196000,122000,5609,X360,Vivendi Games,0.27,0.02,0.0,0.03,0.32
Crash of the Titans,2007-10-04,Radical Entertainment,3.0,200000,200000, Platform,3800,18000,196000,122000,3140,PSP,Vivendi Games,0.25,0.25,0.0,0.15,0.64
Crash of the Titans,2007-10-04,Radical Entertainment,3.0,200000,200000, Platform,3800,18000,196000,122000,4077,DS,Vivendi Games,0.42,0.02,0.0,0.04,0.49
Crash of the Titans,2007-10-04,Radical Entertainment,3.0,200000,200000, Platform,3800,18000,196000,122000,4237,Wii,Vivendi Games,0.4,0.03,0.0,0.04,0.46
Crash of the Titans,2007-10-04,Radical Entertainment,3.0,200000,200000, Platform,3800,18000,196000,122000,4690,PS2,Vivendi Games,0.34,0.01,0.0,0.06,0.41
Crash of the Titans,2007-10-04,Radical Entertainment,3.0,200000,200000, Platform,3800,18000,196000,122000,5609,X360,Vivendi Games,0.27,0.02,0.0,0.03,0.32
Crash of the Titans,2007-10-04, Sierra Entertainment,3.0,200000,200000, Platform,3800,18000,196000,122000,3140,PSP,Vivendi Games,0.25,0.25,0.0,0.15,0.64
Crash of the Titans,2007-10-04, Sierra Entertainment,3.0,200000,200000, Platform,3800,18000,196000,122000,4077,DS,Vivendi Games,0.42,0.02,0.0,0.04,0.49
Crash of the Titans,2007-10-04, Sierra Entertainment,3.0,200000,200000, Platform,3800,18000,196000,122000,4237,Wii,Vivendi Games,0.4,0.03,0.0,0.04,0.46
Crash of the Titans,2007-10-04, Sierra Entertainment,3.0,200000,200000, Platform,3800,18000,196000,122000,4690,PS2,Vivendi Games,0.34,0.01,0.0,0.06,0.41
Crash of the Titans,2007-10-04, Sierra Entertainment,3.0,200000,200000, Platform,3800,18000,196000,122000,5609,X360,Vivendi Games,0.27,0.02,0.0,0.03,0.32
The Witcher,2007-10-26,Atari,3.0,220000,220000,Adventure,1600,57000,540000,168000,12467,PC,Atari,0.0,0.05,0.0,0.01,0.06
The Witcher,2007-10-26, CD Projekt RED,3.0,220000,220000,Adventure,1600,57000,540000,168000,12467,PC,Atari,0.0,0.05,0.0,0.01,0.06
The Witcher,2007-10-26,Atari,3.0,220000,220000, RPG,1600,57000,540000,168000,12467,PC,Atari,0.0,0.05,0.0,0.01,0.06
The Witcher,2007-10-26, CD Projekt RED,3.0,220000,220000, RPG,1600,57000,540000,168000,12467,PC,Atari,0.0,0.05,0.0,0.01,0.06
Final Fantasy III,2006-08-24,Square,3.1,342000,342000,Adventure,2600,59000,891000,290000,390,SNES,SquareSoft,0.86,0.0,2.55,0.02,3.42
Final Fantasy III,2006-08-24,Square,3.1,342000,342000,Adventure,2600,59000,891000,290000,774,DS,Square Enix,0.91,0.05,1.07,0.09,2.12
Final Fantasy III,2006-08-24,Square,3.1,342000,342000,Adventure,2600,59000,891000,290000,1387,NES,SquareSoft,0.0,0.0,1.39,0.01,1.4
Final Fantasy III,2006-08-24,Square,3.1,342000,342000,Adventure,2600,59000,891000,290000,10025,PSP,Square Enix,0.0,0.0,0.11,0.0,0.11
Final Fantasy III,2006-08-24, Square Enix,3.1,342000,342000,Adventure,2600,59000,891000,290000,390,SNES,SquareSoft,0.86,0.0,2.55,0.02,3.42
Final Fantasy III,2006-08-24, Square Enix,3.1,342000,342000,Adventure,2600,59000,891000,290000,774,DS,Square Enix,0.91,0.05,1.07,0.09,2.12
Final Fantasy III,2006-08-24, Square Enix,3.1,342000,342000,Adventure,2600,59000,891000,290000,1387,NES,SquareSoft,0.0,0.0,1.39,0.01,1.4
Final Fantasy III,2006-08-24, Square Enix,3.1,342000,342000,Adventure,2600,59000,891000,290000,10025,PSP,Square Enix,0.0,0.0,0.11,0.0,0.11
Final Fantasy III,2006-08-24,Square,3.1,342000,342000, RPG,2600,59000,891000,290000,390,SNES,SquareSoft,0.86,0.0,2.55,0.02,3.42
Final Fantasy III,2006-08-24,Square,3.1,342000,342000, RPG,2600,59000,891000,290000,774,DS,Square Enix,0.91,0.05,1.07,0.09,2.12
Final Fantasy III,2006-08-24,Square,3.1,342000,342000, RPG,2600,59000,891000,290000,1387,NES,SquareSoft,0.0,0.0,1.39,0.01,1.4
Final Fantasy III,2006-08-24,Square,3.1,342000,342000, RPG,2600,59000,891000,290000,10025,PSP,Square Enix,0.0,0.0,0.11,0.0,0.11
Final Fantasy III,2006-08-24, Square Enix,3.1,342000,342000, RPG,2600,59000,891000,290000,390,SNES,SquareSoft,0.86,0.0,2.55,0.02,3.42
Final Fantasy III,2006-08-24, Square Enix,3.1,342000,342000, RPG,2600,59000,891000,290000,774,DS,Square Enix,0.91,0.05,1.07,0.09,2.12
Final Fantasy III,2006-08-24, Square Enix,3.1,342000,342000, RPG,2600,59000,891000,290000,1387,NES,SquareSoft,0.0,0.0,1.39,0.01,1.4
Final Fantasy III,2006-08-24, Square Enix,3.1,342000,342000, RPG,2600,59000,891000,290000,10025,PSP,Square Enix,0.0,0.0,0.11,0.0,0.11
Star Wars: Battlefront,2004-09-20,Pandemic Studios,3.5,255000,255000,Shooter,4100,9000,261000,109000,353,PS2,LucasArts,1.93,1.22,0.03,0.44,3.61
Star Wars: Battlefront,2004-09-20,Pandemic Studios,3.5,255000,255000,Shooter,4100,9000,261000,109000,1007,XB,Activision,1.24,0.45,0.0,0.07,1.75
Star Wars: Battlefront,2004-09-20,Pandemic Studios,3.5,255000,255000,Shooter,4100,9000,261000,109000,7613,PC,LucasArts,0.06,0.12,0.0,0.02,0.2
Star Wars: Battlefront,2004-09-20, LucasArts,3.5,255000,255000,Shooter,4100,9000,261000,109000,353,PS2,LucasArts,1.93,1.22,0.03,0.44,3.61
Star Wars: Battlefront,2004-09-20, LucasArts,3.5,255000,255000,Shooter,4100,9000,261000,109000,1007,XB,Activision,1.24,0.45,0.0,0.07,1.75
Star Wars: Battlefront,2004-09-20, LucasArts,3.5,255000,255000,Shooter,4100,9000,261000,109000,7613,PC,LucasArts,0.06,0.12,0.0,0.02,0.2
Ikaruga,2001-12-20,Treasure,4.0,364000,364000,Arcade,1300,37000,664000,424000,11133,GC,Atari,0.07,0.02,0.0,0.0,0.09
Ikaruga,2001-12-20,Treasure,4.0,364000,364000, Indie,1300,37000,664000,424000,11133,GC,Atari,0.07,0.02,0.0,0.0,0.09
Ikaruga,2001-12-20,Treasure,4.0,364000,364000, Puzzle,1300,37000,664000,424000,11133,GC,Atari,0.07,0.02,0.0,0.0,0.09
Ikaruga,2001-12-20,Treasure,4.0,364000,364000, Shooter,1300,37000,664000,424000,11133,GC,Atari,0.07,0.02,0.0,0.0,0.09
Ys: The Oath in Felghana,2005-07-04,Nihon Falcom,4.0,311000,311000,Adventure,1000,32000,503000,210000,8997,PSP,Falcom Corporation,0.09,0.0,0.04,0.01,0.14
Ys: The Oath in Felghana,2005-07-04, XSEED Games,4.0,311000,311000,Adventure,1000,32000,503000,210000,8997,PSP,Falcom Corporation,0.09,0.0,0.04,0.01,0.14
Ys: The Oath in Felghana,2005-07-04,Nihon Falcom,4.0,311000,311000, RPG,1000,32000,503000,210000,8997,PSP,Falcom Corporation,0.09,0.0,0.04,0.01,0.14
Ys: The Oath in Felghana,2005-07-04, XSEED Games,4.0,311000,311000, RPG,1000,32000,503000,210000,8997,PSP,Falcom Corporation,0.09,0.0,0.04,0.01,0.14
Armored Core 2,2000-10-26,FromSoftware,3.6,92000,92000,,278000,18000,232000,119000,2615,PS2,Ubisoft,0.28,0.22,0.23,0.07,0.79
Armored Core 2,2000-10-26, Agetec,3.6,92000,92000,,278000,18000,232000,119000,2615,PS2,Ubisoft,0.28,0.22,0.23,0.07,0.79
Advance Wars,2001-09-10,Nintendo,3.7,266000,266000,Simulator,1900,52000,640000,266000,2925,GBA,Nintendo,0.5,0.19,0.0,0.01,0.7
Advance Wars,2001-09-10, Intelligent Systems Co.,3.7,266000,266000,Simulator,1900,52000,640000,266000,2925,GBA,Nintendo,0.5,0.19,0.0,0.01,0.7
Advance Wars,2001-09-10, Ltd.,3.7,266000,266000,Simulator,1900,52000,640000,266000,2925,GBA,Nintendo,0.5,0.19,0.0,0.01,0.7
Advance Wars,2001-09-10,Nintendo,3.7,266000,266000, Strategy,1900,52000,640000,266000,2925,GBA,Nintendo,0.5,0.19,0.0,0.01,0.7
Advance Wars,2001-09-10, Intelligent Systems Co.,3.7,266000,266000, Strategy,1900,52000,640000,266000,2925,GBA,Nintendo,0.5,0.19,0.0,0.01,0.7
Advance Wars,2001-09-10, Ltd.,3.7,266000,266000, Strategy,1900,52000,640000,266000,2925,GBA,Nintendo,0.5,0.19,0.0,0.01,0.7
Advance Wars,2001-09-10,Nintendo,3.7,266000,266000, Tactical,1900,52000,640000,266000,2925,GBA,Nintendo,0.5,0.19,0.0,0.01,0.7
Advance Wars,2001-09-10, Intelligent Systems Co.,3.7,266000,266000, Tactical,1900,52000,640000,266000,2925,GBA,Nintendo,0.5,0.19,0.0,0.01,0.7
Advance Wars,2001-09-10, Ltd.,3.7,266000,266000, Tactical,1900,52000,640000,266000,2925,GBA,Nintendo,0.5,0.19,0.0,0.01,0.7
Advance Wars,2001-09-10,Nintendo,3.7,266000,266000, Turn Based Strategy,1900,52000,640000,266000,2925,GBA,Nintendo,0.5,0.19,0.0,0.01,0.7
Advance Wars,2001-09-10, Intelligent Systems Co.,3.7,266000,266000, Turn Based Strategy,1900,52000,640000,266000,2925,GBA,Nintendo,0.5,0.19,0.0,0.01,0.7
Advance Wars,2001-09-10, Ltd.,3.7,266000,266000, Turn Based Strategy,1900,52000,640000,266000,2925,GBA,Nintendo,0.5,0.19,0.0,0.01,0.7
Pokémon Mystery Dungeon: Blue Rescue Team,2005-11-17,Chunsoft,3.7,273000,273000,Adventure,3800,28000,441000,154000,826,DS,Nintendo,1.16,0.06,0.83,0.0,2.05
Pokémon Mystery Dungeon: Blue Rescue Team,2005-11-17, Nintendo,3.7,273000,273000,Adventure,3800,28000,441000,154000,826,DS,Nintendo,1.16,0.06,0.83,0.0,2.05
Pokémon Mystery Dungeon: Blue Rescue Team,2005-11-17,Chunsoft,3.7,273000,273000, RPG,3800,28000,441000,154000,826,DS,Nintendo,1.16,0.06,0.83,0.0,2.05
Pokémon Mystery Dungeon: Blue Rescue Team,2005-11-17, Nintendo,3.7,273000,273000, RPG,3800,28000,441000,154000,826,DS,Nintendo,1.16,0.06,0.83,0.0,2.05
Pokémon Mystery Dungeon: Blue Rescue Team,2005-11-17,Chunsoft,3.7,273000,273000, Turn Based Strategy,3800,28000,441000,154000,826,DS,Nintendo,1.16,0.06,0.83,0.0,2.05
Pokémon Mystery Dungeon: Blue Rescue Team,2005-11-17, Nintendo,3.7,273000,273000, Turn Based Strategy,3800,28000,441000,154000,826,DS,Nintendo,1.16,0.06,0.83,0.0,2.05
WarioWare: Smooth Moves,2006-12-02,Intelligent Systems Co.,3.9,319000,319000,Puzzle,3100,7000,256000,189000,491,Wii,Nintendo,0.87,1.06,0.73,0.26,2.92
WarioWare: Smooth Moves,2006-12-02, Ltd.,3.9,319000,319000,Puzzle,3100,7000,256000,189000,491,Wii,Nintendo,0.87,1.06,0.73,0.26,2.92
WarioWare: Smooth Moves,2006-12-02, Nintendo,3.9,319000,319000,Puzzle,3100,7000,256000,189000,491,Wii,Nintendo,0.87,1.06,0.73,0.26,2.92
Puyo Puyo Tetris,2014-02-06,Sega,3.8,233000,233000,Puzzle,3100,51000,333000,198000,10059,3DS,Sega,0.0,0.0,0.11,0.0,0.11
Puyo Puyo Tetris,2014-02-06,Sega,3.8,233000,233000,Puzzle,3100,51000,333000,198000,13366,PSV,Sega,0.0,0.0,0.05,0.0,0.05
Puyo Puyo Tetris,2014-02-06,Sega,3.8,233000,233000,Puzzle,3100,51000,333000,198000,13526,PS3,Sega,0.0,0.0,0.04,0.0,0.04
Puyo Puyo Tetris,2014-02-06,Sega,3.8,233000,233000,Puzzle,3100,51000,333000,198000,15828,WiiU,Sega,0.0,0.0,0.02,0.0,0.02
Puyo Puyo Tetris,2014-02-06, Sonic Team,3.8,233000,233000,Puzzle,3100,51000,333000,198000,10059,3DS,Sega,0.0,0.0,0.11,0.0,0.11
Puyo Puyo Tetris,2014-02-06, Sonic Team,3.8,233000,233000,Puzzle,3100,51000,333000,198000,13366,PSV,Sega,0.0,0.0,0.05,0.0,0.05
Puyo Puyo Tetris,2014-02-06, Sonic Team,3.8,233000,233000,Puzzle,3100,51000,333000,198000,13526,PS3,Sega,0.0,0.0,0.04,0.0,0.04
Puyo Puyo Tetris,2014-02-06, Sonic Team,3.8,233000,233000,Puzzle,3100,51000,333000,198000,15828,WiiU,Sega,0.0,0.0,0.02,0.0,0.02
Puyo Puyo Tetris,2014-02-06,Sega,3.8,233000,233000, Strategy,3100,51000,333000,198000,10059,3DS,Sega,0.0,0.0,0.11,0.0,0.11
Puyo Puyo Tetris,2014-02-06,Sega,3.8,233000,233000, Strategy,3100,51000,333000,198000,13366,PSV,Sega,0.0,0.0,0.05,0.0,0.05
Puyo Puyo Tetris,2014-02-06,Sega,3.8,233000,233000, Strategy,3100,51000,333000,198000,13526,PS3,Sega,0.0,0.0,0.04,0.0,0.04
Puyo Puyo Tetris,2014-02-06,Sega,3.8,233000,233000, Strategy,3100,51000,333000,198000,15828,WiiU,Sega,0.0,0.0,0.02,0.0,0.02
Puyo Puyo Tetris,2014-02-06, Sonic Team,3.8,233000,233000, Strategy,3100,51000,333000,198000,10059,3DS,Sega,0.0,0.0,0.11,0.0,0.11
Puyo Puyo Tetris,2014-02-06, Sonic Team,3.8,233000,233000, Strategy,3100,51000,333000,198000,13366,PSV,Sega,0.0,0.0,0.05,0.0,0.05
Puyo Puyo Tetris,2014-02-06, Sonic Team,3.8,233000,233000, Strategy,3100,51000,333000,198000,13526,PS3,Sega,0.0,0.0,0.04,0.0,0.04
Puyo Puyo Tetris,2014-02-06, Sonic Team,3.8,233000,233000, Strategy,3100,51000,333000,198000,15828,WiiU,Sega,0.0,0.0,0.02,0.0,0.02
Prince of Persia: Warrior Within,2004-11-30,Ubisoft Montreal,3.5,237000,237000,Adventure,2800,20000,551000,220000,1122,PS2,Ubisoft,0.54,0.88,0.0,0.22,1.64
Prince of Persia: Warrior Within,2004-11-30,Ubisoft Montreal,3.5,237000,237000,Adventure,2800,20000,551000,220000,2582,XB,Ubisoft,0.48,0.28,0.0,0.04,0.8
Prince of Persia: Warrior Within,2004-11-30,Ubisoft Montreal,3.5,237000,237000,Adventure,2800,20000,551000,220000,7718,GC,Ubisoft,0.15,0.04,0.0,0.01,0.2
Prince of Persia: Warrior Within,2004-11-30, Ubisoft Entertainment,3.5,237000,237000,Adventure,2800,20000,551000,220000,1122,PS2,Ubisoft,0.54,0.88,0.0,0.22,1.64
Prince of Persia: Warrior Within,2004-11-30, Ubisoft Entertainment,3.5,237000,237000,Adventure,2800,20000,551000,220000,2582,XB,Ubisoft,0.48,0.28,0.0,0.04,0.8
Prince of Persia: Warrior Within,2004-11-30, Ubisoft Entertainment,3.5,237000,237000,Adventure,2800,20000,551000,220000,7718,GC,Ubisoft,0.15,0.04,0.0,0.01,0.2
Prince of Persia: Warrior Within,2004-11-30,Ubisoft Montreal,3.5,237000,237000, Fighting,2800,20000,551000,220000,1122,PS2,Ubisoft,0.54,0.88,0.0,0.22,1.64
Prince of Persia: Warrior Within,2004-11-30,Ubisoft Montreal,3.5,237000,237000, Fighting,2800,20000,551000,220000,2582,XB,Ubisoft,0.48,0.28,0.0,0.04,0.8
Prince of Persia: Warrior Within,2004-11-30,Ubisoft Montreal,3.5,237000,237000, Fighting,2800,20000,551000,220000,7718,GC,Ubisoft,0.15,0.04,0.0,0.01,0.2
Prince of Persia: Warrior Within,2004-11-30, Ubisoft Entertainment,3.5,237000,237000, Fighting,2800,20000,551000,220000,1122,PS2,Ubisoft,0.54,0.88,0.0,0.22,1.64
Prince of Persia: Warrior Within,2004-11-30, Ubisoft Entertainment,3.5,237000,237000, Fighting,2800,20000,551000,220000,2582,XB,Ubisoft,0.48,0.28,0.0,0.04,0.8
Prince of Persia: Warrior Within,2004-11-30, Ubisoft Entertainment,3.5,237000,237000, Fighting,2800,20000,551000,220000,7718,GC,Ubisoft,0.15,0.04,0.0,0.01,0.2
Prince of Persia: Warrior Within,2004-11-30,Ubisoft Montreal,3.5,237000,237000, Platform,2800,20000,551000,220000,1122,PS2,Ubisoft,0.54,0.88,0.0,0.22,1.64
Prince of Persia: Warrior Within,2004-11-30,Ubisoft Montreal,3.5,237000,237000, Platform,2800,20000,551000,220000,2582,XB,Ubisoft,0.48,0.28,0.0,0.04,0.8
Prince of Persia: Warrior Within,2004-11-30,Ubisoft Montreal,3.5,237000,237000, Platform,2800,20000,551000,220000,7718,GC,Ubisoft,0.15,0.04,0.0,0.01,0.2
Prince of Persia: Warrior Within,2004-11-30, Ubisoft Entertainment,3.5,237000,237000, Platform,2800,20000,551000,220000,1122,PS2,Ubisoft,0.54,0.88,0.0,0.22,1.64
Prince of Persia: Warrior Within,2004-11-30, Ubisoft Entertainment,3.5,237000,237000, Platform,2800,20000,551000,220000,2582,XB,Ubisoft,0.48,0.28,0.0,0.04,0.8
Prince of Persia: Warrior Within,2004-11-30, Ubisoft Entertainment,3.5,237000,237000, Platform,2800,20000,551000,220000,7718,GC,Ubisoft,0.15,0.04,0.0,0.01,0.2
Monster Hunter 4 Ultimate,2014-10-11,Capcom,4.2,260000,260000,Adventure,2000,66000,418000,159000,309,3DS,Nintendo,0.67,0.49,2.62,0.11,3.89
Monster Hunter 4 Ultimate,2014-10-11,Capcom,4.2,260000,260000, RPG,2000,66000,418000,159000,309,3DS,Nintendo,0.67,0.49,2.62,0.11,3.89
Doom,2017-11-10,Bethesda Softworks,3.9,80000,80000,Shooter,2300,37000,393000,150000,2636,PS,Infogrames,0.43,0.3,0.0,0.05,0.78
Doom,2017-11-10,Bethesda Softworks,3.9,80000,80000,Shooter,2300,37000,393000,150000,9087,GBA,Activision,0.1,0.04,0.0,0.0,0.14
Doom,2017-11-10,Bethesda Softworks,3.9,80000,80000,Shooter,2300,37000,393000,150000,14602,PC,id Software,0.02,0.0,0.0,0.0,0.03
Doom,2017-11-10, id Software,3.9,80000,80000,Shooter,2300,37000,393000,150000,2636,PS,Infogrames,0.43,0.3,0.0,0.05,0.78
Doom,2017-11-10, id Software,3.9,80000,80000,Shooter,2300,37000,393000,150000,9087,GBA,Activision,0.1,0.04,0.0,0.0,0.14
Doom,2017-11-10, id Software,3.9,80000,80000,Shooter,2300,37000,393000,150000,14602,PC,id Software,0.02,0.0,0.0,0.0,0.03
Tom Clancy's The Division,2016-03-07,Ubisoft Entertainment,2.8,239000,239000,Adventure,2900,40000,332000,78000,352,PS4,Ubisoft,1.28,1.61,0.15,0.57,3.61
Tom Clancy's The Division,2016-03-07,Ubisoft Entertainment,2.8,239000,239000,Adventure,2900,40000,332000,78000,847,XOne,Ubisoft,1.2,0.62,0.0,0.18,2.01
Tom Clancy's The Division,2016-03-07,Ubisoft Entertainment,2.8,239000,239000,Adventure,2900,40000,332000,78000,5106,PC,Ubisoft,0.2,0.14,0.0,0.03,0.37
Tom Clancy's The Division,2016-03-07, Massive Entertainment,2.8,239000,239000,Adventure,2900,40000,332000,78000,352,PS4,Ubisoft,1.28,1.61,0.15,0.57,3.61
Tom Clancy's The Division,2016-03-07, Massive Entertainment,2.8,239000,239000,Adventure,2900,40000,332000,78000,847,XOne,Ubisoft,1.2,0.62,0.0,0.18,2.01
Tom Clancy's The Division,2016-03-07, Massive Entertainment,2.8,239000,239000,Adventure,2900,40000,332000,78000,5106,PC,Ubisoft,0.2,0.14,0.0,0.03,0.37
Tom Clancy's The Division,2016-03-07,Ubisoft Entertainment,2.8,239000,239000, RPG,2900,40000,332000,78000,352,PS4,Ubisoft,1.28,1.61,0.15,0.57,3.61
Tom Clancy's The Division,2016-03-07,Ubisoft Entertainment,2.8,239000,239000, RPG,2900,40000,332000,78000,847,XOne,Ubisoft,1.2,0.62,0.0,0.18,2.01
Tom Clancy's The Division,2016-03-07,Ubisoft Entertainment,2.8,239000,239000, RPG,2900,40000,332000,78000,5106,PC,Ubisoft,0.2,0.14,0.0,0.03,0.37
Tom Clancy's The Division,2016-03-07, Massive Entertainment,2.8,239000,239000, RPG,2900,40000,332000,78000,352,PS4,Ubisoft,1.28,1.61,0.15,0.57,3.61
Tom Clancy's The Division,2016-03-07, Massive Entertainment,2.8,239000,239000, RPG,2900,40000,332000,78000,847,XOne,Ubisoft,1.2,0.62,0.0,0.18,2.01
Tom Clancy's The Division,2016-03-07, Massive Entertainment,2.8,239000,239000, RPG,2900,40000,332000,78000,5106,PC,Ubisoft,0.2,0.14,0.0,0.03,0.37
Tom Clancy's The Division,2016-03-07,Ubisoft Entertainment,2.8,239000,239000, Shooter,2900,40000,332000,78000,352,PS4,Ubisoft,1.28,1.61,0.15,0.57,3.61
Tom Clancy's The Division,2016-03-07,Ubisoft Entertainment,2.8,239000,239000, Shooter,2900,40000,332000,78000,847,XOne,Ubisoft,1.2,0.62,0.0,0.18,2.01
Tom Clancy's The Division,2016-03-07,Ubisoft Entertainment,2.8,239000,239000, Shooter,2900,40000,332000,78000,5106,PC,Ubisoft,0.2,0.14,0.0,0.03,0.37
Tom Clancy's The Division,2016-03-07, Massive Entertainment,2.8,239000,239000, Shooter,2900,40000,332000,78000,352,PS4,Ubisoft,1.28,1.61,0.15,0.57,3.61
Tom Clancy's The Division,2016-03-07, Massive Entertainment,2.8,239000,239000, Shooter,2900,40000,332000,78000,847,XOne,Ubisoft,1.2,0.62,0.0,0.18,2.01
Tom Clancy's The Division,2016-03-07, Massive Entertainment,2.8,239000,239000, Shooter,2900,40000,332000,78000,5106,PC,Ubisoft,0.2,0.14,0.0,0.03,0.37
Tom Clancy's The Division,2016-03-07,Ubisoft Entertainment,2.8,239000,239000, Strategy,2900,40000,332000,78000,352,PS4,Ubisoft,1.28,1.61,0.15,0.57,3.61
Tom Clancy's The Division,2016-03-07,Ubisoft Entertainment,2.8,239000,239000, Strategy,2900,40000,332000,78000,847,XOne,Ubisoft,1.2,0.62,0.0,0.18,2.01
Tom Clancy's The Division,2016-03-07,Ubisoft Entertainment,2.8,239000,239000, Strategy,2900,40000,332000,78000,5106,PC,Ubisoft,0.2,0.14,0.0,0.03,0.37
Tom Clancy's The Division,2016-03-07, Massive Entertainment,2.8,239000,239000, Strategy,2900,40000,332000,78000,352,PS4,Ubisoft,1.28,1.61,0.15,0.57,3.61
Tom Clancy's The Division,2016-03-07, Massive Entertainment,2.8,239000,239000, Strategy,2900,40000,332000,78000,847,XOne,Ubisoft,1.2,0.62,0.0,0.18,2.01
Tom Clancy's The Division,2016-03-07, Massive Entertainment,2.8,239000,239000, Strategy,2900,40000,332000,78000,5106,PC,Ubisoft,0.2,0.14,0.0,0.03,0.37
Tom Clancy's The Division,2016-03-07,Ubisoft Entertainment,2.8,239000,239000, Tactical,2900,40000,332000,78000,352,PS4,Ubisoft,1.28,1.61,0.15,0.57,3.61
Tom Clancy's The Division,2016-03-07,Ubisoft Entertainment,2.8,239000,239000, Tactical,2900,40000,332000,78000,847,XOne,Ubisoft,1.2,0.62,0.0,0.18,2.01
Tom Clancy's The Division,2016-03-07,Ubisoft Entertainment,2.8,239000,239000, Tactical,2900,40000,332000,78000,5106,PC,Ubisoft,0.2,0.14,0.0,0.03,0.37
Tom Clancy's The Division,2016-03-07, Massive Entertainment,2.8,239000,239000, Tactical,2900,40000,332000,78000,352,PS4,Ubisoft,1.28,1.61,0.15,0.57,3.61
Tom Clancy's The Division,2016-03-07, Massive Entertainment,2.8,239000,239000, Tactical,2900,40000,332000,78000,847,XOne,Ubisoft,1.2,0.62,0.0,0.18,2.01
Tom Clancy's The Division,2016-03-07, Massive Entertainment,2.8,239000,239000, Tactical,2900,40000,332000,78000,5106,PC,Ubisoft,0.2,0.14,0.0,0.03,0.37
Crysis 2,2011-03-22,Crytek Frankfurt,3.1,180000,180000,Adventure,2900,10000,411000,155000,1452,X360,Electronic Arts,0.7,0.5,0.02,0.12,1.35
Crysis 2,2011-03-22,Crytek Frankfurt,3.1,180000,180000,Adventure,2900,10000,411000,155000,1517,PS3,Electronic Arts,0.45,0.57,0.06,0.21,1.3
Crysis 2,2011-03-22,Crytek Frankfurt,3.1,180000,180000,Adventure,2900,10000,411000,155000,2781,PC,Electronic Arts,0.16,0.45,0.0,0.13,0.74
Crysis 2,2011-03-22, Electronic Arts,3.1,180000,180000,Adventure,2900,10000,411000,155000,1452,X360,Electronic Arts,0.7,0.5,0.02,0.12,1.35
Crysis 2,2011-03-22, Electronic Arts,3.1,180000,180000,Adventure,2900,10000,411000,155000,1517,PS3,Electronic Arts,0.45,0.57,0.06,0.21,1.3
Crysis 2,2011-03-22, Electronic Arts,3.1,180000,180000,Adventure,2900,10000,411000,155000,2781,PC,Electronic Arts,0.16,0.45,0.0,0.13,0.74
Crysis 2,2011-03-22,Crytek Frankfurt,3.1,180000,180000, Shooter,2900,10000,411000,155000,1452,X360,Electronic Arts,0.7,0.5,0.02,0.12,1.35
Crysis 2,2011-03-22,Crytek Frankfurt,3.1,180000,180000, Shooter,2900,10000,411000,155000,1517,PS3,Electronic Arts,0.45,0.57,0.06,0.21,1.3
Crysis 2,2011-03-22,Crytek Frankfurt,3.1,180000,180000, Shooter,2900,10000,411000,155000,2781,PC,Electronic Arts,0.16,0.45,0.0,0.13,0.74
Crysis 2,2011-03-22, Electronic Arts,3.1,180000,180000, Shooter,2900,10000,411000,155000,1452,X360,Electronic Arts,0.7,0.5,0.02,0.12,1.35
Crysis 2,2011-03-22, Electronic Arts,3.1,180000,180000, Shooter,2900,10000,411000,155000,1517,PS3,Electronic Arts,0.45,0.57,0.06,0.21,1.3
Crysis 2,2011-03-22, Electronic Arts,3.1,180000,180000, Shooter,2900,10000,411000,155000,2781,PC,Electronic Arts,0.16,0.45,0.0,0.13,0.74
Condemned: Criminal Origins,2005-11-16,WB Games,3.5,248000,248000,Adventure,1300,32000,528000,270000,4644,X360,Sega,0.36,0.03,0.0,0.03,0.42
Condemned: Criminal Origins,2005-11-16, Monolith Productions,3.5,248000,248000,Adventure,1300,32000,528000,270000,4644,X360,Sega,0.36,0.03,0.0,0.03,0.42
Condemned: Criminal Origins,2005-11-16,WB Games,3.5,248000,248000, Shooter,1300,32000,528000,270000,4644,X360,Sega,0.36,0.03,0.0,0.03,0.42
Condemned: Criminal Origins,2005-11-16, Monolith Productions,3.5,248000,248000, Shooter,1300,32000,528000,270000,4644,X360,Sega,0.36,0.03,0.0,0.03,0.42
PlayStation All-Stars Battle Royale,2012-11-20,SCE Santa Monica Studio,2.4,208000,208000,Fighting,2600,3000,132000,78000,2153,PS3,Sony Computer Entertainment,0.5,0.28,0.04,0.14,0.96
PlayStation All-Stars Battle Royale,2012-11-20,SCE Santa Monica Studio,2.4,208000,208000,Fighting,2600,3000,132000,78000,3852,PSV,Sony Computer Entertainment,0.26,0.15,0.01,0.1,0.52
PlayStation All-Stars Battle Royale,2012-11-20, Sony Computer Entertainment,2.4,208000,208000,Fighting,2600,3000,132000,78000,2153,PS3,Sony Computer Entertainment,0.5,0.28,0.04,0.14,0.96
PlayStation All-Stars Battle Royale,2012-11-20, Sony Computer Entertainment,2.4,208000,208000,Fighting,2600,3000,132000,78000,3852,PSV,Sony Computer Entertainment,0.26,0.15,0.01,0.1,0.52
PlayStation All-Stars Battle Royale,2012-11-20,SCE Santa Monica Studio,2.4,208000,208000, Platform,2600,3000,132000,78000,2153,PS3,Sony Computer Entertainment,0.5,0.28,0.04,0.14,0.96
PlayStation All-Stars Battle Royale,2012-11-20,SCE Santa Monica Studio,2.4,208000,208000, Platform,2600,3000,132000,78000,3852,PSV,Sony Computer Entertainment,0.26,0.15,0.01,0.1,0.52
PlayStation All-Stars Battle Royale,2012-11-20, Sony Computer Entertainment,2.4,208000,208000, Platform,2600,3000,132000,78000,2153,PS3,Sony Computer Entertainment,0.5,0.28,0.04,0.14,0.96
PlayStation All-Stars Battle Royale,2012-11-20, Sony Computer Entertainment,2.4,208000,208000, Platform,2600,3000,132000,78000,3852,PSV,Sony Computer Entertainment,0.26,0.15,0.01,0.1,0.52
Mount & Blade: Warband,2010-03-31,Paradox Interactive,3.9,168000,168000,Adventure,2400,39000,309000,110000,15436,PC,Paradox Interactive,0.01,0.01,0.0,0.0,0.02
Mount & Blade: Warband,2010-03-31, Taleworlds,3.9,168000,168000,Adventure,2400,39000,309000,110000,15436,PC,Paradox Interactive,0.01,0.01,0.0,0.0,0.02
Mount & Blade: Warband,2010-03-31,Paradox Interactive,3.9,168000,168000, RPG,2400,39000,309000,110000,15436,PC,Paradox Interactive,0.01,0.01,0.0,0.0,0.02
Mount & Blade: Warband,2010-03-31, Taleworlds,3.9,168000,168000, RPG,2400,39000,309000,110000,15436,PC,Paradox Interactive,0.01,0.01,0.0,0.0,0.02
Mount & Blade: Warband,2010-03-31,Paradox Interactive,3.9,168000,168000, Shooter,2400,39000,309000,110000,15436,PC,Paradox Interactive,0.01,0.01,0.0,0.0,0.02
Mount & Blade: Warband,2010-03-31, Taleworlds,3.9,168000,168000, Shooter,2400,39000,309000,110000,15436,PC,Paradox Interactive,0.01,0.01,0.0,0.0,0.02
Mount & Blade: Warband,2010-03-31,Paradox Interactive,3.9,168000,168000, Simulator,2400,39000,309000,110000,15436,PC,Paradox Interactive,0.01,0.01,0.0,0.0,0.02
Mount & Blade: Warband,2010-03-31, Taleworlds,3.9,168000,168000, Simulator,2400,39000,309000,110000,15436,PC,Paradox Interactive,0.01,0.01,0.0,0.0,0.02
Mount & Blade: Warband,2010-03-31,Paradox Interactive,3.9,168000,168000, Strategy,2400,39000,309000,110000,15436,PC,Paradox Interactive,0.01,0.01,0.0,0.0,0.02
Mount & Blade: Warband,2010-03-31, Taleworlds,3.9,168000,168000, Strategy,2400,39000,309000,110000,15436,PC,Paradox Interactive,0.01,0.01,0.0,0.0,0.02
Digimon World: Next Order,2016-03-17,Bandai Namco Entertainment Europe,3.1,66000,66000,Adventure,321000,40000,242000,133000,10891,PSV,Namco Bandai Games,0.0,0.0,0.09,0.0,0.09
Digimon World: Next Order,2016-03-17, B.B. Studio,3.1,66000,66000,Adventure,321000,40000,242000,133000,10891,PSV,Namco Bandai Games,0.0,0.0,0.09,0.0,0.09
Digimon World: Next Order,2016-03-17,Bandai Namco Entertainment Europe,3.1,66000,66000, RPG,321000,40000,242000,133000,10891,PSV,Namco Bandai Games,0.0,0.0,0.09,0.0,0.09
Digimon World: Next Order,2016-03-17, B.B. Studio,3.1,66000,66000, RPG,321000,40000,242000,133000,10891,PSV,Namco Bandai Games,0.0,0.0,0.09,0.0,0.09
Digimon World: Next Order,2016-03-17,Bandai Namco Entertainment Europe,3.1,66000,66000, Simulator,321000,40000,242000,133000,10891,PSV,Namco Bandai Games,0.0,0.0,0.09,0.0,0.09
Digimon World: Next Order,2016-03-17, B.B. Studio,3.1,66000,66000, Simulator,321000,40000,242000,133000,10891,PSV,Namco Bandai Games,0.0,0.0,0.09,0.0,0.09
Odin Sphere: Leifthrasir,2016-01-14,Atlus,4.1,228000,228000,RPG,895000,71000,740000,349000,8089,PS4,Nippon Ichi Software,0.06,0.03,0.07,0.02,0.18
Odin Sphere: Leifthrasir,2016-01-14,Atlus,4.1,228000,228000,RPG,895000,71000,740000,349000,8874,PSV,Nippon Ichi Software,0.02,0.03,0.08,0.02,0.15
Odin Sphere: Leifthrasir,2016-01-14,Atlus,4.1,228000,228000,RPG,895000,71000,740000,349000,12490,PS3,Nippon Ichi Software,0.01,0.02,0.03,0.01,0.06
Odin Sphere: Leifthrasir,2016-01-14, Vanillaware,4.1,228000,228000,RPG,895000,71000,740000,349000,8089,PS4,Nippon Ichi Software,0.06,0.03,0.07,0.02,0.18
Odin Sphere: Leifthrasir,2016-01-14, Vanillaware,4.1,228000,228000,RPG,895000,71000,740000,349000,8874,PSV,Nippon Ichi Software,0.02,0.03,0.08,0.02,0.15
Odin Sphere: Leifthrasir,2016-01-14, Vanillaware,4.1,228000,228000,RPG,895000,71000,740000,349000,12490,PS3,Nippon Ichi Software,0.01,0.02,0.03,0.01,0.06
Bulletstorm,2011-02-22,People Can Fly,3.2,159000,159000,Shooter,2300,6000,299000,125000,2027,X360,Electronic Arts,0.61,0.32,0.01,0.08,1.02
Bulletstorm,2011-02-22,People Can Fly,3.2,159000,159000,Shooter,2300,6000,299000,125000,3803,PS3,Electronic Arts,0.23,0.2,0.01,0.08,0.53
Bulletstorm,2011-02-22,People Can Fly,3.2,159000,159000,Shooter,2300,6000,299000,125000,8618,PC,Electronic Arts,0.07,0.07,0.0,0.02,0.16
Bulletstorm,2011-02-22, Electronic Arts,3.2,159000,159000,Shooter,2300,6000,299000,125000,2027,X360,Electronic Arts,0.61,0.32,0.01,0.08,1.02
Bulletstorm,2011-02-22, Electronic Arts,3.2,159000,159000,Shooter,2300,6000,299000,125000,3803,PS3,Electronic Arts,0.23,0.2,0.01,0.08,0.53
Bulletstorm,2011-02-22, Electronic Arts,3.2,159000,159000,Shooter,2300,6000,299000,125000,8618,PC,Electronic Arts,0.07,0.07,0.0,0.02,0.16
The Witcher 2: Assassins of Kings,2011-05-17,Atari,3.6,181000,181000,Adventure,1600,21000,605000,169000,2170,PC,Namco Bandai Games,0.25,0.56,0.0,0.15,0.96
The Witcher 2: Assassins of Kings,2011-05-17,Atari,3.6,181000,181000,Adventure,1600,21000,605000,169000,2207,X360,Namco Bandai Games,0.48,0.36,0.02,0.08,0.94
The Witcher 2: Assassins of Kings,2011-05-17, CD Projekt RED,3.6,181000,181000,Adventure,1600,21000,605000,169000,2170,PC,Namco Bandai Games,0.25,0.56,0.0,0.15,0.96
The Witcher 2: Assassins of Kings,2011-05-17, CD Projekt RED,3.6,181000,181000,Adventure,1600,21000,605000,169000,2207,X360,Namco Bandai Games,0.48,0.36,0.02,0.08,0.94
The Witcher 2: Assassins of Kings,2011-05-17,Atari,3.6,181000,181000, RPG,1600,21000,605000,169000,2170,PC,Namco Bandai Games,0.25,0.56,0.0,0.15,0.96
The Witcher 2: Assassins of Kings,2011-05-17,Atari,3.6,181000,181000, RPG,1600,21000,605000,169000,2207,X360,Namco Bandai Games,0.48,0.36,0.02,0.08,0.94
The Witcher 2: Assassins of Kings,2011-05-17, CD Projekt RED,3.6,181000,181000, RPG,1600,21000,605000,169000,2170,PC,Namco Bandai Games,0.25,0.56,0.0,0.15,0.96
The Witcher 2: Assassins of Kings,2011-05-17, CD Projekt RED,3.6,181000,181000, RPG,1600,21000,605000,169000,2207,X360,Namco Bandai Games,0.48,0.36,0.02,0.08,0.94
Animal Crossing: City Folk,2008-11-16,Nintendo,3.4,232000,232000,Simulator,3100,17000,215000,129000,227,Wii,Nintendo,1.87,1.12,1.32,0.37,4.68
Animal Crossing: City Folk,2008-11-16, Nintendo EAD Group No. 2,3.4,232000,232000,Simulator,3100,17000,215000,129000,227,Wii,Nintendo,1.87,1.12,1.32,0.37,4.68
Mario Party 4,2002-10-21,Hudson Soft,3.5,231000,231000,Card & Board Game,3000,7000,156000,113000,627,GC,Nintendo,1.13,0.36,0.92,0.07,2.47
Mario Party 4,2002-10-21, Nintendo,3.5,231000,231000,Card & Board Game,3000,7000,156000,113000,627,GC,Nintendo,1.13,0.36,0.92,0.07,2.47
Mario Party 3,2000-12-07,Nintendo,3.7,219000,219000,Card & Board Game,2800,6000,168000,123000,904,N64,Nintendo,0.72,0.16,1.01,0.02,1.91
Mario Party 3,2000-12-07, Hudson Soft,3.7,219000,219000,Card & Board Game,2800,6000,168000,123000,904,N64,Nintendo,0.72,0.16,1.01,0.02,1.91
Prince of Persia,2008-12-02,Ubisoft Entertainment,3.0,201000,201000,Adventure,2500,23000,535000,206000,1896,PS3,Ubisoft,0.47,0.41,0.03,0.18,1.08
Prince of Persia,2008-12-02,Ubisoft Entertainment,3.0,201000,201000,Adventure,2500,23000,535000,206000,2044,X360,Ubisoft,0.54,0.35,0.02,0.1,1.01
Prince of Persia,2008-12-02, Ubisoft Montreal,3.0,201000,201000,Adventure,2500,23000,535000,206000,1896,PS3,Ubisoft,0.47,0.41,0.03,0.18,1.08
Prince of Persia,2008-12-02, Ubisoft Montreal,3.0,201000,201000,Adventure,2500,23000,535000,206000,2044,X360,Ubisoft,0.54,0.35,0.02,0.1,1.01
Prince of Persia,2008-12-02,Ubisoft Entertainment,3.0,201000,201000, Platform,2500,23000,535000,206000,1896,PS3,Ubisoft,0.47,0.41,0.03,0.18,1.08
Prince of Persia,2008-12-02,Ubisoft Entertainment,3.0,201000,201000, Platform,2500,23000,535000,206000,2044,X360,Ubisoft,0.54,0.35,0.02,0.1,1.01
Prince of Persia,2008-12-02, Ubisoft Montreal,3.0,201000,201000, Platform,2500,23000,535000,206000,1896,PS3,Ubisoft,0.47,0.41,0.03,0.18,1.08
Prince of Persia,2008-12-02, Ubisoft Montreal,3.0,201000,201000, Platform,2500,23000,535000,206000,2044,X360,Ubisoft,0.54,0.35,0.02,0.1,1.01
Prince of Persia,2008-12-02,Ubisoft Entertainment,3.0,201000,201000, Puzzle,2500,23000,535000,206000,1896,PS3,Ubisoft,0.47,0.41,0.03,0.18,1.08
Prince of Persia,2008-12-02,Ubisoft Entertainment,3.0,201000,201000, Puzzle,2500,23000,535000,206000,2044,X360,Ubisoft,0.54,0.35,0.02,0.1,1.01
Prince of Persia,2008-12-02, Ubisoft Montreal,3.0,201000,201000, Puzzle,2500,23000,535000,206000,1896,PS3,Ubisoft,0.47,0.41,0.03,0.18,1.08
Prince of Persia,2008-12-02, Ubisoft Montreal,3.0,201000,201000, Puzzle,2500,23000,535000,206000,2044,X360,Ubisoft,0.54,0.35,0.02,0.1,1.01
Sonic Rush Adventure,2007-09-14,Nintendo,3.5,278000,278000,Platform,1900,22000,389000,208000,1726,DS,Sega,0.54,0.49,0.01,0.12,1.17
Sonic Rush Adventure,2007-09-14, Sonic Team,3.5,278000,278000,Platform,1900,22000,389000,208000,1726,DS,Sega,0.54,0.49,0.01,0.12,1.17
Destroy All Humans!,2005-06-21,THQ,3.2,160000,160000,Adventure,2200,16000,414000,188000,2209,PS2,THQ,0.78,0.03,0.0,0.13,0.94
Destroy All Humans!,2005-06-21,THQ,3.2,160000,160000,Adventure,2200,16000,414000,188000,4232,XB,THQ,0.34,0.11,0.0,0.02,0.46
Destroy All Humans!,2005-06-21, Pandemic Studios,3.2,160000,160000,Adventure,2200,16000,414000,188000,2209,PS2,THQ,0.78,0.03,0.0,0.13,0.94
Destroy All Humans!,2005-06-21, Pandemic Studios,3.2,160000,160000,Adventure,2200,16000,414000,188000,4232,XB,THQ,0.34,0.11,0.0,0.02,0.46
Marvel vs. Capcom: Clash of Super Heroes,1998-01-12,Virgin Interactive Entertainment (Europe) Ltd.,3.7,269000,269000,Fighting,2000,8000,143000,100000,2641,PS,Capcom,0.43,0.3,0.0,0.05,0.78
Marvel vs. Capcom: Clash of Super Heroes,1998-01-12,Virgin Interactive Entertainment (Europe) Ltd.,3.7,269000,269000,Fighting,2000,8000,143000,100000,10655,DC,Capcom,0.0,0.0,0.1,0.0,0.1
Marvel vs. Capcom: Clash of Super Heroes,1998-01-12, Capcom,3.7,269000,269000,Fighting,2000,8000,143000,100000,2641,PS,Capcom,0.43,0.3,0.0,0.05,0.78
Marvel vs. Capcom: Clash of Super Heroes,1998-01-12, Capcom,3.7,269000,269000,Fighting,2000,8000,143000,100000,10655,DC,Capcom,0.0,0.0,0.1,0.0,0.1
Mega Man X6,2001-11-29,Capcom,2.3,308000,308000,Adventure,1900,18000,461000,119000,4645,PS,Capcom,0.14,0.1,0.16,0.03,0.42
Mega Man X6,2001-11-29,Capcom,2.3,308000,308000, Platform,1900,18000,461000,119000,4645,PS,Capcom,0.14,0.1,0.16,0.03,0.42
Dragon Ball Z: Budokai Tenkaichi,2005-10-06,Spike,2.9,96000,96000,Fighting,1700,2000,69000,29000,1107,PS2,Atari,0.96,0.12,0.54,0.04,1.66
Dragon Ball Z: Budokai Tenkaichi,2005-10-06, Bandai,2.9,96000,96000,Fighting,1700,2000,69000,29000,1107,PS2,Atari,0.96,0.12,0.54,0.04,1.66
Ape Escape 3,2005-07-14,SCE Japan Studio,4.3,247000,247000,Platform,874000,24000,399000,231000,9507,PS2,Sony Computer Entertainment,0.06,0.05,0.0,0.02,0.13
Ape Escape 3,2005-07-14, Sony Computer Entertainment Europe,4.3,247000,247000,Platform,874000,24000,399000,231000,9507,PS2,Sony Computer Entertainment,0.06,0.05,0.0,0.02,0.13
Toy Story 2: Buzz Lightyear to the Rescue!,1999-11-22,Activision,3.4,245000,245000,Adventure,2300,26000,262000,117000,1044,PS,Activision,0.99,0.64,0.0,0.08,1.71
Toy Story 2: Buzz Lightyear to the Rescue!,1999-11-22,Activision,3.4,245000,245000,Adventure,2300,26000,262000,117000,2237,N64,Activision,0.71,0.2,0.0,0.01,0.93
Toy Story 2: Buzz Lightyear to the Rescue!,1999-11-22," ""Travellers Tales""",3.4,245000,245000,Adventure,2300,26000,262000,117000,1044,PS,Activision,0.99,0.64,0.0,0.08,1.71
Toy Story 2: Buzz Lightyear to the Rescue!,1999-11-22," ""Travellers Tales""",3.4,245000,245000,Adventure,2300,26000,262000,117000,2237,N64,Activision,0.71,0.2,0.0,0.01,0.93
Toy Story 2: Buzz Lightyear to the Rescue!,1999-11-22,Activision,3.4,245000,245000, Platform,2300,26000,262000,117000,1044,PS,Activision,0.99,0.64,0.0,0.08,1.71
Toy Story 2: Buzz Lightyear to the Rescue!,1999-11-22,Activision,3.4,245000,245000, Platform,2300,26000,262000,117000,2237,N64,Activision,0.71,0.2,0.0,0.01,0.93
Toy Story 2: Buzz Lightyear to the Rescue!,1999-11-22," ""Travellers Tales""",3.4,245000,245000, Platform,2300,26000,262000,117000,1044,PS,Activision,0.99,0.64,0.0,0.08,1.71
Toy Story 2: Buzz Lightyear to the Rescue!,1999-11-22," ""Travellers Tales""",3.4,245000,245000, Platform,2300,26000,262000,117000,2237,N64,Activision,0.71,0.2,0.0,0.01,0.93
Rayman Raving Rabbids,2006-11-19,Ubisoft Entertainment,2.7,137000,137000,Adventure,2700,9000,191000,63000,1342,Wii,Ubisoft,1.23,0.07,0.02,0.11,1.44
Rayman Raving Rabbids,2006-11-19,Ubisoft Entertainment,2.7,137000,137000,Adventure,2700,9000,191000,63000,7379,X360,Ubisoft,0.18,0.01,0.0,0.02,0.21
Rayman Raving Rabbids,2006-11-19,Ubisoft Entertainment,2.7,137000,137000,Adventure,2700,9000,191000,63000,8932,DS,Ubisoft,0.13,0.01,0.0,0.01,0.15
Rayman Raving Rabbids,2006-11-19,Ubisoft Entertainment,2.7,137000,137000,Adventure,2700,9000,191000,63000,16050,PC,Ubisoft,0.0,0.01,0.0,0.0,0.01
Rayman Raving Rabbids,2006-11-19, Ubisoft Montpellier,2.7,137000,137000,Adventure,2700,9000,191000,63000,1342,Wii,Ubisoft,1.23,0.07,0.02,0.11,1.44
Rayman Raving Rabbids,2006-11-19, Ubisoft Montpellier,2.7,137000,137000,Adventure,2700,9000,191000,63000,7379,X360,Ubisoft,0.18,0.01,0.0,0.02,0.21
Rayman Raving Rabbids,2006-11-19, Ubisoft Montpellier,2.7,137000,137000,Adventure,2700,9000,191000,63000,8932,DS,Ubisoft,0.13,0.01,0.0,0.01,0.15
Rayman Raving Rabbids,2006-11-19, Ubisoft Montpellier,2.7,137000,137000,Adventure,2700,9000,191000,63000,16050,PC,Ubisoft,0.0,0.01,0.0,0.0,0.01
Rayman Raving Rabbids,2006-11-19,Ubisoft Entertainment,2.7,137000,137000, Platform,2700,9000,191000,63000,1342,Wii,Ubisoft,1.23,0.07,0.02,0.11,1.44
Rayman Raving Rabbids,2006-11-19,Ubisoft Entertainment,2.7,137000,137000, Platform,2700,9000,191000,63000,7379,X360,Ubisoft,0.18,0.01,0.0,0.02,0.21
Rayman Raving Rabbids,2006-11-19,Ubisoft Entertainment,2.7,137000,137000, Platform,2700,9000,191000,63000,8932,DS,Ubisoft,0.13,0.01,0.0,0.01,0.15
Rayman Raving Rabbids,2006-11-19,Ubisoft Entertainment,2.7,137000,137000, Platform,2700,9000,191000,63000,16050,PC,Ubisoft,0.0,0.01,0.0,0.0,0.01
Rayman Raving Rabbids,2006-11-19, Ubisoft Montpellier,2.7,137000,137000, Platform,2700,9000,191000,63000,1342,Wii,Ubisoft,1.23,0.07,0.02,0.11,1.44
Rayman Raving Rabbids,2006-11-19, Ubisoft Montpellier,2.7,137000,137000, Platform,2700,9000,191000,63000,7379,X360,Ubisoft,0.18,0.01,0.0,0.02,0.21
Rayman Raving Rabbids,2006-11-19, Ubisoft Montpellier,2.7,137000,137000, Platform,2700,9000,191000,63000,8932,DS,Ubisoft,0.13,0.01,0.0,0.01,0.15
Rayman Raving Rabbids,2006-11-19, Ubisoft Montpellier,2.7,137000,137000, Platform,2700,9000,191000,63000,16050,PC,Ubisoft,0.0,0.01,0.0,0.0,0.01
Rayman Raving Rabbids,2006-11-19,Ubisoft Entertainment,2.7,137000,137000, Puzzle,2700,9000,191000,63000,1342,Wii,Ubisoft,1.23,0.07,0.02,0.11,1.44
Rayman Raving Rabbids,2006-11-19,Ubisoft Entertainment,2.7,137000,137000, Puzzle,2700,9000,191000,63000,7379,X360,Ubisoft,0.18,0.01,0.0,0.02,0.21
Rayman Raving Rabbids,2006-11-19,Ubisoft Entertainment,2.7,137000,137000, Puzzle,2700,9000,191000,63000,8932,DS,Ubisoft,0.13,0.01,0.0,0.01,0.15
Rayman Raving Rabbids,2006-11-19,Ubisoft Entertainment,2.7,137000,137000, Puzzle,2700,9000,191000,63000,16050,PC,Ubisoft,0.0,0.01,0.0,0.0,0.01
Rayman Raving Rabbids,2006-11-19, Ubisoft Montpellier,2.7,137000,137000, Puzzle,2700,9000,191000,63000,1342,Wii,Ubisoft,1.23,0.07,0.02,0.11,1.44
Rayman Raving Rabbids,2006-11-19, Ubisoft Montpellier,2.7,137000,137000, Puzzle,2700,9000,191000,63000,7379,X360,Ubisoft,0.18,0.01,0.0,0.02,0.21
Rayman Raving Rabbids,2006-11-19, Ubisoft Montpellier,2.7,137000,137000, Puzzle,2700,9000,191000,63000,8932,DS,Ubisoft,0.13,0.01,0.0,0.01,0.15
Rayman Raving Rabbids,2006-11-19, Ubisoft Montpellier,2.7,137000,137000, Puzzle,2700,9000,191000,63000,16050,PC,Ubisoft,0.0,0.01,0.0,0.0,0.01
MadWorld,2009-03-10,Spike,3.5,283000,283000,Brawler,1100,19000,683000,441000,2564,Wii,Sega,0.46,0.25,0.02,0.07,0.8
MadWorld,2009-03-10, PlatinumGames,3.5,283000,283000,Brawler,1100,19000,683000,441000,2564,Wii,Sega,0.46,0.25,0.02,0.07,0.8
Call of Duty 3,2006-11-07,Activision,2.8,231000,231000,Shooter,2900,8000,239000,122000,551,X360,Activision,1.49,0.93,0.02,0.27,2.71
Call of Duty 3,2006-11-07,Activision,2.8,231000,231000,Shooter,2900,8000,239000,122000,1240,PS3,Activision,0.6,0.63,0.03,0.26,1.52
Call of Duty 3,2006-11-07,Activision,2.8,231000,231000,Shooter,2900,8000,239000,122000,1921,PS2,Activision,0.89,0.03,0.0,0.15,1.07
Call of Duty 3,2006-11-07, Treyarch,2.8,231000,231000,Shooter,2900,8000,239000,122000,551,X360,Activision,1.49,0.93,0.02,0.27,2.71
Call of Duty 3,2006-11-07, Treyarch,2.8,231000,231000,Shooter,2900,8000,239000,122000,1240,PS3,Activision,0.6,0.63,0.03,0.26,1.52
Call of Duty 3,2006-11-07, Treyarch,2.8,231000,231000,Shooter,2900,8000,239000,122000,1921,PS2,Activision,0.89,0.03,0.0,0.15,1.07
Warcraft III: The Frozen Throne,2003-07-01,Blizzard Entertainment,4.3,159000,159000,Real Time Strategy,2600,14000,181000,73000,1214,PC,Activision,0.58,0.87,0.0,0.09,1.54
Warcraft III: The Frozen Throne,2003-07-01, Sierra Entertainment,4.3,159000,159000,Real Time Strategy,2600,14000,181000,73000,1214,PC,Activision,0.58,0.87,0.0,0.09,1.54
Warcraft III: The Frozen Throne,2003-07-01,Blizzard Entertainment,4.3,159000,159000, Strategy,2600,14000,181000,73000,1214,PC,Activision,0.58,0.87,0.0,0.09,1.54
Warcraft III: The Frozen Throne,2003-07-01, Sierra Entertainment,4.3,159000,159000, Strategy,2600,14000,181000,73000,1214,PC,Activision,0.58,0.87,0.0,0.09,1.54
Scribblenauts,2009-09-15,5th Cell,3.2,151000,151000,Puzzle,3200,3000,155000,80000,729,DS,Warner Bros. Interactive Entertainment,1.71,0.32,0.02,0.18,2.22
Scribblenauts,2009-09-15, Konami,3.2,151000,151000,Puzzle,3200,3000,155000,80000,729,DS,Warner Bros. Interactive Entertainment,1.71,0.32,0.02,0.18,2.22
Rock Band 2,2008-09-14,MTV Games,4.0,180000,180000,Music,2000,10000,56000,29000,735,X360,Electronic Arts,1.78,0.24,0.0,0.18,2.2
Rock Band 2,2008-09-14,MTV Games,4.0,180000,180000,Music,2000,10000,56000,29000,1266,PS3,MTV Games,1.13,0.2,0.0,0.16,1.5
Rock Band 2,2008-09-14,MTV Games,4.0,180000,180000,Music,2000,10000,56000,29000,2025,Wii,MTV Games,0.94,0.01,0.0,0.08,1.03
Rock Band 2,2008-09-14,MTV Games,4.0,180000,180000,Music,2000,10000,56000,29000,3402,PS2,MTV Games,0.29,0.23,0.0,0.08,0.59
Rock Band 2,2008-09-14, Harmonix Music Systems,4.0,180000,180000,Music,2000,10000,56000,29000,735,X360,Electronic Arts,1.78,0.24,0.0,0.18,2.2
Rock Band 2,2008-09-14, Harmonix Music Systems,4.0,180000,180000,Music,2000,10000,56000,29000,1266,PS3,MTV Games,1.13,0.2,0.0,0.16,1.5
Rock Band 2,2008-09-14, Harmonix Music Systems,4.0,180000,180000,Music,2000,10000,56000,29000,2025,Wii,MTV Games,0.94,0.01,0.0,0.08,1.03
Rock Band 2,2008-09-14, Harmonix Music Systems,4.0,180000,180000,Music,2000,10000,56000,29000,3402,PS2,MTV Games,0.29,0.23,0.0,0.08,0.59
Armored Core 4,2006-12-21,FromSoftware,3.7,92000,92000,Fighting,252000,15000,232000,162000,6734,X360,505 Games,0.19,0.01,0.03,0.02,0.25
Armored Core 4,2006-12-21,FromSoftware,3.7,92000,92000,Fighting,252000,15000,232000,162000,7687,PS3,505 Games,0.09,0.0,0.09,0.01,0.2
Armored Core 4,2006-12-21, Sega,3.7,92000,92000,Fighting,252000,15000,232000,162000,6734,X360,505 Games,0.19,0.01,0.03,0.02,0.25
Armored Core 4,2006-12-21, Sega,3.7,92000,92000,Fighting,252000,15000,232000,162000,7687,PS3,505 Games,0.09,0.0,0.09,0.01,0.2
Tekken 6,2007-11-26,Bandai Namco Entertainment,3.4,235000,235000,Fighting,2300,15000,173000,96000,541,PS3,Namco Bandai Games,1.2,0.98,0.17,0.43,2.78
Tekken 6,2007-11-26,Bandai Namco Entertainment,3.4,235000,235000,Fighting,2300,15000,173000,96000,1504,X360,Namco Bandai Games,0.71,0.42,0.05,0.13,1.31
Tekken 6,2007-11-26,Bandai Namco Entertainment,3.4,235000,235000,Fighting,2300,15000,173000,96000,5598,PSP,Namco Bandai Games,0.15,0.04,0.1,0.03,0.32
Mortal Kombat 3,1995-04-15,Midway Games,3.1,162000,162000,Fighting,1700,4000,85000,41000,1223,SNES,Acclaim Entertainment,1.19,0.29,0.0,0.05,1.53
Mortal Kombat 3,1995-04-15,Midway Games,3.1,162000,162000,Fighting,1700,4000,85000,41000,1460,GEN,Acclaim Entertainment,1.03,0.27,0.0,0.04,1.34
Mortal Kombat 3,1995-04-15,Midway Games,3.1,162000,162000,Fighting,1700,4000,85000,41000,3680,PS,Sony Computer Entertainment,0.29,0.2,0.02,0.04,0.55
Crash Nitro Kart,2003-11-11,Vicarious Visions,3.1,141000,141000,Racing,1700,4000,139000,52000,874,PS2,Vivendi Games,0.74,1.01,0.0,0.2,1.95
Crash Nitro Kart,2003-11-11,Vicarious Visions,3.1,141000,141000,Racing,1700,4000,139000,52000,4273,GBA,Vivendi Games,0.33,0.12,0.0,0.01,0.46
Crash Nitro Kart,2003-11-11,Vicarious Visions,3.1,141000,141000,Racing,1700,4000,139000,52000,5707,XB,Vivendi Games,0.24,0.07,0.0,0.01,0.31
Crash Nitro Kart,2003-11-11,Vicarious Visions,3.1,141000,141000,Racing,1700,4000,139000,52000,6550,GC,Vivendi Games,0.2,0.05,0.0,0.01,0.26
Crash Nitro Kart,2003-11-11, Universal Interactive Studios,3.1,141000,141000,Racing,1700,4000,139000,52000,874,PS2,Vivendi Games,0.74,1.01,0.0,0.2,1.95
Crash Nitro Kart,2003-11-11, Universal Interactive Studios,3.1,141000,141000,Racing,1700,4000,139000,52000,4273,GBA,Vivendi Games,0.33,0.12,0.0,0.01,0.46
Crash Nitro Kart,2003-11-11, Universal Interactive Studios,3.1,141000,141000,Racing,1700,4000,139000,52000,5707,XB,Vivendi Games,0.24,0.07,0.0,0.01,0.31
Crash Nitro Kart,2003-11-11, Universal Interactive Studios,3.1,141000,141000,Racing,1700,4000,139000,52000,6550,GC,Vivendi Games,0.2,0.05,0.0,0.01,0.26
Tales of Vesperia,2008-08-07,Namco Tales Studio,3.9,196000,196000,RPG,1100,57000,490000,199000,2752,X360,Atari,0.32,0.18,0.19,0.05,0.75
Tales of Vesperia,2008-08-07,Namco Tales Studio,3.9,196000,196000,RPG,1100,57000,490000,199000,4310,PS3,Namco Bandai Games,0.0,0.0,0.45,0.0,0.45
Tales of Vesperia,2008-08-07, Bandai Namco Entertainment,3.9,196000,196000,RPG,1100,57000,490000,199000,2752,X360,Atari,0.32,0.18,0.19,0.05,0.75
Tales of Vesperia,2008-08-07, Bandai Namco Entertainment,3.9,196000,196000,RPG,1100,57000,490000,199000,4310,PS3,Namco Bandai Games,0.0,0.0,0.45,0.0,0.45
Mega Man X8,2004-12-07,Capcom Production Studio 1,3.3,239000,239000,Adventure,1400,17000,438000,140000,6018,PS2,Capcom,0.14,0.11,0.0,0.04,0.29
Mega Man X8,2004-12-07, Capcom,3.3,239000,239000,Adventure,1400,17000,438000,140000,6018,PS2,Capcom,0.14,0.11,0.0,0.04,0.29
Mega Man X8,2004-12-07,Capcom Production Studio 1,3.3,239000,239000, Platform,1400,17000,438000,140000,6018,PS2,Capcom,0.14,0.11,0.0,0.04,0.29
Mega Man X8,2004-12-07, Capcom,3.3,239000,239000, Platform,1400,17000,438000,140000,6018,PS2,Capcom,0.14,0.11,0.0,0.04,0.29
Suikoden,1995-12-15,Konami Computer Entertainment Tokyo,3.6,270000,270000,RPG,933000,32000,776000,360000,3354,PS,Konami Digital Entertainment,0.21,0.14,0.21,0.04,0.6
Suikoden,1995-12-15, Konami,3.6,270000,270000,RPG,933000,32000,776000,360000,3354,PS,Konami Digital Entertainment,0.21,0.14,0.21,0.04,0.6
Binary Domain,2012-02-16,Sega,3.5,234000,234000,Shooter,1100,9000,598000,192000,5449,PS3,Sega,0.09,0.08,0.14,0.03,0.33
Binary Domain,2012-02-16,Sega,3.5,234000,234000,Shooter,1100,9000,598000,192000,7832,X360,Sega,0.09,0.07,0.02,0.02,0.19
Binary Domain,2012-02-16, Ryū Ga Gotoku Studios,3.5,234000,234000,Shooter,1100,9000,598000,192000,5449,PS3,Sega,0.09,0.08,0.14,0.03,0.33
Binary Domain,2012-02-16, Ryū Ga Gotoku Studios,3.5,234000,234000,Shooter,1100,9000,598000,192000,7832,X360,Sega,0.09,0.07,0.02,0.02,0.19
Shin Megami Tensei: Devil Survivor,2009-01-15,Atlus,3.9,219000,219000,RPG,1000,47000,667000,343000,6371,DS,Atlus,0.14,0.0,0.12,0.01,0.27
Shin Megami Tensei: Devil Survivor,2009-01-15, Ghostlight Ltd.,3.9,219000,219000,RPG,1000,47000,667000,343000,6371,DS,Atlus,0.14,0.0,0.12,0.01,0.27
Shin Megami Tensei: Devil Survivor,2009-01-15,Atlus,3.9,219000,219000, Strategy,1000,47000,667000,343000,6371,DS,Atlus,0.14,0.0,0.12,0.01,0.27
Shin Megami Tensei: Devil Survivor,2009-01-15, Ghostlight Ltd.,3.9,219000,219000, Strategy,1000,47000,667000,343000,6371,DS,Atlus,0.14,0.0,0.12,0.01,0.27
Shin Megami Tensei: Devil Survivor,2009-01-15,Atlus,3.9,219000,219000, Tactical,1000,47000,667000,343000,6371,DS,Atlus,0.14,0.0,0.12,0.01,0.27
Shin Megami Tensei: Devil Survivor,2009-01-15, Ghostlight Ltd.,3.9,219000,219000, Tactical,1000,47000,667000,343000,6371,DS,Atlus,0.14,0.0,0.12,0.01,0.27
Shin Megami Tensei: Devil Survivor,2009-01-15,Atlus,3.9,219000,219000, Visual Novel,1000,47000,667000,343000,6371,DS,Atlus,0.14,0.0,0.12,0.01,0.27
Shin Megami Tensei: Devil Survivor,2009-01-15, Ghostlight Ltd.,3.9,219000,219000, Visual Novel,1000,47000,667000,343000,6371,DS,Atlus,0.14,0.0,0.12,0.01,0.27
JoJo's Bizarre Adventure: Eyes of Heaven,2015-12-17,CyberConnect2,2.8,106000,106000,Arcade,1700,36000,276000,196000,14230,PS4,Namco Bandai Games,0.0,0.0,0.03,0.0,0.03
JoJo's Bizarre Adventure: Eyes of Heaven,2015-12-17,CyberConnect2,2.8,106000,106000,Arcade,1700,36000,276000,196000,14377,PS3,Namco Bandai Games,0.0,0.0,0.03,0.0,0.03
JoJo's Bizarre Adventure: Eyes of Heaven,2015-12-17, Bandai Namco Entertainment,2.8,106000,106000,Arcade,1700,36000,276000,196000,14230,PS4,Namco Bandai Games,0.0,0.0,0.03,0.0,0.03
JoJo's Bizarre Adventure: Eyes of Heaven,2015-12-17, Bandai Namco Entertainment,2.8,106000,106000,Arcade,1700,36000,276000,196000,14377,PS3,Namco Bandai Games,0.0,0.0,0.03,0.0,0.03
JoJo's Bizarre Adventure: Eyes of Heaven,2015-12-17,CyberConnect2,2.8,106000,106000, Fighting,1700,36000,276000,196000,14230,PS4,Namco Bandai Games,0.0,0.0,0.03,0.0,0.03
JoJo's Bizarre Adventure: Eyes of Heaven,2015-12-17,CyberConnect2,2.8,106000,106000, Fighting,1700,36000,276000,196000,14377,PS3,Namco Bandai Games,0.0,0.0,0.03,0.0,0.03
JoJo's Bizarre Adventure: Eyes of Heaven,2015-12-17, Bandai Namco Entertainment,2.8,106000,106000, Fighting,1700,36000,276000,196000,14230,PS4,Namco Bandai Games,0.0,0.0,0.03,0.0,0.03
JoJo's Bizarre Adventure: Eyes of Heaven,2015-12-17, Bandai Namco Entertainment,2.8,106000,106000, Fighting,1700,36000,276000,196000,14377,PS3,Namco Bandai Games,0.0,0.0,0.03,0.0,0.03
Resistance: Fall of Man,2006-11-11,Insomniac Games,3.0,194000,194000,Adventure,1300,16000,280000,119000,254,PS3,Sony Computer Entertainment,1.73,1.73,0.14,0.75,4.35
Resistance: Fall of Man,2006-11-11, Sony Computer Entertainment,3.0,194000,194000,Adventure,1300,16000,280000,119000,254,PS3,Sony Computer Entertainment,1.73,1.73,0.14,0.75,4.35
Resistance: Fall of Man,2006-11-11, Inc. (SCEI),3.0,194000,194000,Adventure,1300,16000,280000,119000,254,PS3,Sony Computer Entertainment,1.73,1.73,0.14,0.75,4.35
Resistance: Fall of Man,2006-11-11,Insomniac Games,3.0,194000,194000, Shooter,1300,16000,280000,119000,254,PS3,Sony Computer Entertainment,1.73,1.73,0.14,0.75,4.35
Resistance: Fall of Man,2006-11-11, Sony Computer Entertainment,3.0,194000,194000, Shooter,1300,16000,280000,119000,254,PS3,Sony Computer Entertainment,1.73,1.73,0.14,0.75,4.35
Resistance: Fall of Man,2006-11-11, Inc. (SCEI),3.0,194000,194000, Shooter,1300,16000,280000,119000,254,PS3,Sony Computer Entertainment,1.73,1.73,0.14,0.75,4.35
The Simpsons: Road Rage,2001-11-19,Electronic Arts,2.9,103000,103000,Racing,1700,6000,146000,61000,355,PS2,Electronic Arts,2.02,1.17,0.0,0.42,3.61
The Simpsons: Road Rage,2001-11-19,Electronic Arts,2.9,103000,103000,Racing,1700,6000,146000,61000,1691,GBA,THQ,0.86,0.32,0.0,0.02,1.19
The Simpsons: Road Rage,2001-11-19,Electronic Arts,2.9,103000,103000,Racing,1700,6000,146000,61000,1980,XB,Electronic Arts,0.78,0.26,0.0,0.01,1.05
The Simpsons: Road Rage,2001-11-19,Electronic Arts,2.9,103000,103000,Racing,1700,6000,146000,61000,6845,GC,Electronic Arts,0.19,0.05,0.0,0.01,0.24
The Simpsons: Road Rage,2001-11-19, Fox Interactive,2.9,103000,103000,Racing,1700,6000,146000,61000,355,PS2,Electronic Arts,2.02,1.17,0.0,0.42,3.61
The Simpsons: Road Rage,2001-11-19, Fox Interactive,2.9,103000,103000,Racing,1700,6000,146000,61000,1691,GBA,THQ,0.86,0.32,0.0,0.02,1.19
The Simpsons: Road Rage,2001-11-19, Fox Interactive,2.9,103000,103000,Racing,1700,6000,146000,61000,1980,XB,Electronic Arts,0.78,0.26,0.0,0.01,1.05
The Simpsons: Road Rage,2001-11-19, Fox Interactive,2.9,103000,103000,Racing,1700,6000,146000,61000,6845,GC,Electronic Arts,0.19,0.05,0.0,0.01,0.24
Machinarium,2009-10-16,Amanita Design,3.7,222000,222000,Adventure,1600,18000,473000,242000,10176,PC,Daedalic,0.0,0.09,0.0,0.02,0.11
Machinarium,2009-10-16,Amanita Design,3.7,222000,222000, Indie,1600,18000,473000,242000,10176,PC,Daedalic,0.0,0.09,0.0,0.02,0.11
Machinarium,2009-10-16,Amanita Design,3.7,222000,222000, Point-and-Click,1600,18000,473000,242000,10176,PC,Daedalic,0.0,0.09,0.0,0.02,0.11
Machinarium,2009-10-16,Amanita Design,3.7,222000,222000, Puzzle,1600,18000,473000,242000,10176,PC,Daedalic,0.0,0.09,0.0,0.02,0.11
Tales of Zestiria,2015-01-22,Bandai Namco Entertainment,2.7,273000,273000,RPG,1700,76000,1000,264000,3421,PS3,Namco Bandai Games,0.05,0.09,0.42,0.03,0.59
Tales of Zestiria,2015-01-22,Bandai Namco Entertainment,2.7,273000,273000,RPG,1700,76000,1000,264000,5026,PS4,Namco Bandai Games,0.16,0.15,0.02,0.06,0.38
Tales of Zestiria,2015-01-22, tri-Crescendo,2.7,273000,273000,RPG,1700,76000,1000,264000,3421,PS3,Namco Bandai Games,0.05,0.09,0.42,0.03,0.59
Tales of Zestiria,2015-01-22, tri-Crescendo,2.7,273000,273000,RPG,1700,76000,1000,264000,5026,PS4,Namco Bandai Games,0.16,0.15,0.02,0.06,0.38
Black,2006-02-24,Electronic Arts,3.4,233000,233000,Shooter,2100,19000,359000,196000,1594,PS2,Electronic Arts,1.01,0.04,0.03,0.16,1.25
Black,2006-02-24,Electronic Arts,3.4,233000,233000,Shooter,2100,19000,359000,196000,4654,XB,Electronic Arts,0.31,0.09,0.0,0.01,0.42
Black,2006-02-24, Criterion Games,3.4,233000,233000,Shooter,2100,19000,359000,196000,1594,PS2,Electronic Arts,1.01,0.04,0.03,0.16,1.25
Black,2006-02-24, Criterion Games,3.4,233000,233000,Shooter,2100,19000,359000,196000,4654,XB,Electronic Arts,0.31,0.09,0.0,0.01,0.42
Mario Super Sluggers,2008-06-19,Namco Bandai Games,3.7,153000,153000,Sport,1800,4000,133000,81000,894,Wii,Nintendo,1.51,0.0,0.29,0.12,1.93
Mario Super Sluggers,2008-06-19, Nintendo,3.7,153000,153000,Sport,1800,4000,133000,81000,894,Wii,Nintendo,1.51,0.0,0.29,0.12,1.93
Worms Armageddon,1999-01-29,Team17,3.8,180000,180000,Platform,2100,15000,150000,57000,1952,PS,Microprose,0.18,0.81,0.0,0.08,1.06
Worms Armageddon,1999-01-29,Team17,3.8,180000,180000,Platform,2100,15000,150000,57000,13742,N64,Infogrames,0.03,0.01,0.0,0.0,0.04
Worms Armageddon,1999-01-29, Infogrames Europe,3.8,180000,180000,Platform,2100,15000,150000,57000,1952,PS,Microprose,0.18,0.81,0.0,0.08,1.06
Worms Armageddon,1999-01-29, Infogrames Europe,3.8,180000,180000,Platform,2100,15000,150000,57000,13742,N64,Infogrames,0.03,0.01,0.0,0.0,0.04
Worms Armageddon,1999-01-29,Team17,3.8,180000,180000, Shooter,2100,15000,150000,57000,1952,PS,Microprose,0.18,0.81,0.0,0.08,1.06
Worms Armageddon,1999-01-29,Team17,3.8,180000,180000, Shooter,2100,15000,150000,57000,13742,N64,Infogrames,0.03,0.01,0.0,0.0,0.04
Worms Armageddon,1999-01-29, Infogrames Europe,3.8,180000,180000, Shooter,2100,15000,150000,57000,1952,PS,Microprose,0.18,0.81,0.0,0.08,1.06
Worms Armageddon,1999-01-29, Infogrames Europe,3.8,180000,180000, Shooter,2100,15000,150000,57000,13742,N64,Infogrames,0.03,0.01,0.0,0.0,0.04
Worms Armageddon,1999-01-29,Team17,3.8,180000,180000, Strategy,2100,15000,150000,57000,1952,PS,Microprose,0.18,0.81,0.0,0.08,1.06
Worms Armageddon,1999-01-29,Team17,3.8,180000,180000, Strategy,2100,15000,150000,57000,13742,N64,Infogrames,0.03,0.01,0.0,0.0,0.04
Worms Armageddon,1999-01-29, Infogrames Europe,3.8,180000,180000, Strategy,2100,15000,150000,57000,1952,PS,Microprose,0.18,0.81,0.0,0.08,1.06
Worms Armageddon,1999-01-29, Infogrames Europe,3.8,180000,180000, Strategy,2100,15000,150000,57000,13742,N64,Infogrames,0.03,0.01,0.0,0.0,0.04
Street Fighter II Turbo,1993-07-11,Capcom,3.7,174000,174000,Fighting,1600,5000,89000,50000,286,SNES,Capcom,1.42,0.51,2.1,0.07,4.1
Tekken 4,2001-07-01,Namco,3.4,243000,243000,Fighting,1900,9000,144000,109000,386,PS2,Namco Bandai Games,1.55,1.27,0.33,0.29,3.44
Tekken 4,2001-07-01, Namco Hometek,3.4,243000,243000,Fighting,1900,9000,144000,109000,386,PS2,Namco Bandai Games,1.55,1.27,0.33,0.29,3.44
Mega Man X7,2003-07-17,Capcom Production Studio 3,1.4,231000,231000,Adventure,1300,6000,385000,113000,3439,PS2,Capcom,0.22,0.17,0.14,0.06,0.58
Mega Man X7,2003-07-17, Capcom,1.4,231000,231000,Adventure,1300,6000,385000,113000,3439,PS2,Capcom,0.22,0.17,0.14,0.06,0.58
Mega Man X7,2003-07-17,Capcom Production Studio 3,1.4,231000,231000, Platform,1300,6000,385000,113000,3439,PS2,Capcom,0.22,0.17,0.14,0.06,0.58
Mega Man X7,2003-07-17, Capcom,1.4,231000,231000, Platform,1300,6000,385000,113000,3439,PS2,Capcom,0.22,0.17,0.14,0.06,0.58
Final Fantasy I & II: Dawn of Souls,2004-07-29,Square Enix,3.4,93000,93000,RPG,1100,26000,207000,63000,1702,GBA,Nintendo,0.64,0.24,0.29,0.02,1.19
Final Fantasy I & II: Dawn of Souls,2004-07-29, Nintendo,3.4,93000,93000,RPG,1100,26000,207000,63000,1702,GBA,Nintendo,0.64,0.24,0.29,0.02,1.19
Mega Man ZX,2006-07-06,Inti Creates,3.7,239000,239000,Platform,1300,29000,540000,159000,5934,DS,Capcom,0.18,0.0,0.1,0.02,0.3
Mega Man ZX,2006-07-06, Capcom,3.7,239000,239000,Platform,1300,29000,540000,159000,5934,DS,Capcom,0.18,0.0,0.1,0.02,0.3
Mega Man ZX,2006-07-06,Inti Creates,3.7,239000,239000, Shooter,1300,29000,540000,159000,5934,DS,Capcom,0.18,0.0,0.1,0.02,0.3
Mega Man ZX,2006-07-06, Capcom,3.7,239000,239000, Shooter,1300,29000,540000,159000,5934,DS,Capcom,0.18,0.0,0.1,0.02,0.3
Silent Hill 2: Restless Dreams,2001-12-19,Team Silent,4.5,90000,90000,Adventure,514000,14000,130000,81000,6203,XB,Konami Digital Entertainment,0.21,0.06,0.0,0.01,0.28
Silent Hill 2: Restless Dreams,2001-12-19, Konami,4.5,90000,90000,Adventure,514000,14000,130000,81000,6203,XB,Konami Digital Entertainment,0.21,0.06,0.0,0.01,0.28
Quake II,1997-12-09,id Software,3.4,242000,242000,Shooter,1500,18000,469000,162000,4689,PS,Activision,0.23,0.16,0.0,0.03,0.41
Quake II,1997-12-09,id Software,3.4,242000,242000,Shooter,1500,18000,469000,162000,5888,N64,Activision,0.24,0.06,0.0,0.0,0.3
Quake II,1997-12-09, Activision,3.4,242000,242000,Shooter,1500,18000,469000,162000,4689,PS,Activision,0.23,0.16,0.0,0.03,0.41
Quake II,1997-12-09, Activision,3.4,242000,242000,Shooter,1500,18000,469000,162000,5888,N64,Activision,0.24,0.06,0.0,0.0,0.3
NBA Jam,1993-06-02,Midway,3.6,106000,106000,Sport,847000,0,64000,23000,829,GEN,Arena Entertainment,1.75,0.25,0.0,0.05,2.05
NBA Jam,1993-06-02,Midway,3.6,106000,106000,Sport,847000,0,64000,23000,1395,SNES,Acclaim Entertainment,1.19,0.16,0.0,0.03,1.39
NBA Jam,1993-06-02,Midway,3.6,106000,106000,Sport,847000,0,64000,23000,4513,Wii,Electronic Arts,0.38,0.03,0.0,0.03,0.43
NBA Jam,1993-06-02,Midway,3.6,106000,106000,Sport,847000,0,64000,23000,4676,PS2,Acclaim Entertainment,0.2,0.16,0.0,0.05,0.41
NBA Jam,1993-06-02,Midway,3.6,106000,106000,Sport,847000,0,64000,23000,4835,X360,Electronic Arts,0.27,0.1,0.0,0.03,0.4
NBA Jam,1993-06-02,Midway,3.6,106000,106000,Sport,847000,0,64000,23000,4868,PS3,Electronic Arts,0.22,0.12,0.0,0.06,0.4
NBA Jam,1993-06-02,Midway,3.6,106000,106000,Sport,847000,0,64000,23000,9293,XB,Acclaim Entertainment,0.1,0.03,0.0,0.0,0.14
Mario vs. Donkey Kong,2004-05-24,Nintendo,3.3,171000,171000,Platform,1500,16000,252000,92000,1740,GBA,Nintendo,0.68,0.25,0.21,0.02,1.17
Mario vs. Donkey Kong,2004-05-24, Nintendo Software Technology,3.3,171000,171000,Platform,1500,16000,252000,92000,1740,GBA,Nintendo,0.68,0.25,0.21,0.02,1.17
Mario vs. Donkey Kong,2004-05-24,Nintendo,3.3,171000,171000, Puzzle,1500,16000,252000,92000,1740,GBA,Nintendo,0.68,0.25,0.21,0.02,1.17
Mario vs. Donkey Kong,2004-05-24, Nintendo Software Technology,3.3,171000,171000, Puzzle,1500,16000,252000,92000,1740,GBA,Nintendo,0.68,0.25,0.21,0.02,1.17
Remember Me,2013-06-03,Capcom,2.9,179000,179000,Adventure,1600,22000,526000,239000,5275,PS3,Capcom,0.1,0.18,0.0,0.07,0.35
Remember Me,2013-06-03,Capcom,2.9,179000,179000,Adventure,1600,22000,526000,239000,8050,X360,Capcom,0.1,0.07,0.0,0.02,0.18
Remember Me,2013-06-03,Capcom,2.9,179000,179000,Adventure,1600,22000,526000,239000,12498,PC,Capcom,0.0,0.05,0.0,0.01,0.06
Remember Me,2013-06-03," ""DONT NOD""",2.9,179000,179000,Adventure,1600,22000,526000,239000,5275,PS3,Capcom,0.1,0.18,0.0,0.07,0.35
Remember Me,2013-06-03," ""DONT NOD""",2.9,179000,179000,Adventure,1600,22000,526000,239000,8050,X360,Capcom,0.1,0.07,0.0,0.02,0.18
Remember Me,2013-06-03," ""DONT NOD""",2.9,179000,179000,Adventure,1600,22000,526000,239000,12498,PC,Capcom,0.0,0.05,0.0,0.01,0.06
Remember Me,2013-06-03,Capcom,2.9,179000,179000, Platform,1600,22000,526000,239000,5275,PS3,Capcom,0.1,0.18,0.0,0.07,0.35
Remember Me,2013-06-03,Capcom,2.9,179000,179000, Platform,1600,22000,526000,239000,8050,X360,Capcom,0.1,0.07,0.0,0.02,0.18
Remember Me,2013-06-03,Capcom,2.9,179000,179000, Platform,1600,22000,526000,239000,12498,PC,Capcom,0.0,0.05,0.0,0.01,0.06
Remember Me,2013-06-03," ""DONT NOD""",2.9,179000,179000, Platform,1600,22000,526000,239000,5275,PS3,Capcom,0.1,0.18,0.0,0.07,0.35
Remember Me,2013-06-03," ""DONT NOD""",2.9,179000,179000, Platform,1600,22000,526000,239000,8050,X360,Capcom,0.1,0.07,0.0,0.02,0.18
Remember Me,2013-06-03," ""DONT NOD""",2.9,179000,179000, Platform,1600,22000,526000,239000,12498,PC,Capcom,0.0,0.05,0.0,0.01,0.06
Alpha Protocol,2010-05-28,Obsidian Entertainment,3.3,170000,170000,RPG,987000,9000,511000,182000,4495,PS3,Sega,0.19,0.18,0.0,0.07,0.43
Alpha Protocol,2010-05-28,Obsidian Entertainment,3.3,170000,170000,RPG,987000,9000,511000,182000,4877,X360,Sega,0.23,0.13,0.0,0.04,0.4
Alpha Protocol,2010-05-28,Obsidian Entertainment,3.3,170000,170000,RPG,987000,9000,511000,182000,14053,PC,Sega,0.0,0.03,0.0,0.01,0.04
Alpha Protocol,2010-05-28, Sega,3.3,170000,170000,RPG,987000,9000,511000,182000,4495,PS3,Sega,0.19,0.18,0.0,0.07,0.43
Alpha Protocol,2010-05-28, Sega,3.3,170000,170000,RPG,987000,9000,511000,182000,4877,X360,Sega,0.23,0.13,0.0,0.04,0.4
Alpha Protocol,2010-05-28, Sega,3.3,170000,170000,RPG,987000,9000,511000,182000,14053,PC,Sega,0.0,0.03,0.0,0.01,0.04
Alpha Protocol,2010-05-28,Obsidian Entertainment,3.3,170000,170000, Shooter,987000,9000,511000,182000,4495,PS3,Sega,0.19,0.18,0.0,0.07,0.43
Alpha Protocol,2010-05-28,Obsidian Entertainment,3.3,170000,170000, Shooter,987000,9000,511000,182000,4877,X360,Sega,0.23,0.13,0.0,0.04,0.4
Alpha Protocol,2010-05-28,Obsidian Entertainment,3.3,170000,170000, Shooter,987000,9000,511000,182000,14053,PC,Sega,0.0,0.03,0.0,0.01,0.04
Alpha Protocol,2010-05-28, Sega,3.3,170000,170000, Shooter,987000,9000,511000,182000,4495,PS3,Sega,0.19,0.18,0.0,0.07,0.43
Alpha Protocol,2010-05-28, Sega,3.3,170000,170000, Shooter,987000,9000,511000,182000,4877,X360,Sega,0.23,0.13,0.0,0.04,0.4
Alpha Protocol,2010-05-28, Sega,3.3,170000,170000, Shooter,987000,9000,511000,182000,14053,PC,Sega,0.0,0.03,0.0,0.01,0.04
Need for Speed: Hot Pursuit,2010-11-16,Criterion Games,3.3,148000,148000,Racing,2000,23000,182000,54000,523,PS3,Electronic Arts,1.05,1.25,0.03,0.48,2.81
Need for Speed: Hot Pursuit,2010-11-16,Criterion Games,3.3,148000,148000,Racing,2000,23000,182000,54000,731,X360,Electronic Arts,1.03,0.98,0.0,0.21,2.22
Need for Speed: Hot Pursuit,2010-11-16,Criterion Games,3.3,148000,148000,Racing,2000,23000,182000,54000,4126,Wii,Electronic Arts,0.18,0.24,0.0,0.05,0.48
Need for Speed: Hot Pursuit,2010-11-16,Criterion Games,3.3,148000,148000,Racing,2000,23000,182000,54000,5073,PC,Electronic Arts,0.12,0.2,0.0,0.06,0.38
Need for Speed: Hot Pursuit,2010-11-16, Electronic Arts,3.3,148000,148000,Racing,2000,23000,182000,54000,523,PS3,Electronic Arts,1.05,1.25,0.03,0.48,2.81
Need for Speed: Hot Pursuit,2010-11-16, Electronic Arts,3.3,148000,148000,Racing,2000,23000,182000,54000,731,X360,Electronic Arts,1.03,0.98,0.0,0.21,2.22
Need for Speed: Hot Pursuit,2010-11-16, Electronic Arts,3.3,148000,148000,Racing,2000,23000,182000,54000,4126,Wii,Electronic Arts,0.18,0.24,0.0,0.05,0.48
Need for Speed: Hot Pursuit,2010-11-16, Electronic Arts,3.3,148000,148000,Racing,2000,23000,182000,54000,5073,PC,Electronic Arts,0.12,0.2,0.0,0.06,0.38
Ratchet & Clank: Size Matters,2007-02-13,Sony Computer Entertainment,2.8,172000,172000,Adventure,1500,10000,287000,115000,327,PSP,Sony Computer Entertainment,1.4,1.4,0.1,0.87,3.77
Ratchet & Clank: Size Matters,2007-02-13,Sony Computer Entertainment,2.8,172000,172000,Adventure,1500,10000,287000,115000,6001,PS2,Sony Computer Entertainment,0.13,0.1,0.03,0.03,0.29
Ratchet & Clank: Size Matters,2007-02-13, Inc. (SCEI),2.8,172000,172000,Adventure,1500,10000,287000,115000,327,PSP,Sony Computer Entertainment,1.4,1.4,0.1,0.87,3.77
Ratchet & Clank: Size Matters,2007-02-13, Inc. (SCEI),2.8,172000,172000,Adventure,1500,10000,287000,115000,6001,PS2,Sony Computer Entertainment,0.13,0.1,0.03,0.03,0.29
Ratchet & Clank: Size Matters,2007-02-13, High Impact Games,2.8,172000,172000,Adventure,1500,10000,287000,115000,327,PSP,Sony Computer Entertainment,1.4,1.4,0.1,0.87,3.77
Ratchet & Clank: Size Matters,2007-02-13, High Impact Games,2.8,172000,172000,Adventure,1500,10000,287000,115000,6001,PS2,Sony Computer Entertainment,0.13,0.1,0.03,0.03,0.29
Ratchet & Clank: Size Matters,2007-02-13,Sony Computer Entertainment,2.8,172000,172000, Platform,1500,10000,287000,115000,327,PSP,Sony Computer Entertainment,1.4,1.4,0.1,0.87,3.77
Ratchet & Clank: Size Matters,2007-02-13,Sony Computer Entertainment,2.8,172000,172000, Platform,1500,10000,287000,115000,6001,PS2,Sony Computer Entertainment,0.13,0.1,0.03,0.03,0.29
Ratchet & Clank: Size Matters,2007-02-13, Inc. (SCEI),2.8,172000,172000, Platform,1500,10000,287000,115000,327,PSP,Sony Computer Entertainment,1.4,1.4,0.1,0.87,3.77
Ratchet & Clank: Size Matters,2007-02-13, Inc. (SCEI),2.8,172000,172000, Platform,1500,10000,287000,115000,6001,PS2,Sony Computer Entertainment,0.13,0.1,0.03,0.03,0.29
Ratchet & Clank: Size Matters,2007-02-13, High Impact Games,2.8,172000,172000, Platform,1500,10000,287000,115000,327,PSP,Sony Computer Entertainment,1.4,1.4,0.1,0.87,3.77
Ratchet & Clank: Size Matters,2007-02-13, High Impact Games,2.8,172000,172000, Platform,1500,10000,287000,115000,6001,PS2,Sony Computer Entertainment,0.13,0.1,0.03,0.03,0.29
Ratchet & Clank: Size Matters,2007-02-13,Sony Computer Entertainment,2.8,172000,172000, Shooter,1500,10000,287000,115000,327,PSP,Sony Computer Entertainment,1.4,1.4,0.1,0.87,3.77
Ratchet & Clank: Size Matters,2007-02-13,Sony Computer Entertainment,2.8,172000,172000, Shooter,1500,10000,287000,115000,6001,PS2,Sony Computer Entertainment,0.13,0.1,0.03,0.03,0.29
Ratchet & Clank: Size Matters,2007-02-13, Inc. (SCEI),2.8,172000,172000, Shooter,1500,10000,287000,115000,327,PSP,Sony Computer Entertainment,1.4,1.4,0.1,0.87,3.77
Ratchet & Clank: Size Matters,2007-02-13, Inc. (SCEI),2.8,172000,172000, Shooter,1500,10000,287000,115000,6001,PS2,Sony Computer Entertainment,0.13,0.1,0.03,0.03,0.29
Ratchet & Clank: Size Matters,2007-02-13, High Impact Games,2.8,172000,172000, Shooter,1500,10000,287000,115000,327,PSP,Sony Computer Entertainment,1.4,1.4,0.1,0.87,3.77
Ratchet & Clank: Size Matters,2007-02-13, High Impact Games,2.8,172000,172000, Shooter,1500,10000,287000,115000,6001,PS2,Sony Computer Entertainment,0.13,0.1,0.03,0.03,0.29
Mario Power Tennis,2004-10-28,Nintendo,3.5,150000,150000,Sport,1900,6000,146000,91000,1636,GC,Nintendo,0.58,0.16,0.46,0.03,1.22
Mario Power Tennis,2004-10-28, Camelot Software Planning,3.5,150000,150000,Sport,1900,6000,146000,91000,1636,GC,Nintendo,0.58,0.16,0.46,0.03,1.22
Ms. Pac-Man,1982-02-03,Atari,3.6,198000,198000,Arcade,1600,1000,45000,38000,1108,2600,Atari,1.54,0.1,0.0,0.02,1.65
Ms. Pac-Man,1982-02-03, Inc.,3.6,198000,198000,Arcade,1600,1000,45000,38000,1108,2600,Atari,1.54,0.1,0.0,0.02,1.65
Ms. Pac-Man,1982-02-03, General Computer Corporation (GCC),3.6,198000,198000,Arcade,1600,1000,45000,38000,1108,2600,Atari,1.54,0.1,0.0,0.02,1.65
Gun,2005-11-05,Activision,3.3,131000,131000,Adventure,1400,5000,276000,152000,1723,PS2,Activision,0.98,0.04,0.0,0.16,1.17
Gun,2005-11-05,Activision,3.3,131000,131000,Adventure,1400,5000,276000,152000,3861,XB,Activision,0.38,0.12,0.0,0.02,0.52
Gun,2005-11-05,Activision,3.3,131000,131000,Adventure,1400,5000,276000,152000,8121,GC,Activision,0.14,0.04,0.0,0.0,0.18
Gun,2005-11-05, Rebellion Developments,3.3,131000,131000,Adventure,1400,5000,276000,152000,1723,PS2,Activision,0.98,0.04,0.0,0.16,1.17
Gun,2005-11-05, Rebellion Developments,3.3,131000,131000,Adventure,1400,5000,276000,152000,3861,XB,Activision,0.38,0.12,0.0,0.02,0.52
Gun,2005-11-05, Rebellion Developments,3.3,131000,131000,Adventure,1400,5000,276000,152000,8121,GC,Activision,0.14,0.04,0.0,0.0,0.18
Naruto: Ultimate Ninja 3,2005-12-22,Bandai,3.5,120000,120000,Fighting,1900,2000,67000,32000,4481,PS2,Atari,0.36,0.01,0.0,0.06,0.44
Naruto: Ultimate Ninja 3,2005-12-22, CyberConnect2,3.5,120000,120000,Fighting,1900,2000,67000,32000,4481,PS2,Atari,0.36,0.01,0.0,0.06,0.44
Superman: The New Superman Adventures,1999-05-31,Titus Software,0.7,69000,69000,Adventure,859000,2000,76000,55000,4731,N64,Titus,0.33,0.07,0.0,0.0,0.41
Superman: The New Superman Adventures,1999-05-31, WB Games,0.7,69000,69000,Adventure,859000,2000,76000,55000,4731,N64,Titus,0.33,0.07,0.0,0.0,0.41
Superman: The New Superman Adventures,1999-05-31,Titus Software,0.7,69000,69000, Shooter,859000,2000,76000,55000,4731,N64,Titus,0.33,0.07,0.0,0.0,0.41
Superman: The New Superman Adventures,1999-05-31, WB Games,0.7,69000,69000, Shooter,859000,2000,76000,55000,4731,N64,Titus,0.33,0.07,0.0,0.0,0.41
The Lord of the Rings: The Two Towers,2002-10-21,Electronic Arts,3.3,100000,100000,Adventure,1600,8000,172000,72000,228,PS2,Electronic Arts,1.94,1.95,0.08,0.7,4.67
The Lord of the Rings: The Two Towers,2002-10-21,Electronic Arts,3.3,100000,100000,Adventure,1600,8000,172000,72000,2782,GBA,Electronic Arts,0.53,0.2,0.0,0.01,0.74
The Lord of the Rings: The Two Towers,2002-10-21,Electronic Arts,3.3,100000,100000,Adventure,1600,8000,172000,72000,2859,XB,Electronic Arts,0.45,0.24,0.0,0.03,0.71
The Lord of the Rings: The Two Towers,2002-10-21,Electronic Arts,3.3,100000,100000,Adventure,1600,8000,172000,72000,3810,GC,Electronic Arts,0.41,0.11,0.0,0.01,0.53
The Lord of the Rings: The Two Towers,2002-10-21, Hypnos Entertainment,3.3,100000,100000,Adventure,1600,8000,172000,72000,228,PS2,Electronic Arts,1.94,1.95,0.08,0.7,4.67
The Lord of the Rings: The Two Towers,2002-10-21, Hypnos Entertainment,3.3,100000,100000,Adventure,1600,8000,172000,72000,2782,GBA,Electronic Arts,0.53,0.2,0.0,0.01,0.74
The Lord of the Rings: The Two Towers,2002-10-21, Hypnos Entertainment,3.3,100000,100000,Adventure,1600,8000,172000,72000,2859,XB,Electronic Arts,0.45,0.24,0.0,0.03,0.71
The Lord of the Rings: The Two Towers,2002-10-21, Hypnos Entertainment,3.3,100000,100000,Adventure,1600,8000,172000,72000,3810,GC,Electronic Arts,0.41,0.11,0.0,0.01,0.53
The Lord of the Rings: The Two Towers,2002-10-21,Electronic Arts,3.3,100000,100000, Brawler,1600,8000,172000,72000,228,PS2,Electronic Arts,1.94,1.95,0.08,0.7,4.67
The Lord of the Rings: The Two Towers,2002-10-21,Electronic Arts,3.3,100000,100000, Brawler,1600,8000,172000,72000,2782,GBA,Electronic Arts,0.53,0.2,0.0,0.01,0.74
The Lord of the Rings: The Two Towers,2002-10-21,Electronic Arts,3.3,100000,100000, Brawler,1600,8000,172000,72000,2859,XB,Electronic Arts,0.45,0.24,0.0,0.03,0.71
The Lord of the Rings: The Two Towers,2002-10-21,Electronic Arts,3.3,100000,100000, Brawler,1600,8000,172000,72000,3810,GC,Electronic Arts,0.41,0.11,0.0,0.01,0.53
The Lord of the Rings: The Two Towers,2002-10-21, Hypnos Entertainment,3.3,100000,100000, Brawler,1600,8000,172000,72000,228,PS2,Electronic Arts,1.94,1.95,0.08,0.7,4.67
The Lord of the Rings: The Two Towers,2002-10-21, Hypnos Entertainment,3.3,100000,100000, Brawler,1600,8000,172000,72000,2782,GBA,Electronic Arts,0.53,0.2,0.0,0.01,0.74
The Lord of the Rings: The Two Towers,2002-10-21, Hypnos Entertainment,3.3,100000,100000, Brawler,1600,8000,172000,72000,2859,XB,Electronic Arts,0.45,0.24,0.0,0.03,0.71
The Lord of the Rings: The Two Towers,2002-10-21, Hypnos Entertainment,3.3,100000,100000, Brawler,1600,8000,172000,72000,3810,GC,Electronic Arts,0.41,0.11,0.0,0.01,0.53
FIFA 14,2013-09-24,EA Sports,3.2,92000,92000,Sport,2200,8000,52000,13000,113,PS3,Electronic Arts,0.78,4.32,0.07,1.73,6.9
FIFA 14,2013-09-24,EA Sports,3.2,92000,92000,Sport,2200,8000,52000,13000,257,X360,Electronic Arts,0.92,2.93,0.01,0.46,4.31
FIFA 14,2013-09-24,EA Sports,3.2,92000,92000,Sport,2200,8000,52000,13000,494,PS4,Electronic Arts,0.61,1.85,0.11,0.33,2.9
FIFA 14,2013-09-24,EA Sports,3.2,92000,92000,Sport,2200,8000,52000,13000,1700,XOne,Electronic Arts,0.41,0.66,0.0,0.12,1.19
FIFA 14,2013-09-24,EA Sports,3.2,92000,92000,Sport,2200,8000,52000,13000,3990,PSV,Electronic Arts,0.11,0.25,0.01,0.13,0.5
FIFA 14,2013-09-24,EA Sports,3.2,92000,92000,Sport,2200,8000,52000,13000,4505,PC,Electronic Arts,0.01,0.36,0.0,0.06,0.43
FIFA 14,2013-09-24,EA Sports,3.2,92000,92000,Sport,2200,8000,52000,13000,4540,Wii,Electronic Arts,0.0,0.38,0.0,0.05,0.43
FIFA 14,2013-09-24,EA Sports,3.2,92000,92000,Sport,2200,8000,52000,13000,6663,3DS,Electronic Arts,0.0,0.23,0.0,0.03,0.25
FIFA 14,2013-09-24,EA Sports,3.2,92000,92000,Sport,2200,8000,52000,13000,7036,PSP,Electronic Arts,0.0,0.16,0.0,0.07,0.23
FIFA 14,2013-09-24, EA Canada,3.2,92000,92000,Sport,2200,8000,52000,13000,113,PS3,Electronic Arts,0.78,4.32,0.07,1.73,6.9
FIFA 14,2013-09-24, EA Canada,3.2,92000,92000,Sport,2200,8000,52000,13000,257,X360,Electronic Arts,0.92,2.93,0.01,0.46,4.31
FIFA 14,2013-09-24, EA Canada,3.2,92000,92000,Sport,2200,8000,52000,13000,494,PS4,Electronic Arts,0.61,1.85,0.11,0.33,2.9
FIFA 14,2013-09-24, EA Canada,3.2,92000,92000,Sport,2200,8000,52000,13000,1700,XOne,Electronic Arts,0.41,0.66,0.0,0.12,1.19
FIFA 14,2013-09-24, EA Canada,3.2,92000,92000,Sport,2200,8000,52000,13000,3990,PSV,Electronic Arts,0.11,0.25,0.01,0.13,0.5
FIFA 14,2013-09-24, EA Canada,3.2,92000,92000,Sport,2200,8000,52000,13000,4505,PC,Electronic Arts,0.01,0.36,0.0,0.06,0.43
FIFA 14,2013-09-24, EA Canada,3.2,92000,92000,Sport,2200,8000,52000,13000,4540,Wii,Electronic Arts,0.0,0.38,0.0,0.05,0.43
FIFA 14,2013-09-24, EA Canada,3.2,92000,92000,Sport,2200,8000,52000,13000,6663,3DS,Electronic Arts,0.0,0.23,0.0,0.03,0.25
FIFA 14,2013-09-24, EA Canada,3.2,92000,92000,Sport,2200,8000,52000,13000,7036,PSP,Electronic Arts,0.0,0.16,0.0,0.07,0.23
The Warriors,2005-10-17,Rockstar Toronto,3.9,182000,182000,Brawler,927000,10000,274000,191000,3812,PS2,Take-Two Interactive,0.44,0.02,0.0,0.07,0.53
The Warriors,2005-10-17,Rockstar Toronto,3.9,182000,182000,Brawler,927000,10000,274000,191000,6122,XB,Take-Two Interactive,0.21,0.06,0.0,0.01,0.28
The Warriors,2005-10-17,Rockstar Toronto,3.9,182000,182000,Brawler,927000,10000,274000,191000,6217,PSP,Take-Two Interactive,0.23,0.02,0.0,0.03,0.28
The Warriors,2005-10-17, Rockstar Games,3.9,182000,182000,Brawler,927000,10000,274000,191000,3812,PS2,Take-Two Interactive,0.44,0.02,0.0,0.07,0.53
The Warriors,2005-10-17, Rockstar Games,3.9,182000,182000,Brawler,927000,10000,274000,191000,6122,XB,Take-Two Interactive,0.21,0.06,0.0,0.01,0.28
The Warriors,2005-10-17, Rockstar Games,3.9,182000,182000,Brawler,927000,10000,274000,191000,6217,PSP,Take-Two Interactive,0.23,0.02,0.0,0.03,0.28
The Warriors,2005-10-17,Rockstar Toronto,3.9,182000,182000, Fighting,927000,10000,274000,191000,3812,PS2,Take-Two Interactive,0.44,0.02,0.0,0.07,0.53
The Warriors,2005-10-17,Rockstar Toronto,3.9,182000,182000, Fighting,927000,10000,274000,191000,6122,XB,Take-Two Interactive,0.21,0.06,0.0,0.01,0.28
The Warriors,2005-10-17,Rockstar Toronto,3.9,182000,182000, Fighting,927000,10000,274000,191000,6217,PSP,Take-Two Interactive,0.23,0.02,0.0,0.03,0.28
The Warriors,2005-10-17, Rockstar Games,3.9,182000,182000, Fighting,927000,10000,274000,191000,3812,PS2,Take-Two Interactive,0.44,0.02,0.0,0.07,0.53
The Warriors,2005-10-17, Rockstar Games,3.9,182000,182000, Fighting,927000,10000,274000,191000,6122,XB,Take-Two Interactive,0.21,0.06,0.0,0.01,0.28
The Warriors,2005-10-17, Rockstar Games,3.9,182000,182000, Fighting,927000,10000,274000,191000,6217,PSP,Take-Two Interactive,0.23,0.02,0.0,0.03,0.28
Mega Man ZX Advent,2007-07-12,Inti Creates,3.6,173000,173000,Adventure,976000,19000,462000,110000,5305,DS,Capcom,0.23,0.0,0.09,0.02,0.35
Mega Man ZX Advent,2007-07-12, Capcom,3.6,173000,173000,Adventure,976000,19000,462000,110000,5305,DS,Capcom,0.23,0.0,0.09,0.02,0.35
Mega Man ZX Advent,2007-07-12,Inti Creates,3.6,173000,173000, Platform,976000,19000,462000,110000,5305,DS,Capcom,0.23,0.0,0.09,0.02,0.35
Mega Man ZX Advent,2007-07-12, Capcom,3.6,173000,173000, Platform,976000,19000,462000,110000,5305,DS,Capcom,0.23,0.0,0.09,0.02,0.35
Mega Man ZX Advent,2007-07-12,Inti Creates,3.6,173000,173000, Shooter,976000,19000,462000,110000,5305,DS,Capcom,0.23,0.0,0.09,0.02,0.35
Mega Man ZX Advent,2007-07-12, Capcom,3.6,173000,173000, Shooter,976000,19000,462000,110000,5305,DS,Capcom,0.23,0.0,0.09,0.02,0.35
Twisted Metal,1995-11-05,Eat Sleep Play Inc.,3.1,117000,117000,Fighting,986000,1000,148000,81000,1190,PS,Sony Computer Entertainment,1.32,0.19,0.0,0.05,1.56
Twisted Metal,1995-11-05, Sony Computer Entertainment,3.1,117000,117000,Fighting,986000,1000,148000,81000,1190,PS,Sony Computer Entertainment,1.32,0.19,0.0,0.05,1.56
Twisted Metal,1995-11-05,Eat Sleep Play Inc.,3.1,117000,117000, Racing,986000,1000,148000,81000,1190,PS,Sony Computer Entertainment,1.32,0.19,0.0,0.05,1.56
Twisted Metal,1995-11-05, Sony Computer Entertainment,3.1,117000,117000, Racing,986000,1000,148000,81000,1190,PS,Sony Computer Entertainment,1.32,0.19,0.0,0.05,1.56
Twisted Metal,1995-11-05,Eat Sleep Play Inc.,3.1,117000,117000, Shooter,986000,1000,148000,81000,1190,PS,Sony Computer Entertainment,1.32,0.19,0.0,0.05,1.56
Twisted Metal,1995-11-05, Sony Computer Entertainment,3.1,117000,117000, Shooter,986000,1000,148000,81000,1190,PS,Sony Computer Entertainment,1.32,0.19,0.0,0.05,1.56
Parasite Eve II,1999-12-16,Square,3.4,229000,229000,RPG,763000,16000,657000,344000,3499,PS,SquareSoft,0.32,0.22,0.0,0.04,0.58
Parasite Eve II,1999-12-16, Square Soft,3.4,229000,229000,RPG,763000,16000,657000,344000,3499,PS,SquareSoft,0.32,0.22,0.0,0.04,0.58
Tom Clancy's Splinter Cell: Pandora Tomorrow,2004-03-23,Ubisoft Shanghai,3.4,137000,137000,Shooter,1000,7000,317000,123000,1286,XB,Ubisoft,0.82,0.59,0.0,0.07,1.48
Tom Clancy's Splinter Cell: Pandora Tomorrow,2004-03-23,Ubisoft Shanghai,3.4,137000,137000,Shooter,1000,7000,317000,123000,1597,PS2,Ubisoft,0.52,0.56,0.0,0.17,1.25
Tom Clancy's Splinter Cell: Pandora Tomorrow,2004-03-23,Ubisoft Shanghai,3.4,137000,137000,Shooter,1000,7000,317000,123000,11418,GC,Ubisoft,0.06,0.02,0.0,0.0,0.08
Tom Clancy's Splinter Cell: Pandora Tomorrow,2004-03-23,Ubisoft Shanghai,3.4,137000,137000,Shooter,1000,7000,317000,123000,12345,GBA,Ubisoft,0.05,0.02,0.0,0.0,0.06
Tom Clancy's Splinter Cell: Pandora Tomorrow,2004-03-23, Ubisoft Entertainment,3.4,137000,137000,Shooter,1000,7000,317000,123000,1286,XB,Ubisoft,0.82,0.59,0.0,0.07,1.48
Tom Clancy's Splinter Cell: Pandora Tomorrow,2004-03-23, Ubisoft Entertainment,3.4,137000,137000,Shooter,1000,7000,317000,123000,1597,PS2,Ubisoft,0.52,0.56,0.0,0.17,1.25
Tom Clancy's Splinter Cell: Pandora Tomorrow,2004-03-23, Ubisoft Entertainment,3.4,137000,137000,Shooter,1000,7000,317000,123000,11418,GC,Ubisoft,0.06,0.02,0.0,0.0,0.08
Tom Clancy's Splinter Cell: Pandora Tomorrow,2004-03-23, Ubisoft Entertainment,3.4,137000,137000,Shooter,1000,7000,317000,123000,12345,GBA,Ubisoft,0.05,0.02,0.0,0.0,0.06
Tom Clancy's Splinter Cell: Pandora Tomorrow,2004-03-23,Ubisoft Shanghai,3.4,137000,137000, Tactical,1000,7000,317000,123000,1286,XB,Ubisoft,0.82,0.59,0.0,0.07,1.48
Tom Clancy's Splinter Cell: Pandora Tomorrow,2004-03-23,Ubisoft Shanghai,3.4,137000,137000, Tactical,1000,7000,317000,123000,1597,PS2,Ubisoft,0.52,0.56,0.0,0.17,1.25
Tom Clancy's Splinter Cell: Pandora Tomorrow,2004-03-23,Ubisoft Shanghai,3.4,137000,137000, Tactical,1000,7000,317000,123000,11418,GC,Ubisoft,0.06,0.02,0.0,0.0,0.08
Tom Clancy's Splinter Cell: Pandora Tomorrow,2004-03-23,Ubisoft Shanghai,3.4,137000,137000, Tactical,1000,7000,317000,123000,12345,GBA,Ubisoft,0.05,0.02,0.0,0.0,0.06
Tom Clancy's Splinter Cell: Pandora Tomorrow,2004-03-23, Ubisoft Entertainment,3.4,137000,137000, Tactical,1000,7000,317000,123000,1286,XB,Ubisoft,0.82,0.59,0.0,0.07,1.48
Tom Clancy's Splinter Cell: Pandora Tomorrow,2004-03-23, Ubisoft Entertainment,3.4,137000,137000, Tactical,1000,7000,317000,123000,1597,PS2,Ubisoft,0.52,0.56,0.0,0.17,1.25
Tom Clancy's Splinter Cell: Pandora Tomorrow,2004-03-23, Ubisoft Entertainment,3.4,137000,137000, Tactical,1000,7000,317000,123000,11418,GC,Ubisoft,0.06,0.02,0.0,0.0,0.08
Tom Clancy's Splinter Cell: Pandora Tomorrow,2004-03-23, Ubisoft Entertainment,3.4,137000,137000, Tactical,1000,7000,317000,123000,12345,GBA,Ubisoft,0.05,0.02,0.0,0.0,0.06
Kingdoms of Amalur: Reckoning,2012-02-07,38 Studios,3.2,99000,99000,Brawler,1200,22000,365000,106000,2351,X360,Electronic Arts,0.55,0.25,0.01,0.07,0.89
Kingdoms of Amalur: Reckoning,2012-02-07,38 Studios,3.2,99000,99000,Brawler,1200,22000,365000,106000,2390,PS3,Electronic Arts,0.37,0.3,0.09,0.11,0.87
Kingdoms of Amalur: Reckoning,2012-02-07,38 Studios,3.2,99000,99000,Brawler,1200,22000,365000,106000,5788,PC,Electronic Arts,0.14,0.13,0.0,0.04,0.31
Kingdoms of Amalur: Reckoning,2012-02-07, Electronic Arts,3.2,99000,99000,Brawler,1200,22000,365000,106000,2351,X360,Electronic Arts,0.55,0.25,0.01,0.07,0.89
Kingdoms of Amalur: Reckoning,2012-02-07, Electronic Arts,3.2,99000,99000,Brawler,1200,22000,365000,106000,2390,PS3,Electronic Arts,0.37,0.3,0.09,0.11,0.87
Kingdoms of Amalur: Reckoning,2012-02-07, Electronic Arts,3.2,99000,99000,Brawler,1200,22000,365000,106000,5788,PC,Electronic Arts,0.14,0.13,0.0,0.04,0.31
Kingdoms of Amalur: Reckoning,2012-02-07,38 Studios,3.2,99000,99000, RPG,1200,22000,365000,106000,2351,X360,Electronic Arts,0.55,0.25,0.01,0.07,0.89
Kingdoms of Amalur: Reckoning,2012-02-07,38 Studios,3.2,99000,99000, RPG,1200,22000,365000,106000,2390,PS3,Electronic Arts,0.37,0.3,0.09,0.11,0.87
Kingdoms of Amalur: Reckoning,2012-02-07,38 Studios,3.2,99000,99000, RPG,1200,22000,365000,106000,5788,PC,Electronic Arts,0.14,0.13,0.0,0.04,0.31
Kingdoms of Amalur: Reckoning,2012-02-07, Electronic Arts,3.2,99000,99000, RPG,1200,22000,365000,106000,2351,X360,Electronic Arts,0.55,0.25,0.01,0.07,0.89
Kingdoms of Amalur: Reckoning,2012-02-07, Electronic Arts,3.2,99000,99000, RPG,1200,22000,365000,106000,2390,PS3,Electronic Arts,0.37,0.3,0.09,0.11,0.87
Kingdoms of Amalur: Reckoning,2012-02-07, Electronic Arts,3.2,99000,99000, RPG,1200,22000,365000,106000,5788,PC,Electronic Arts,0.14,0.13,0.0,0.04,0.31
Grand Theft Auto,1997-10-21,DMA Design,2.5,181000,181000,Adventure,1600,4000,225000,109000,686,PS,Take-Two Interactive,0.79,1.35,0.04,0.14,2.32
Grand Theft Auto,1997-10-21,DMA Design,2.5,181000,181000,Adventure,1600,4000,225000,109000,6907,GBA,Take-Two Interactive,0.17,0.06,0.0,0.0,0.24
Grand Theft Auto,1997-10-21, Take-Two Interactive,2.5,181000,181000,Adventure,1600,4000,225000,109000,686,PS,Take-Two Interactive,0.79,1.35,0.04,0.14,2.32
Grand Theft Auto,1997-10-21, Take-Two Interactive,2.5,181000,181000,Adventure,1600,4000,225000,109000,6907,GBA,Take-Two Interactive,0.17,0.06,0.0,0.0,0.24
Grand Theft Auto,1997-10-21,DMA Design,2.5,181000,181000, Racing,1600,4000,225000,109000,686,PS,Take-Two Interactive,0.79,1.35,0.04,0.14,2.32
Grand Theft Auto,1997-10-21,DMA Design,2.5,181000,181000, Racing,1600,4000,225000,109000,6907,GBA,Take-Two Interactive,0.17,0.06,0.0,0.0,0.24
Grand Theft Auto,1997-10-21, Take-Two Interactive,2.5,181000,181000, Racing,1600,4000,225000,109000,686,PS,Take-Two Interactive,0.79,1.35,0.04,0.14,2.32
Grand Theft Auto,1997-10-21, Take-Two Interactive,2.5,181000,181000, Racing,1600,4000,225000,109000,6907,GBA,Take-Two Interactive,0.17,0.06,0.0,0.0,0.24
Grand Theft Auto,1997-10-21,DMA Design,2.5,181000,181000, Shooter,1600,4000,225000,109000,686,PS,Take-Two Interactive,0.79,1.35,0.04,0.14,2.32
Grand Theft Auto,1997-10-21,DMA Design,2.5,181000,181000, Shooter,1600,4000,225000,109000,6907,GBA,Take-Two Interactive,0.17,0.06,0.0,0.0,0.24
Grand Theft Auto,1997-10-21, Take-Two Interactive,2.5,181000,181000, Shooter,1600,4000,225000,109000,686,PS,Take-Two Interactive,0.79,1.35,0.04,0.14,2.32
Grand Theft Auto,1997-10-21, Take-Two Interactive,2.5,181000,181000, Shooter,1600,4000,225000,109000,6907,GBA,Take-Two Interactive,0.17,0.06,0.0,0.0,0.24
Sonic the Hedgehog 2,1992-10-16,Aspect Co. Ltd,2.8,157000,157000,Adventure,1400,6000,173000,45000,144,GEN,Sega,4.47,1.2,0.16,0.19,6.03
Sonic the Hedgehog 2,1992-10-16, Sega,2.8,157000,157000,Adventure,1400,6000,173000,45000,144,GEN,Sega,4.47,1.2,0.16,0.19,6.03
Sonic the Hedgehog 2,1992-10-16,Aspect Co. Ltd,2.8,157000,157000, Arcade,1400,6000,173000,45000,144,GEN,Sega,4.47,1.2,0.16,0.19,6.03
Sonic the Hedgehog 2,1992-10-16, Sega,2.8,157000,157000, Arcade,1400,6000,173000,45000,144,GEN,Sega,4.47,1.2,0.16,0.19,6.03
Sonic the Hedgehog 2,1992-10-16,Aspect Co. Ltd,2.8,157000,157000, Platform,1400,6000,173000,45000,144,GEN,Sega,4.47,1.2,0.16,0.19,6.03
Sonic the Hedgehog 2,1992-10-16, Sega,2.8,157000,157000, Platform,1400,6000,173000,45000,144,GEN,Sega,4.47,1.2,0.16,0.19,6.03
Guitar Hero 5,2009-09-01,Activision,3.2,63000,63000,Music,1100,0,65000,22000,1176,Wii,Activision,0.94,0.49,0.0,0.15,1.58
Guitar Hero 5,2009-09-01,Activision,3.2,63000,63000,Music,1100,0,65000,22000,1800,X360,Activision,0.65,0.37,0.0,0.11,1.14
Guitar Hero 5,2009-09-01,Activision,3.2,63000,63000,Music,1100,0,65000,22000,1830,PS2,Activision,0.28,0.3,0.0,0.54,1.12
Guitar Hero 5,2009-09-01,Activision,3.2,63000,63000,Music,1100,0,65000,22000,1849,PS3,Activision,0.53,0.4,0.0,0.17,1.1
Guitar Hero 5,2009-09-01, Neversoft Entertainment,3.2,63000,63000,Music,1100,0,65000,22000,1176,Wii,Activision,0.94,0.49,0.0,0.15,1.58
Guitar Hero 5,2009-09-01, Neversoft Entertainment,3.2,63000,63000,Music,1100,0,65000,22000,1800,X360,Activision,0.65,0.37,0.0,0.11,1.14
Guitar Hero 5,2009-09-01, Neversoft Entertainment,3.2,63000,63000,Music,1100,0,65000,22000,1830,PS2,Activision,0.28,0.3,0.0,0.54,1.12
Guitar Hero 5,2009-09-01, Neversoft Entertainment,3.2,63000,63000,Music,1100,0,65000,22000,1849,PS3,Activision,0.53,0.4,0.0,0.17,1.1
Mighty No. 9,2016-06-21,Inti Creates,1.6,137000,137000,Adventure,907000,5000,263000,71000,13437,PS4,Deep Silver,0.04,0.0,0.0,0.01,0.05
Mighty No. 9,2016-06-21,Inti Creates,1.6,137000,137000,Adventure,907000,5000,263000,71000,15469,WiiU,Deep Silver,0.01,0.01,0.0,0.0,0.02
Mighty No. 9,2016-06-21,Inti Creates,1.6,137000,137000,Adventure,907000,5000,263000,71000,16565,XOne,Deep Silver,0.01,0.0,0.0,0.0,0.01
Mighty No. 9,2016-06-21, Deep Silver,1.6,137000,137000,Adventure,907000,5000,263000,71000,13437,PS4,Deep Silver,0.04,0.0,0.0,0.01,0.05
Mighty No. 9,2016-06-21, Deep Silver,1.6,137000,137000,Adventure,907000,5000,263000,71000,15469,WiiU,Deep Silver,0.01,0.01,0.0,0.0,0.02
Mighty No. 9,2016-06-21, Deep Silver,1.6,137000,137000,Adventure,907000,5000,263000,71000,16565,XOne,Deep Silver,0.01,0.0,0.0,0.0,0.01
Mighty No. 9,2016-06-21,Inti Creates,1.6,137000,137000, Arcade,907000,5000,263000,71000,13437,PS4,Deep Silver,0.04,0.0,0.0,0.01,0.05
Mighty No. 9,2016-06-21,Inti Creates,1.6,137000,137000, Arcade,907000,5000,263000,71000,15469,WiiU,Deep Silver,0.01,0.01,0.0,0.0,0.02
Mighty No. 9,2016-06-21,Inti Creates,1.6,137000,137000, Arcade,907000,5000,263000,71000,16565,XOne,Deep Silver,0.01,0.0,0.0,0.0,0.01
Mighty No. 9,2016-06-21, Deep Silver,1.6,137000,137000, Arcade,907000,5000,263000,71000,13437,PS4,Deep Silver,0.04,0.0,0.0,0.01,0.05
Mighty No. 9,2016-06-21, Deep Silver,1.6,137000,137000, Arcade,907000,5000,263000,71000,15469,WiiU,Deep Silver,0.01,0.01,0.0,0.0,0.02
Mighty No. 9,2016-06-21, Deep Silver,1.6,137000,137000, Arcade,907000,5000,263000,71000,16565,XOne,Deep Silver,0.01,0.0,0.0,0.0,0.01
Mighty No. 9,2016-06-21,Inti Creates,1.6,137000,137000, Platform,907000,5000,263000,71000,13437,PS4,Deep Silver,0.04,0.0,0.0,0.01,0.05
Mighty No. 9,2016-06-21,Inti Creates,1.6,137000,137000, Platform,907000,5000,263000,71000,15469,WiiU,Deep Silver,0.01,0.01,0.0,0.0,0.02
Mighty No. 9,2016-06-21,Inti Creates,1.6,137000,137000, Platform,907000,5000,263000,71000,16565,XOne,Deep Silver,0.01,0.0,0.0,0.0,0.01
Mighty No. 9,2016-06-21, Deep Silver,1.6,137000,137000, Platform,907000,5000,263000,71000,13437,PS4,Deep Silver,0.04,0.0,0.0,0.01,0.05
Mighty No. 9,2016-06-21, Deep Silver,1.6,137000,137000, Platform,907000,5000,263000,71000,15469,WiiU,Deep Silver,0.01,0.01,0.0,0.0,0.02
Mighty No. 9,2016-06-21, Deep Silver,1.6,137000,137000, Platform,907000,5000,263000,71000,16565,XOne,Deep Silver,0.01,0.0,0.0,0.0,0.01
Mighty No. 9,2016-06-21,Inti Creates,1.6,137000,137000, Shooter,907000,5000,263000,71000,13437,PS4,Deep Silver,0.04,0.0,0.0,0.01,0.05
Mighty No. 9,2016-06-21,Inti Creates,1.6,137000,137000, Shooter,907000,5000,263000,71000,15469,WiiU,Deep Silver,0.01,0.01,0.0,0.0,0.02
Mighty No. 9,2016-06-21,Inti Creates,1.6,137000,137000, Shooter,907000,5000,263000,71000,16565,XOne,Deep Silver,0.01,0.0,0.0,0.0,0.01
Mighty No. 9,2016-06-21, Deep Silver,1.6,137000,137000, Shooter,907000,5000,263000,71000,13437,PS4,Deep Silver,0.04,0.0,0.0,0.01,0.05
Mighty No. 9,2016-06-21, Deep Silver,1.6,137000,137000, Shooter,907000,5000,263000,71000,15469,WiiU,Deep Silver,0.01,0.01,0.0,0.0,0.02
Mighty No. 9,2016-06-21, Deep Silver,1.6,137000,137000, Shooter,907000,5000,263000,71000,16565,XOne,Deep Silver,0.01,0.0,0.0,0.0,0.01
Dragon Ball GT: Final Bout,1997-08-21,Tose,1.8,83000,83000,Fighting,1200,2000,39000,23000,6290,PS,Namco Bandai Games,0.02,0.02,0.22,0.02,0.27
Dragon Ball GT: Final Bout,1997-08-21, Bandai,1.8,83000,83000,Fighting,1200,2000,39000,23000,6290,PS,Namco Bandai Games,0.02,0.02,0.22,0.02,0.27
Killzone 3,2011-02-22,Guerrilla Games,3.1,155000,155000,Shooter,1300,6000,249000,91000,529,PS3,Sony Computer Entertainment,1.45,0.88,0.09,0.38,2.79
Killzone 3,2011-02-22, Sony Computer Entertainment,3.1,155000,155000,Shooter,1300,6000,249000,91000,529,PS3,Sony Computer Entertainment,1.45,0.88,0.09,0.38,2.79
Killzone 3,2011-02-22, Inc. (SCEI),3.1,155000,155000,Shooter,1300,6000,249000,91000,529,PS3,Sony Computer Entertainment,1.45,0.88,0.09,0.38,2.79
The Godfather,2006-03-21,Electronic Arts,3.6,121000,121000,Adventure,1100,2000,196000,136000,1885,PS2,Electronic Arts,0.89,0.03,0.01,0.15,1.09
The Godfather,2006-03-21, EA Redwood Shores,3.6,121000,121000,Adventure,1100,2000,196000,136000,1885,PS2,Electronic Arts,0.89,0.03,0.01,0.15,1.09
The Godfather,2006-03-21,Electronic Arts,3.6,121000,121000, Racing,1100,2000,196000,136000,1885,PS2,Electronic Arts,0.89,0.03,0.01,0.15,1.09
The Godfather,2006-03-21, EA Redwood Shores,3.6,121000,121000, Racing,1100,2000,196000,136000,1885,PS2,Electronic Arts,0.89,0.03,0.01,0.15,1.09
The Godfather,2006-03-21,Electronic Arts,3.6,121000,121000, Shooter,1100,2000,196000,136000,1885,PS2,Electronic Arts,0.89,0.03,0.01,0.15,1.09
The Godfather,2006-03-21, EA Redwood Shores,3.6,121000,121000, Shooter,1100,2000,196000,136000,1885,PS2,Electronic Arts,0.89,0.03,0.01,0.15,1.09
Billy Hatcher and the Giant Egg,2003-09-23,Sonic Team,3.1,133000,133000,Platform,797000,12000,322000,212000,6668,GC,Sega,0.19,0.05,0.0,0.01,0.25
Billy Hatcher and the Giant Egg,2003-09-23, Sega,3.1,133000,133000,Platform,797000,12000,322000,212000,6668,GC,Sega,0.19,0.05,0.0,0.01,0.25
Tekken Tag Tournament 2,2011-09-14,Bandai Namco Entertainment,3.8,211000,211000,Fighting,1700,7000,140000,95000,2372,PS3,Namco Bandai Games,0.28,0.33,0.13,0.14,0.88
Tekken Tag Tournament 2,2011-09-14,Bandai Namco Entertainment,3.8,211000,211000,Fighting,1700,7000,140000,95000,5283,X360,Namco Bandai Games,0.19,0.12,0.01,0.03,0.35
Tekken Tag Tournament 2,2011-09-14,Bandai Namco Entertainment,3.8,211000,211000,Fighting,1700,7000,140000,95000,7980,WiiU,Namco Bandai Games,0.09,0.07,0.01,0.01,0.19
Back to the Future: The Game,2010-12-22,Telltale Games,3.2,94000,94000,Adventure,763000,5000,223000,67000,8234,PS4,Telltale Games,0.1,0.04,0.0,0.03,0.17
Back to the Future: The Game,2010-12-22,Telltale Games,3.2,94000,94000,Adventure,763000,5000,223000,67000,11134,PS3,Telltale Games,0.07,0.01,0.0,0.01,0.09
Back to the Future: The Game,2010-12-22,Telltale Games,3.2,94000,94000,Adventure,763000,5000,223000,67000,12592,Wii,Telltale Games,0.05,0.0,0.0,0.0,0.06
Back to the Future: The Game,2010-12-22,Telltale Games,3.2,94000,94000,Adventure,763000,5000,223000,67000,14876,X360,Telltale Games,0.02,0.01,0.0,0.0,0.03
Back to the Future: The Game,2010-12-22,Telltale Games,3.2,94000,94000,Adventure,763000,5000,223000,67000,15710,XOne,Telltale Games,0.0,0.02,0.0,0.0,0.02
Back to the Future: The Game,2010-12-22,Telltale Games,3.2,94000,94000, Point-and-Click,763000,5000,223000,67000,8234,PS4,Telltale Games,0.1,0.04,0.0,0.03,0.17
Back to the Future: The Game,2010-12-22,Telltale Games,3.2,94000,94000, Point-and-Click,763000,5000,223000,67000,11134,PS3,Telltale Games,0.07,0.01,0.0,0.01,0.09
Back to the Future: The Game,2010-12-22,Telltale Games,3.2,94000,94000, Point-and-Click,763000,5000,223000,67000,12592,Wii,Telltale Games,0.05,0.0,0.0,0.0,0.06
Back to the Future: The Game,2010-12-22,Telltale Games,3.2,94000,94000, Point-and-Click,763000,5000,223000,67000,14876,X360,Telltale Games,0.02,0.01,0.0,0.0,0.03
Back to the Future: The Game,2010-12-22,Telltale Games,3.2,94000,94000, Point-and-Click,763000,5000,223000,67000,15710,XOne,Telltale Games,0.0,0.02,0.0,0.0,0.02
Dragon's Dogma,2012-05-22,Capcom,3.7,210000,210000,Brawler,1100,45000,487000,206000,979,PS3,Capcom,0.41,0.46,0.72,0.19,1.78
Dragon's Dogma,2012-05-22,Capcom,3.7,210000,210000,Brawler,1100,45000,487000,206000,2583,X360,Capcom,0.42,0.24,0.07,0.06,0.8
Dragon's Dogma,2012-05-22,Capcom,3.7,210000,210000, RPG,1100,45000,487000,206000,979,PS3,Capcom,0.41,0.46,0.72,0.19,1.78
Dragon's Dogma,2012-05-22,Capcom,3.7,210000,210000, RPG,1100,45000,487000,206000,2583,X360,Capcom,0.42,0.24,0.07,0.06,0.8
The LEGO Movie Videogame,2014-02-04,WB Games,2.8,184000,184000,Adventure,1700,11000,239000,73000,1490,X360,Warner Bros. Interactive Entertainment,0.69,0.52,0.0,0.11,1.32
The LEGO Movie Videogame,2014-02-04,WB Games,2.8,184000,184000,Adventure,1700,11000,239000,73000,2053,PS3,Warner Bros. Interactive Entertainment,0.33,0.48,0.02,0.18,1.01
The LEGO Movie Videogame,2014-02-04,WB Games,2.8,184000,184000,Adventure,1700,11000,239000,73000,2944,3DS,Warner Bros. Interactive Entertainment,0.28,0.31,0.05,0.05,0.69
The LEGO Movie Videogame,2014-02-04,WB Games,2.8,184000,184000,Adventure,1700,11000,239000,73000,3030,PS4,Warner Bros. Interactive Entertainment,0.24,0.31,0.01,0.11,0.67
The LEGO Movie Videogame,2014-02-04,WB Games,2.8,184000,184000,Adventure,1700,11000,239000,73000,3056,WiiU,Warner Bros. Interactive Entertainment,0.35,0.23,0.03,0.06,0.66
The LEGO Movie Videogame,2014-02-04,WB Games,2.8,184000,184000,Adventure,1700,11000,239000,73000,3884,XOne,Warner Bros. Interactive Entertainment,0.34,0.13,0.0,0.04,0.51
The LEGO Movie Videogame,2014-02-04,WB Games,2.8,184000,184000,Adventure,1700,11000,239000,73000,4734,PSV,Warner Bros. Interactive Entertainment,0.05,0.26,0.0,0.09,0.41
The LEGO Movie Videogame,2014-02-04,WB Games,2.8,184000,184000,Adventure,1700,11000,239000,73000,12266,PC,Warner Bros. Interactive Entertainment,0.02,0.04,0.0,0.01,0.06
The LEGO Movie Videogame,2014-02-04, TT Fusion,2.8,184000,184000,Adventure,1700,11000,239000,73000,1490,X360,Warner Bros. Interactive Entertainment,0.69,0.52,0.0,0.11,1.32
The LEGO Movie Videogame,2014-02-04, TT Fusion,2.8,184000,184000,Adventure,1700,11000,239000,73000,2053,PS3,Warner Bros. Interactive Entertainment,0.33,0.48,0.02,0.18,1.01
The LEGO Movie Videogame,2014-02-04, TT Fusion,2.8,184000,184000,Adventure,1700,11000,239000,73000,2944,3DS,Warner Bros. Interactive Entertainment,0.28,0.31,0.05,0.05,0.69
The LEGO Movie Videogame,2014-02-04, TT Fusion,2.8,184000,184000,Adventure,1700,11000,239000,73000,3030,PS4,Warner Bros. Interactive Entertainment,0.24,0.31,0.01,0.11,0.67
The LEGO Movie Videogame,2014-02-04, TT Fusion,2.8,184000,184000,Adventure,1700,11000,239000,73000,3056,WiiU,Warner Bros. Interactive Entertainment,0.35,0.23,0.03,0.06,0.66
The LEGO Movie Videogame,2014-02-04, TT Fusion,2.8,184000,184000,Adventure,1700,11000,239000,73000,3884,XOne,Warner Bros. Interactive Entertainment,0.34,0.13,0.0,0.04,0.51
The LEGO Movie Videogame,2014-02-04, TT Fusion,2.8,184000,184000,Adventure,1700,11000,239000,73000,4734,PSV,Warner Bros. Interactive Entertainment,0.05,0.26,0.0,0.09,0.41
The LEGO Movie Videogame,2014-02-04, TT Fusion,2.8,184000,184000,Adventure,1700,11000,239000,73000,12266,PC,Warner Bros. Interactive Entertainment,0.02,0.04,0.0,0.01,0.06
The LEGO Movie Videogame,2014-02-04,WB Games,2.8,184000,184000, Puzzle,1700,11000,239000,73000,1490,X360,Warner Bros. Interactive Entertainment,0.69,0.52,0.0,0.11,1.32
The LEGO Movie Videogame,2014-02-04,WB Games,2.8,184000,184000, Puzzle,1700,11000,239000,73000,2053,PS3,Warner Bros. Interactive Entertainment,0.33,0.48,0.02,0.18,1.01
The LEGO Movie Videogame,2014-02-04,WB Games,2.8,184000,184000, Puzzle,1700,11000,239000,73000,2944,3DS,Warner Bros. Interactive Entertainment,0.28,0.31,0.05,0.05,0.69
The LEGO Movie Videogame,2014-02-04,WB Games,2.8,184000,184000, Puzzle,1700,11000,239000,73000,3030,PS4,Warner Bros. Interactive Entertainment,0.24,0.31,0.01,0.11,0.67
The LEGO Movie Videogame,2014-02-04,WB Games,2.8,184000,184000, Puzzle,1700,11000,239000,73000,3056,WiiU,Warner Bros. Interactive Entertainment,0.35,0.23,0.03,0.06,0.66
The LEGO Movie Videogame,2014-02-04,WB Games,2.8,184000,184000, Puzzle,1700,11000,239000,73000,3884,XOne,Warner Bros. Interactive Entertainment,0.34,0.13,0.0,0.04,0.51
The LEGO Movie Videogame,2014-02-04,WB Games,2.8,184000,184000, Puzzle,1700,11000,239000,73000,4734,PSV,Warner Bros. Interactive Entertainment,0.05,0.26,0.0,0.09,0.41
The LEGO Movie Videogame,2014-02-04,WB Games,2.8,184000,184000, Puzzle,1700,11000,239000,73000,12266,PC,Warner Bros. Interactive Entertainment,0.02,0.04,0.0,0.01,0.06
The LEGO Movie Videogame,2014-02-04, TT Fusion,2.8,184000,184000, Puzzle,1700,11000,239000,73000,1490,X360,Warner Bros. Interactive Entertainment,0.69,0.52,0.0,0.11,1.32
The LEGO Movie Videogame,2014-02-04, TT Fusion,2.8,184000,184000, Puzzle,1700,11000,239000,73000,2053,PS3,Warner Bros. Interactive Entertainment,0.33,0.48,0.02,0.18,1.01
The LEGO Movie Videogame,2014-02-04, TT Fusion,2.8,184000,184000, Puzzle,1700,11000,239000,73000,2944,3DS,Warner Bros. Interactive Entertainment,0.28,0.31,0.05,0.05,0.69
The LEGO Movie Videogame,2014-02-04, TT Fusion,2.8,184000,184000, Puzzle,1700,11000,239000,73000,3030,PS4,Warner Bros. Interactive Entertainment,0.24,0.31,0.01,0.11,0.67
The LEGO Movie Videogame,2014-02-04, TT Fusion,2.8,184000,184000, Puzzle,1700,11000,239000,73000,3056,WiiU,Warner Bros. Interactive Entertainment,0.35,0.23,0.03,0.06,0.66
The LEGO Movie Videogame,2014-02-04, TT Fusion,2.8,184000,184000, Puzzle,1700,11000,239000,73000,3884,XOne,Warner Bros. Interactive Entertainment,0.34,0.13,0.0,0.04,0.51
The LEGO Movie Videogame,2014-02-04, TT Fusion,2.8,184000,184000, Puzzle,1700,11000,239000,73000,4734,PSV,Warner Bros. Interactive Entertainment,0.05,0.26,0.0,0.09,0.41
The LEGO Movie Videogame,2014-02-04, TT Fusion,2.8,184000,184000, Puzzle,1700,11000,239000,73000,12266,PC,Warner Bros. Interactive Entertainment,0.02,0.04,0.0,0.01,0.06
